-- MySQL Administrator dump 1.4
--
-- ------------------------------------------------------
-- Server version	5.5.8-log


/*!40101 SET @OLD_CHARACTER_SET_CLIENT=@@CHARACTER_SET_CLIENT */;
/*!40101 SET @OLD_CHARACTER_SET_RESULTS=@@CHARACTER_SET_RESULTS */;
/*!40101 SET @OLD_COLLATION_CONNECTION=@@COLLATION_CONNECTION */;
/*!40101 SET NAMES utf8 */;

/*!40014 SET @OLD_UNIQUE_CHECKS=@@UNIQUE_CHECKS, UNIQUE_CHECKS=0 */;
/*!40014 SET @OLD_FOREIGN_KEY_CHECKS=@@FOREIGN_KEY_CHECKS, FOREIGN_KEY_CHECKS=0 */;
/*!40101 SET @OLD_SQL_MODE=@@SQL_MODE, SQL_MODE='NO_AUTO_VALUE_ON_ZERO' */;


--
-- Create schema aptonlineeight
--

CREATE DATABASE IF NOT EXISTS aptonlineeight;
USE aptonlineeight;

--
-- Definition of table `aa_link`
--

DROP TABLE IF EXISTS `aa_link`;
CREATE TABLE `aa_link` (
  `link_id` int(10) unsigned NOT NULL AUTO_INCREMENT,
  `link_text` varchar(1000) NOT NULL DEFAULT ' ',
  `link_url` varchar(1000) NOT NULL DEFAULT ' ',
  `order_no` int(11) NOT NULL DEFAULT '0',
  `is_active` tinyint(1) NOT NULL DEFAULT '1',
  PRIMARY KEY (`link_id`)
) ENGINE=InnoDB DEFAULT CHARSET=latin1;

--
-- Dumping data for table `aa_link`
--

/*!40000 ALTER TABLE `aa_link` DISABLE KEYS */;
/*!40000 ALTER TABLE `aa_link` ENABLE KEYS */;


--
-- Definition of table `aa_make_score`
--

DROP TABLE IF EXISTS `aa_make_score`;
CREATE TABLE `aa_make_score` (
  `report_id` int(10) unsigned NOT NULL AUTO_INCREMENT,
  `report_name` varchar(100) NOT NULL DEFAULT ' ',
  `test_papers` varchar(2000) NOT NULL DEFAULT ' ',
  `field_list` varchar(1000) NOT NULL DEFAULT ' ',
  `field_caption` varchar(1000) NOT NULL DEFAULT ' ',
  `user_list` varchar(8000) NOT NULL,
  `is_active` tinyint(1) NOT NULL DEFAULT '1',
  PRIMARY KEY (`report_id`)
) ENGINE=InnoDB AUTO_INCREMENT=16 DEFAULT CHARSET=latin1;

--
-- Dumping data for table `aa_make_score`
--

/*!40000 ALTER TABLE `aa_make_score` DISABLE KEYS */;
INSERT INTO `aa_make_score` (`report_id`,`report_name`,`test_papers`,`field_list`,`field_caption`,`user_list`,`is_active`) VALUES 
 (15,'Assessment Test #001','Assessment Test #001','sno, fullname, answered_1, score_1, attendance_1, TestStartedAt_1, TimeSpent_1, username','S. No., Name of Student, Qns Answered (Out of ~qn_count~), Score (Out of ~qn_count~), Attendance, Test Started At, Time Spent (Max ~time_limit~ mins), Login User ID','*',1);
/*!40000 ALTER TABLE `aa_make_score` ENABLE KEYS */;


--
-- Definition of table `aa_mkrpt_field`
--

DROP TABLE IF EXISTS `aa_mkrpt_field`;
CREATE TABLE `aa_mkrpt_field` (
  `field_id` int(10) unsigned NOT NULL AUTO_INCREMENT,
  `field_name` varchar(250) NOT NULL DEFAULT ' ',
  `field_list` varchar(1000) NOT NULL DEFAULT ' ',
  `field_caption` varchar(1000) NOT NULL DEFAULT ' ',
  `is_active` tinyint(1) NOT NULL DEFAULT '1',
  PRIMARY KEY (`field_id`)
) ENGINE=InnoDB AUTO_INCREMENT=11 DEFAULT CHARSET=latin1;

--
-- Dumping data for table `aa_mkrpt_field`
--

/*!40000 ALTER TABLE `aa_mkrpt_field` DISABLE KEYS */;
INSERT INTO `aa_mkrpt_field` (`field_id`,`field_name`,`field_list`,`field_caption`,`is_active`) VALUES 
 (1,'Single Test Paper - Login ID at Last','sno, fullname, answered_1, score_1, attendance_1, username','S. No., Name of Student, Qns Answered (Out of ~qn_count~), Score (Out of ~qn_count~), Attendance, Login User ID',0),
 (2,'Single Test Paper - Test Started At(OFF), Time Spent, Login ID Bef Name','sno, username, fullname, answered_1, score_1, attendance_1, TimeSpent_1','S. No., Login ID, Name of Student, Qns Answered (Out of ~qn_count~), Score (Out of ~qn_count~), Attendance, Time Spent (Max ~time_limit~ mins)',0),
 (3,'Two Test Paper - Test Started At, Time Spent, Login ID at Last','sno, fullname, answered_1, score_1, attendance_1, TestStartedAt_1, TimeSpent_1, answered_2, score_2, attendance_2, TestStartedAt_2, TimeSpent_2, username','S. No., Name of Student, Qns Answered (Out of ~qn_count~), Score (Out of ~qn_count~), Attendance, Test Started At, Time Spent (Max ~time_limit~ mins), Qns Answered (Out of ~qn_count~), Score (Out of ~qn_count~), Attendance, Test Started At, Time Spent (Max ~time_limit~ mins), Login User ID',0),
 (4,'Three Test Paper - Test Started At(OFF), Time Spent, Login ID at Last','sno, username, fullname, answered_1, score_1, attendance_1, TimeSpent_1, answered_2, score_2, attendance_2, TimeSpent_2, answered_3, score_3, attendance_3, TimeSpent_3','S. No., Login ID, Name of Student, Qns Answered (Out of ~qn_count~), Score (Out of ~qn_count~), Attendance, Time Spent (Max ~time_limit~ mins), Qns Answered (Out of ~qn_count~), Score (Out of ~qn_count~), Attendance, Time Spent (Max ~time_limit~ mins), Qns Answered (Out of ~qn_count~), Score (Out of ~qn_count~), Attendance, Time Spent (Max ~time_limit~ mins)',0),
 (5,'Seven Test Paper - Scores Only, Login ID at Last','sno, fullname, score_1, score_2, score_3, score_4, score_5, score_6, score_7, username','S. No., Name of Student, Score (Out of ~qn_count~), Score (Out of ~qn_count~), Score (Out of ~qn_count~), Score (Out of ~qn_count~), Score (Out of ~qn_count~), Score (Out of ~qn_count~), Score (Out of ~qn_count~), Login User ID',0),
 (6,'Four Test Paper - Test Started At, Time Spent, Login ID Bef Name','sno, fullname, answered_1, score_1, attendance_1, TestStartedAt_1, TimeSpent_1, answered_2, score_2, attendance_2, TestStartedAt_2, TimeSpent_2, answered_3, score_3, attendance_3, TestStartedAt_3, TimeSpent_3, answered_4, score_4, attendance_4, TestStartedAt_4, TimeSpent_4, username','S. No., Name of Student, Qns Answered (Out of ~qn_count~), Score (Out of ~qn_count~), Attendance, Test Started At, Time Spent (Max ~time_limit~ mins), Qns Answered (Out of ~qn_count~), Score (Out of ~qn_count~), Attendance, Test Started At, Time Spent (Max ~time_limit~ mins), Qns Answered (Out of ~qn_count~), Score (Out of ~qn_count~), Attendance, Test Started At, Time Spent (Max ~time_limit~ mins), Qns Answered (Out of ~qn_count~), Score (Out of ~qn_count~), Attendance, Test Started At, Time Spent (Max ~time_limit~ mins), Login User ID',0),
 (7,'Analysis - Three Test Paper - (+Remark) Test Started At, Time Spent, Login ID Bef Name','sno, username, fullname, answered_1, score_1, attendance_1, TimeSpent_1, TimePer_1, ScorePer_1, Remark_1, answered_2, score_2, attendance_2, TimeSpent_2, TimePer_1, ScorePer_1, Remark_2, answered_3, score_3, attendance_3, TimeSpent_3, TimePer_1, ScorePer_1, Remark_3','S. No., Login ID, Name of Student, Qns Answered (Out of ~qn_count~), Score (Out of ~qn_count~), Attendance, Time Spent (Max ~time_limit~ mins), Time %(Max 100%), Score %(Max 100%), Remark, Qns Answered (Out of ~qn_count~), Score (Out of ~qn_count~), Attendance, Time Spent (Max ~time_limit~ mins), Time %(Max 100%), Score %(Max 100%), Remark, Qns Answered (Out of ~qn_count~), Score (Out of ~qn_count~), Attendance, Time Spent (Max ~time_limit~ mins),Time %(Max 100%), Score %(Max 100%), Remark',0),
 (8,'Analysis + Rule - Three Test Paper - (+Rule For Remark +Remark) Test Started At, Time Spent, Login ID Bef Name','sno, username, fullname, answered_1, score_1, attendance_1, TimeSpent_1, TimePer_1, ScorePer_1, RuleRemark_1, Remark_1, answered_2, score_2, attendance_2, TimeSpent_2, TimePer_2, ScorePer_2, RuleRemark_2, Remark_2, answered_3, score_3, attendance_3, TimeSpent_3, TimePer_3, ScorePer_3, RuleRemark_3, Remark_3','S. No., Login ID, Name of Student, Qns Answered (Out of ~qn_count~), Score (Out of ~qn_count~), Attendance, Time Spent (Max ~time_limit~ mins), Time %(Max 100%), Score %(Max 100%), Rule For Remark, Remark, Qns Answered (Out of ~qn_count~), Score (Out of ~qn_count~), Attendance, Time Spent (Max ~time_limit~ mins), Time %(Max 100%), Score %(Max 100%), Rule For Remark, Remark, Qns Answered (Out of ~qn_count~), Score (Out of ~qn_count~), Attendance, Time Spent (Max ~time_limit~ mins),Time %(Max 100%), Score %(Max 100%), Rule For Remark, Remark',0),
 (9,'Analysis + Rule - One Test Paper - (+Rule For Remark +Remark) Test Started At, Time Spent, Login ID Bef Name','sno, username, fullname, answered_1, score_1, attendance_1, TimeSpent_1, TimePer_1, ScorePer_1, RuleRemark_1, Remark_1','S. No., Login ID, Name of Student, Qns Answered (Out of ~qn_count~), Score (Out of ~qn_count~), Attendance, Time Spent (Max ~time_limit~ mins), Time %(Max 100%), Score %(Max 100%), Rules For Remark, Remarks',1),
 (10,'Analysis + Rule - Four Test Paper - (+Rule For Remark +Remark) Test Started At, Time Spent, Login ID Bef Name','sno, username, fullname, answered_1, score_1, attendance_1, TimeSpent_1, TimePer_1, ScorePer_1, RuleRemark_1, Remark_1, answered_2, score_2, attendance_2, TimeSpent_2, TimePer_2, ScorePer_2, RuleRemark_2, Remark_2, answered_3, score_3, attendance_3, TimeSpent_3, TimePer_3, ScorePer_3, RuleRemark_3, Remark_3, answered_4, score_4, attendance_4, TimeSpent_4, TimePer_4, ScorePer_4, RuleRemark_4, Remark_4','S. No., Login ID, Name of Student, Qns Answered (Out of ~qn_count~), Score (Out of ~qn_count~), Attendance, Time Spent (Max ~time_limit~ mins), Time %(Max 100%), Score %(Max 100%), Rule For Remark, Remark, Qns Answered (Out of ~qn_count~), Score (Out of ~qn_count~), Attendance, Time Spent (Max ~time_limit~ mins), Time %(Max 100%), Score %(Max 100%), Rule For Remark, Remark, Qns Answered (Out of ~qn_count~), Score (Out of ~qn_count~), Attendance, Time Spent (Max ~time_limit~ mins),Time %(Max 100%), Score %(Max 100%), Rule For Remark, Remark, Qns Answered (Out of ~qn_count~), Score (Out of ~qn_count~), Attendance, Time Spent (Max ~time_limit~ mins),Time %(Max 100%), Score %(Max 100%), Rule For Remark, Remark',0);
/*!40000 ALTER TABLE `aa_mkrpt_field` ENABLE KEYS */;


--
-- Definition of table `aa_mkrpt_usrgroup`
--

DROP TABLE IF EXISTS `aa_mkrpt_usrgroup`;
CREATE TABLE `aa_mkrpt_usrgroup` (
  `group_id` int(10) unsigned NOT NULL AUTO_INCREMENT,
  `group_name` varchar(250) NOT NULL DEFAULT ' ',
  `user_list` varchar(8000) NOT NULL,
  `is_active` tinyint(1) NOT NULL DEFAULT '1',
  PRIMARY KEY (`group_id`)
) ENGINE=InnoDB AUTO_INCREMENT=12 DEFAULT CHARSET=latin1;

--
-- Dumping data for table `aa_mkrpt_usrgroup`
--

/*!40000 ALTER TABLE `aa_mkrpt_usrgroup` DISABLE KEYS */;
INSERT INTO `aa_mkrpt_usrgroup` (`group_id`,`group_name`,`user_list`,`is_active`) VALUES 
 (2,'Ultra','*',0),
 (11,'Ultra','*',1);
/*!40000 ALTER TABLE `aa_mkrpt_usrgroup` ENABLE KEYS */;


--
-- Definition of table `aaaq_bridge_edit`
--

DROP TABLE IF EXISTS `aaaq_bridge_edit`;
CREATE TABLE `aaaq_bridge_edit` (
  `edit_id` int(11) NOT NULL AUTO_INCREMENT,
  `edit_number` int(11) NOT NULL,
  `src_text` longtext NOT NULL,
  `edited_text` longtext,
  `has_edited` int(11) DEFAULT '0',
  PRIMARY KEY (`edit_id`),
  UNIQUE KEY `edit_number` (`edit_number`)
) ENGINE=InnoDB AUTO_INCREMENT=11 DEFAULT CHARSET=latin1;

--
-- Dumping data for table `aaaq_bridge_edit`
--

/*!40000 ALTER TABLE `aaaq_bridge_edit` DISABLE KEYS */;
INSERT INTO `aaaq_bridge_edit` (`edit_id`,`edit_number`,`src_text`,`edited_text`,`has_edited`) VALUES 
 (1,1,'<div>\n	<p>\n		Get elements into 2 dimensional matrix. Print the element only if it is prime number.</p>\n	<div>\n		<strong>Input Format:</strong></div>\n	<p>\n		In the first line, get row and column value of a 2 dimensional matrix.</p>\n	<p>\n		In second line, get the list of values.</p>\n	<div>\n		<strong>Output Format:</strong></div>\n	<p>\n		In the second line, Print only prime numbers from the matrix.</p>\n	<div>\n		<strong>Note (Important Instruction):</strong></div>\n	<p>\n		1. Do not give extra text during input and output, other than in the test cases.</p>\n	<p>\n		2. Write a function called <strong>findprime()</strong>, to find the prime numbers from the matrix and there is no negative prime number.</p>\n	<p>\n		3.&nbsp;Array size should not exceed 5 x 5.</p>\n</div>\n<div><strong>Test Case 1</strong></div><div  style=\"margin-left:0.5in;\">\n    <div><strong>Input</strong></div>\n   <div>\n    <pre>3 2\n10 6 5 8 7 2</pre>\n    </div>\n    <div>\n     <strong>Output</strong></div>\n    <div>\n     <pre>5 7 2 </pre>\n     </div>\n    </div><div><strong>Test Case 2</strong></div><div  style=\"margin-left:0.5in;\">\n    <div><strong>Input</strong></div>\n   <div>\n    <pre>3 3\n8 12 13 9 7 29 2 5 25</pre>\n    </div>\n    <div>\n     <strong>Output</strong></div>\n    <div>\n     <pre>13 7 29 2 5 </pre>\n     </div>\n    </div>','<div>\n	<p>\n		Get two strings from the user as input and check anagram or not.</p>\n	<div>\n		<strong>Input Format:</strong></div>\n	<p>\n		In the first line, get one string.</p>\n	<p>\n		In second line, get another string.</p>\n	<div>\n		<strong>Output Format:</strong></div>\n	<p>\n		Print the string is anagram or not.</p>\n	<div>\n		<strong>Note (Important Instruction):</strong></div>\n	<p>\n		1. Do not give extra text during input and output, other than in the test cases.</p>\n	<p>\n		2. After getting two strings, sort the two strings character sequence using sort() function and compare two strings using compare() if the two strings are equal only. Otherwise don&rsquo;t start the process.</p>\n	<p>\n		3.&nbsp;String.h is not permitted. String maximum length is 20.</p>\n</div>\n<div>\n	<strong>Test Case 1</strong></div>\n<div style=\"margin-left:0.5in;\">\n	<div>\n		<strong>Input</strong></div>\n	<div>\n		<pre>\n3 2\n10 6 5 8 7 2</pre>\n	</div>\n	<div>\n		<strong>Output</strong></div>\n	<div>\n		<pre>\n5 7 2 </pre>\n	</div>\n</div>\n<div>\n	<strong>Test Case 2</strong></div>\n<div style=\"margin-left:0.5in;\">\n	<div>\n		<strong>Input</strong></div>\n	<div>\n		<pre>\n3 3\n8 12 13 9 7 29 2 5 25</pre>\n	</div>\n	<div>\n		<strong>Output</strong></div>\n	<div>\n		<pre>\n13 7 29 2 5 </pre>\n	</div>\n</div>\n<p>\n	&nbsp;</p>\n',1),
 (2,2,'<div>\n	<p>\n		Get the positive integer from the user and find the number is perfect square root or not.</p>\n	<div>\n		<strong>Input Format:</strong></div>\n	<p>\n		In the first line, get one positive integer.</p>\n	<div>\n		<strong>Output Format:</strong></div>\n	<p>\n		In the second line, Print perfect square or not.</p>\n	<div>\n		<strong>Note (Important Instruction):</strong></div>\n	<p>\n		1. Do not give extra text during input and output, other than in the test cases.</p>\n	<p>\n		2. Write a function called <strong>checksqrt()</strong> and pass one positive integer as an argument. Check that number is perfect square root or not. If it is so, print <strong>Perfect Square root</strong>. Otherwise, print -1.</p>\n</div>\n<div><strong>Test Case 1</strong></div><div  style=\"margin-left:0.5in;\">\n    <div><strong>Input</strong></div>\n   <div>\n    <pre>16</pre>\n    </div>\n    <div>\n     <strong>Output</strong></div>\n    <div>\n     <pre>Perfect Square root</pre>\n     </div>\n    </div><div><strong>Test Case 2</strong></div><div  style=\"margin-left:0.5in;\">\n    <div><strong>Input</strong></div>\n   <div>\n    <pre>10</pre>\n    </div>\n    <div>\n     <strong>Output</strong></div>\n    <div>\n     <pre>-1</pre>\n     </div>\n    </div>','<div>\n	<p>\n		Get list of values into an array and find perfect square root number or not.</p>\n	<div>\n		<strong>Input Format:</strong></div>\n	<p>\n		In the first line, get one positive integer that indicates no of elements.</p>\n	<p>\n		In second line give list of values one by one.</p>\n	<div>\n		<strong>Output Format:</strong></div>\n	<p>\n		In the third line, Print the perfect square root numbers.</p>\n	<div>\n		<strong>Note (Important Instruction):</strong></div>\n	<p>\n		1. Do not give extra text during input and output, other than in the test cases.</p>\n	<p>\n		2. Get values one by one. After getting all the values, that must be passed to one function called checksquareroot(). If the number is perfect square root then print the number otherwise don&rsquo;t print that number. If there is no perfect number in that list print -1.</p>\n</div>\n<div>\n	<strong>Test Case 1</strong></div>\n<div style=\"margin-left:0.5in;\">\n	<div>\n		<strong>Input</strong></div>\n	<div>\n		<pre>\n16</pre>\n	</div>\n	<div>\n		<strong>Output</strong></div>\n	<div>\n		<pre>\nPerfect Square root</pre>\n	</div>\n</div>\n<div>\n	<strong>Test Case 2</strong></div>\n<div style=\"margin-left:0.5in;\">\n	<div>\n		<strong>Input</strong></div>\n	<div>\n		<pre>\n10</pre>\n	</div>\n	<div>\n		<strong>Output</strong></div>\n	<div>\n		<pre>\n-1</pre>\n	</div>\n</div>\n<p>\n	&nbsp;</p>\n',1),
 (3,3,'<div>\n	<p>\n		Two numbers are entered through the keyboard. Write a program to find the value of one number raised to the power of another.</p>\n	<div>\n		<strong>Input Format:</strong></div>\n	<p>\n		In the first line, get two integers.</p>\n	<div>\n		<strong>Output Format:</strong></div>\n	<p>\n		In second line,&nbsp;Print the power(a,b).</p>\n	<div>\n		<strong>Note (Important Instruction):</strong></div>\n	<p>\n		1. Do not give extra text during input and output, other than in the test cases.</p>\n	<p>\n		2. Find the power(a,b) without using pow() in math.h&nbsp;</p>\n	<p>\n		3. You have to write a program using function called power() and you have to pass two arguments. First argument is the base value and second argument is power value.</p>\n	<p>\n		4. Positive and negative values are applicable.</p>\n</div>\n<div><strong>Test Case 1</strong></div><div  style=\"margin-left:0.5in;\">\n    <div><strong>Input</strong></div>\n   <div>\n    <pre>2 3</pre>\n    </div>\n    <div>\n     <strong>Output</strong></div>\n    <div>\n     <pre>8</pre>\n     </div>\n    </div><div><strong>Test Case 2</strong></div><div  style=\"margin-left:0.5in;\">\n    <div><strong>Input</strong></div>\n   <div>\n    <pre>2 -3</pre>\n    </div>\n    <div>\n     <strong>Output</strong></div>\n    <div>\n     <pre>0.12</pre>\n     </div>\n    </div>','<div>\n	<p>\n		Get the marks of the student and find the maximum mark.</p>\n	<div>\n		<strong>Input Format:</strong></div>\n	<p>\n		In the first line, get one positive integer, that indicates no of elements.</p>\n	<p>\n		In second line give the list of values.</p>\n	<div>\n		<strong>Output Format:</strong></div>\n	<p>\n		Print the maximum value from the list.</p>\n	<div>\n		<strong>Note (Important Instruction):</strong></div>\n	<p>\n		1. Do not give extra text during input and output, other than in the test cases.</p>\n	<p>\n		2. Allocates n memory allocations dynamically and get the values. Then find the maximum value from the list&nbsp;</p>\n	<p>\n		3. Maximum no of elements should not exceed 100.</p>\n</div>\n<div>\n	<strong>Test Case 1</strong></div>\n<div style=\"margin-left:0.5in;\">\n	<div>\n		<strong>Input</strong></div>\n	<div>\n		<pre>\n2 3</pre>\n	</div>\n	<div>\n		<strong>Output</strong></div>\n	<div>\n		<pre>\n8</pre>\n	</div>\n</div>\n<div>\n	<strong>Test Case 2</strong></div>\n<div style=\"margin-left:0.5in;\">\n	<div>\n		<strong>Input</strong></div>\n	<div>\n		<pre>\n2 -3</pre>\n	</div>\n	<div>\n		<strong>Output</strong></div>\n	<div>\n		<pre>\n0.12</pre>\n	</div>\n</div>\n<p>\n	&nbsp;</p>\n',1),
 (4,4,'<div>\n	<p>\n		Get two strings from the user as input and check anagram or not.</p>\n	<div>\n		<strong>Input Format:</strong></div>\n	<p>\n		In the first line, get one string.</p>\n	<p>\n		In second line, get another string.</p>\n	<div>\n		<strong>Output Format:</strong></div>\n	<p>\n		Print the string is anagram or not.</p>\n	<div>\n		<strong>Note (Important Instruction):</strong></div>\n	<p>\n		1. Do not give extra text during input and output, other than in the test cases.</p>\n	<p>\n		2. After getting two strings, sort the two strings character sequence using sort() function and compare two strings using compare() if the two strings are equal only. Otherwise don&rsquo;t start the process.</p>\n	<p>\n		3.String.h is not permitted. String maximum length is 20.</p>\n</div>\n<div><strong>Test Case 1</strong></div><div  style=\"margin-left:0.5in;\">\n    <div><strong>Input</strong></div>\n   <div>\n    <pre>Program\nrogpmar</pre>\n    </div>\n    <div>\n     <strong>Output</strong></div>\n    <div>\n     <pre>Not Anagram</pre>\n     </div>\n    </div><div><strong>Test Case 2</strong></div><div  style=\"margin-left:0.5in;\">\n    <div><strong>Input</strong></div>\n   <div>\n    <pre>abcd\nbdca</pre>\n    </div>\n    <div>\n     <strong>Output</strong></div>\n    <div>\n     <pre>Anagram</pre>\n     </div>\n    </div>','<div>\n	<p>\n		Get the list of values and print the unique values from the list.</p>\n	<div>\n		<strong>Input Format:</strong></div>\n	<p>\n		In the first line, get one positive integer, that indicates no. of elements.</p>\n	<p>\n		In second line, give the list of values.</p>\n	<div>\n		<strong>Output Format:</strong></div>\n	<p>\n		Print the unique values of the matrix.</p>\n	<div>\n		<strong>Note (Important Instruction):</strong></div>\n	<p>\n		1. Do not give extra text during input and output, other than in the test cases.</p>\n	<p>\n		2. Allocate the memory dynamically for n values. If matrix is having duplicate values, that values will be printed only once.</p>\n	<p>\n		3.You have to write a program using function removeduplicate() and you have to pass two arguments. First argument is array and second one is no of values.</p>\n	<p>\n		4.Array size should not exceed 100.</p>\n</div>\n<div>\n	<strong>Test Case 1</strong></div>\n<div style=\"margin-left:0.5in;\">\n	<div>\n		<strong>Input</strong></div>\n	<div>\n		<pre>\nProgram\nrogpmar</pre>\n	</div>\n	<div>\n		<strong>Output</strong></div>\n	<div>\n		<pre>\nNot Anagram</pre>\n	</div>\n</div>\n<div>\n	<strong>Test Case 2</strong></div>\n<div style=\"margin-left:0.5in;\">\n	<div>\n		<strong>Input</strong></div>\n	<div>\n		<pre>\nabcd\nbdca</pre>\n	</div>\n	<div>\n		<strong>Output</strong></div>\n	<div>\n		<pre>\nAnagram</pre>\n	</div>\n</div>\n<p>\n	&nbsp;</p>\n',1),
 (5,5,'<div>\n <p>\n  Get two marks from the user and find the two marks are equal or not.</p>\n <div>\n  <strong>Input Format:</strong></div>\n <p>\n  In the first line, get the input for two integers <strong>m1</strong> and <strong>m2</strong>.</p>\n <div>\n  <strong>Output Format:</strong></div>\n <p>\n  In the second line, print the output <strong>Equal</strong> or <strong>Not equal</strong></p>\n <div>\n  <strong>Note (Important Instruction):</strong></div>\n <p>\n  1. Do not give extra text during input and output, other than in the test cases.</p>\n <p>\n  2. Don&rsquo;t use relational operators for checking the condition.</p>\n</div>\n<div><strong>Test Case 1</strong></div><div  style=\"margin-left:0.5in;\"><div>\n   <strong>Input</strong></div>\n  <div>\n   <pre>10 12</pre>\n  </div>\n  <div>\n   <strong>Output</strong></div>\n  <div>\n   <pre>Not equal</pre>\n  </div>\n </div><div><strong>Test Case 2</strong></div><div  style=\"margin-left:0.5in;\"><div>\n   <strong>Input</strong></div>\n  <div>\n   <pre>2 2</pre>\n  </div>\n  <div>\n   <strong>Output</strong></div>\n  <div>\n   <pre>Equal</pre>\n  </div>\n </div>','<div>\n	<p>\n		Get the positive integer from the user and find the number is perfect square root or not.</p>\n	<div>\n		<strong>Input Format:</strong></div>\n	<p>\n		In the first line, get one positive integer.</p>\n	<div>\n		<strong>Output Format:</strong></div>\n	<p>\n		In the second line, Print perfect square or not.</p>\n	<div>\n		<strong>Note (Important Instruction):</strong></div>\n	<p>\n		1. Do not give extra text during input and output, other than in the test cases.</p>\n	<p>\n		2. Write a function called <strong>checksqrt()</strong> and pass one positive integer as an argument. Check that number is perfect square root or not. If it is so, print <strong>Perfect Square</strong> root. Otherwise, print -1.</p>\n</div>\n<div>\n	<strong>Test Case 1</strong></div>\n<div style=\"margin-left:0.5in;\">\n	<div>\n		<strong>Input</strong></div>\n	<div>\n		<pre>\n10 12</pre>\n	</div>\n	<div>\n		<strong>Output</strong></div>\n	<div>\n		<pre>\nNot equal</pre>\n	</div>\n</div>\n<div>\n	<strong>Test Case 2</strong></div>\n<div style=\"margin-left:0.5in;\">\n	<div>\n		<strong>Input</strong></div>\n	<div>\n		<pre>\n2 2</pre>\n	</div>\n	<div>\n		<strong>Output</strong></div>\n	<div>\n		<pre>\nEqual</pre>\n	</div>\n</div>\n<p>\n	&nbsp;</p>\n',1),
 (6,6,'<div>\n	<p>\n		Get the positive integer from the user and find the number is perfect square root or not.</p>\n	<div>\n		<strong>Input Format:</strong></div>\n	<p>\n		In the first line, get one positive integer.</p>\n	<div>\n		<strong>Output Format:</strong></div>\n	<p>\n		In the second line, Print perfect square or not.</p>\n	<div>\n		<strong>Note (Important Instruction):</strong></div>\n	<p>\n		1. Do not give extra text during input and output, other than in the test cases.</p>\n	<p>\n		2. Write a function called <strong>checksqrt()</strong> and pass one positive integer as an argument. Check that number is perfect square root or not. If it is so, print <strong>Perfect Square</strong> root. Otherwise, print -1.</p>\n</div>\n<div>\n	<strong>Test Case 1</strong></div>\n<div style=\"margin-left:0.5in;\">\n	<div>\n		<strong>Input</strong></div>\n	<div>\n		<pre>\n10 12</pre>\n	</div>\n	<div>\n		<strong>Output</strong></div>\n	<div>\n		<pre>\nNot equal</pre>\n	</div>\n</div>\n<div>\n	<strong>Test Case 2</strong></div>\n<div style=\"margin-left:0.5in;\">\n	<div>\n		<strong>Input</strong></div>\n	<div>\n		<pre>\n2 2</pre>\n	</div>\n	<div>\n		<strong>Output</strong></div>\n	<div>\n		<pre>\nEqual</pre>\n	</div>\n</div>\n<p>\n	&nbsp;</p>\n','<div>\n	<p>\n		Get the positive integer from the user and find the number is perfect square root or not.</p>\n	<div>\n		<strong>Input Format:</strong></div>\n	<p>\n		In the first line, get one positive integer.</p>\n	<div>\n		<strong>Output Format:</strong></div>\n	<p>\n		In the second line, Print perfect square or not.</p>\n	<div>\n		<strong>Note (Important Instruction):</strong></div>\n	<p>\n		1. Do not give extra text during input and output, other than in the test cases.</p>\n	<p>\n		2. Write a function called <strong>checksqrt()</strong> and pass one positive integer as an argument. Check that number is perfect square root or not. If it is so, print <strong>Perfect square root</strong>. Otherwise, print -1.</p>\n</div>\n<div>\n	<strong>Test Case 1</strong></div>\n<div style=\"margin-left:0.5in;\">\n	<div>\n		<strong>Input</strong></div>\n	<div>\n		<pre>\n10 12</pre>\n	</div>\n	<div>\n		<strong>Output</strong></div>\n	<div>\n		<pre>\nNot equal</pre>\n	</div>\n</div>\n<div>\n	<strong>Test Case 2</strong></div>\n<div style=\"margin-left:0.5in;\">\n	<div>\n		<strong>Input</strong></div>\n	<div>\n		<pre>\n2 2</pre>\n	</div>\n	<div>\n		<strong>Output</strong></div>\n	<div>\n		<pre>\nEqual</pre>\n	</div>\n</div>\n<p>\n	&nbsp;</p>\n',1),
 (7,7,'<div>\n	<p>\n		Get the positive integer from the user and find the number is perfect square root or not.</p>\n	<div>\n		<strong>Input Format:</strong></div>\n	<p>\n		In the first line, get one positive integer.</p>\n	<div>\n		<strong>Output Format:</strong></div>\n	<p>\n		In the second line, Print perfect square or not.</p>\n	<div>\n		<strong>Note (Important Instruction):</strong></div>\n	<p>\n		1. Do not give extra text during input and output, other than in the test cases.</p>\n	<p>\n		2. Write a function called <strong>checksqrt()</strong> and pass one positive integer as an argument. Check that number is perfect square root or not. If it is so, print <strong>Perfect square root</strong>. Otherwise, print -1.</p>\n</div>\n<div>\n	<strong>Test Case 1</strong></div>\n<div style=\"margin-left:0.5in;\">\n	<div>\n		<strong>Input</strong></div>\n	<div>\n		<pre>\n10 12</pre>\n	</div>\n	<div>\n		<strong>Output</strong></div>\n	<div>\n		<pre>\nNot equal</pre>\n	</div>\n</div>\n<div>\n	<strong>Test Case 2</strong></div>\n<div style=\"margin-left:0.5in;\">\n	<div>\n		<strong>Input</strong></div>\n	<div>\n		<pre>\n2 2</pre>\n	</div>\n	<div>\n		<strong>Output</strong></div>\n	<div>\n		<pre>\nEqual</pre>\n	</div>\n</div>\n<p>\n	&nbsp;</p>\n','<div>\n	<p>\n		Get the positive integer from the user and find the number is perfect square root or not.</p>\n	<div>\n		<strong>Input Format:</strong></div>\n	<p>\n		In the first line, get one positive integer.</p>\n	<div>\n		<strong>Output Format:</strong></div>\n	<p>\n		In the second line, Print perfect square or not.</p>\n	<div>\n		<strong>Note (Important Instruction):</strong></div>\n	<p>\n		1. Do not give extra text during input and output, other than in the test cases.</p>\n	<p>\n		2. Write a function called <strong>checksqrt()</strong> and pass one positive integer as an argument. Check that number is perfect square root or not. If it is so, print <strong>Perfect Square root</strong>. Otherwise, print -1.</p>\n</div>\n<div>\n	<strong>Test Case 1</strong></div>\n<div style=\"margin-left:0.5in;\">\n	<div>\n		<strong>Input</strong></div>\n	<div>\n		<pre>\n10 12</pre>\n	</div>\n	<div>\n		<strong>Output</strong></div>\n	<div>\n		<pre>\nNot equal</pre>\n	</div>\n</div>\n<div>\n	<strong>Test Case 2</strong></div>\n<div style=\"margin-left:0.5in;\">\n	<div>\n		<strong>Input</strong></div>\n	<div>\n		<pre>\n2 2</pre>\n	</div>\n	<div>\n		<strong>Output</strong></div>\n	<div>\n		<pre>\nEqual</pre>\n	</div>\n</div>\n<p>\n	&nbsp;</p>\n',1),
 (8,8,'<h2>\n        <strong>Test Organized by</strong></h2>\n    <h2 style=\"border-bottom: 1px solid #F4F5F7;margin-bottom:5px;padding-bottom:5px;\">\n        <span style=\"color:red\">Apt Training Resources</span></h2>\n    <h2>\n        <strong>Total number of questions: 10 Questions</strong></h2>\n    <h2>\n        <strong>Maximum Time Limit: 20 minutes</strong></h2>\n    <p style=\"border-top: 1px solid #F4F5F7;margin-top:5px;padding-top:5px;\">\n        Please click on the&nbsp;<strong>Continue</strong>&nbsp;button only after reading the instructions thoroughly.</p>\n    <p>\n        <strong><u>Instructions:</u></strong></p>\n    <p>\n        1. For every question, click the answer option &amp; then click the&nbsp;<strong>Save</strong>&nbsp;button to save the answer for that particular question. Clicking on the&nbsp;<strong>Save </strong>button is essential for the answer to be saved.</p>\n    <p>\n        2. Do not keep on pressing the&nbsp;<strong>Save </strong>button for the same question again &amp; again. Clicking once is enough.</p>\n    <p>\n        3. Clicking on the particular question number (available on the right side or bottom side) will take you directly to the particular question, but click it only after you have pressed the&nbsp;<strong>Save </strong>button for that question, that you are currently attending in the test.&nbsp;</p>\n    <p>\n        4. If after choosing the correct option, you click on the&nbsp;<strong>Previous</strong>&nbsp;button, instead of the&nbsp;<strong>Save </strong>button, even then answers will be saved. Don&rsquo;t worry.</p>\n    <p>\n        5. If you click the correct option and then click the&nbsp;<strong>Question number link</strong>&nbsp;in the right or in the bottom or if u click the <strong>Instruction page link</strong>, without pressing the&nbsp;<strong>Save </strong>button, answer won&rsquo;t be saved. Clicking on the&nbsp;<strong>Save </strong>button is essential for the answer to be saved.</p>\n    <p>\n        6. If you exceed the time limit for the test, the answers for which u have clicked the&nbsp;<strong>Save </strong>button alone, will automatically be saved &amp; it will take you to the home page.</p>\n    <p>\n        7. If incase u want to check the remaining time available for u any time during the test, u can scroll up, to see the timer on the right top corner.</p>\n    <p>\n        8. Once you have finished the test, click the&nbsp;<strong>Finish</strong>&nbsp;button available in the top right corner.</p>\n        ','<h2>\n        <strong>Test Organized by</strong></h2>\n    <h2 style=\"border-bottom: 1px solid #F4F5F7;margin-bottom:5px;padding-bottom:5px;\">\n        <span style=\"color:red\">Apt Training Resources</span></h2>\n    <h2>\n        <strong>Total number of questions: 10 Questions</strong></h2>\n    <h2>\n        <strong>Maximum Time Limit: 20 minutes</strong></h2>\n    <p style=\"border-top: 1px solid #F4F5F7;margin-top:5px;padding-top:5px;\">\n        Please click on the&nbsp;<strong>Continue</strong>&nbsp;button only after reading the instructions thoroughly.</p>\n    <p>\n        <strong><u>Instructions:</u></strong></p>\n    <p>\n        1. For every question, click the answer option &amp; then click the&nbsp;<strong>Save</strong>&nbsp;button to save the answer for that particular question. Clicking on the&nbsp;<strong>Save </strong>button is essential for the answer to be saved.</p>\n    <p>\n        2. Do not keep on pressing the&nbsp;<strong>Save </strong>button for the same question again &amp; again. Clicking once is enough.</p>\n    <p>\n        3. Clicking on the particular question number (available on the right side or bottom side) will take you directly to the particular question, but click it only after you have pressed the&nbsp;<strong>Save </strong>button for that question, that you are currently attending in the test.&nbsp;</p>\n    <p>\n        4. If after choosing the correct option, you click on the&nbsp;<strong>Previous</strong>&nbsp;button, instead of the&nbsp;<strong>Save </strong>button, even then answers will be saved. Don&rsquo;t worry.</p>\n    <p>\n        5. If you click the correct option and then click the&nbsp;<strong>Question number link</strong>&nbsp;in the right or in the bottom or if u click the <strong>Instruction page link</strong>, without pressing the&nbsp;<strong>Save </strong>button, answer won&rsquo;t be saved. Clicking on the&nbsp;<strong>Save </strong>button is essential for the answer to be saved.</p>\n    <p>\n        6. If you exceed the time limit for the test, the answers for which u have clicked the&nbsp;<strong>Save </strong>button alone, will automatically be saved &amp; it will take you to the home page.</p>\n    <p>\n        7. If incase u want to check the remaining time available for u any time during the test, u can scroll up, to see the timer on the right top corner.</p>\n    <p>\n        8. Once you have finished the test, click the&nbsp;<strong>Finish</strong>&nbsp;button available in the top right corner.</p>\n        ',0),
 (9,9,'<div>\n	<p>\n		Get the list of values into an array. Print the unique values only.</p>\n	<div>\n		<strong>Input Format:</strong></div>\n	<p>\n		In the first line, get one positive integer, that indicates no of elements.</p>\n	<p>\n		In second line give the list of values.</p>\n	<div>\n		<strong>Output Format:</strong></div>\n	<p>\n		In the third line, Print the unique values of the array.</p>\n	<div>\n		<strong>Note (Important Instruction):</strong></div>\n	<p>\n		1. Do not give extra text during input and output, other than in the test cases.</p>\n	<p>\n		2. If array is having duplicate values, that values will be printed only once.</p>\n	<p>\n		3.&nbsp;You have to write a program using function <strong>removeduplicate()</strong> and you have to pass two arguments. First argument is array name and second one is number of values.</p>\n	<p>\n		4. Array size should not exceed 100.</p>\n</div>\n<div><strong>Test Case 1</strong></div><div  style=\"margin-left:0.5in;\">\n    <div><strong>Input</strong></div>\n   <div>\n    <pre>10\n1 2 3 1 8 2 3 9 4 5</pre>\n    </div>\n    <div>\n     <strong>Output</strong></div>\n    <div>\n     <pre>1 2 3 8 9 4 5 </pre>\n     </div>\n    </div><div><strong>Test Case 2</strong></div><div  style=\"margin-left:0.5in;\">\n    <div><strong>Input</strong></div>\n   <div>\n    <pre>5\n0 1 0 1 1</pre>\n    </div>\n    <div>\n     <strong>Output</strong></div>\n    <div>\n     <pre>0 1 </pre>\n     </div>\n    </div>','<div>\n	<p>\n		Get the list of values into an array. Print the unique values only.</p>\n	<div>\n		<strong>Input Format:</strong></div>\n	<p>\n		In the first line, get one positive integer, that indicates no of elements.</p>\n	<p>\n		In second line give the list of values.</p>\n	<div>\n		<strong>Output Format:</strong></div>\n	<p>\n		In the third line, Print the unique values of the array.</p>\n	<div>\n		<strong>Note (Important Instruction):</strong></div>\n	<p>\n		1. Do not give extra text during input and output, other than in the test cases.</p>\n	<p>\n		2. If array is having duplicate values, that values will be printed only once.</p>\n	<p>\n		3.&nbsp;You have to write a program using function <strong>removeduplicate()</strong> and you have to pass two arguments. First argument is array name and second one is number of values.</p>\n	<p>\n		4. Array size should not exceed 100.</p>\n</div>\n<div><strong>Test Case 1</strong></div><div  style=\"margin-left:0.5in;\">\n    <div><strong>Input</strong></div>\n   <div>\n    <pre>10\n1 2 3 1 8 2 3 9 4 5</pre>\n    </div>\n    <div>\n     <strong>Output</strong></div>\n    <div>\n     <pre>1 2 3 8 9 4 5 </pre>\n     </div>\n    </div><div><strong>Test Case 2</strong></div><div  style=\"margin-left:0.5in;\">\n    <div><strong>Input</strong></div>\n   <div>\n    <pre>5\n0 1 0 1 1</pre>\n    </div>\n    <div>\n     <strong>Output</strong></div>\n    <div>\n     <pre>0 1 </pre>\n     </div>\n    </div>',0),
 (10,10,'<div>\n	<p>\n		Get the list of values into an array. Print the unique values only.</p>\n	<div>\n		<strong>Input Format:</strong></div>\n	<p>\n		In the first line, get one positive integer, that indicates no of elements.</p>\n	<p>\n		In second line give the list of values.</p>\n	<div>\n		<strong>Output Format:</strong></div>\n	<p>\n		In the third line, Print the unique values of the array.</p>\n	<div>\n		<strong>Note (Important Instruction):</strong></div>\n	<p>\n		1. Do not give extra text during input and output, other than in the test cases.</p>\n	<p>\n		2. If array is having duplicate values, that values will be printed only once.</p>\n	<p>\n		3.&nbsp;You have to write a program using function <strong>removeduplicate()</strong> and you have to pass two arguments. First argument is array name and second one is number of values.</p>\n	<p>\n		4. Array size should not exceed 100.</p>\n</div>\n<div><strong>Test Case 1</strong></div><div  style=\"margin-left:0.5in;\">\n    <div><strong>Input</strong></div>\n   <div>\n    <pre>10\n1 2 3 1 8 2 3 9 4 5</pre>\n    </div>\n    <div>\n     <strong>Output</strong></div>\n    <div>\n     <pre>1 2 3 8 9 4 5 </pre>\n     </div>\n    </div><div><strong>Test Case 2</strong></div><div  style=\"margin-left:0.5in;\">\n    <div><strong>Input</strong></div>\n   <div>\n    <pre>5\n0 1 0 1 1</pre>\n    </div>\n    <div>\n     <strong>Output</strong></div>\n    <div>\n     <pre>0 1 </pre>\n     </div>\n    </div>','<div>\n	<p>\n		Two numbers are entered through the keyboard. Write a program to find the value of one number raised to the power of another.</p>\n	<div>\n		<strong>Input Format:</strong></div>\n	<p>\n		In the first line, get two integers.</p>\n	<div>\n		<strong>Output Format:</strong></div>\n	<p>\n		In second line,&nbsp;Print the power(a,b).</p>\n	<div>\n		<strong>Note (Important Instruction):</strong></div>\n	<p>\n		1. Do not give extra text during input and output, other than in the test cases.</p>\n	<p>\n		2. Find the power(a,b) without using pow() in math.h&nbsp;</p>\n	<p>\n		3. You have to write a program using function called power() and you have to pass two arguments. First argument is the base value and second argument is power value.</p>\n	<p>\n		4. Positive and negative values are applicable.</p>\n</div>\n<div>\n	<strong>Test Case 1</strong></div>\n<div style=\"margin-left:0.5in;\">\n	<div>\n		<strong>Input</strong></div>\n	<div>\n		<pre>\n10\n1 2 3 1 8 2 3 9 4 5</pre>\n	</div>\n	<div>\n		<strong>Output</strong></div>\n	<div>\n		<pre>\n1 2 3 8 9 4 5 </pre>\n	</div>\n</div>\n<div>\n	<strong>Test Case 2</strong></div>\n<div style=\"margin-left:0.5in;\">\n	<div>\n		<strong>Input</strong></div>\n	<div>\n		<pre>\n5\n0 1 0 1 1</pre>\n	</div>\n	<div>\n		<strong>Output</strong></div>\n	<div>\n		<pre>\n0 1 </pre>\n	</div>\n</div>\n<p>\n	&nbsp;</p>\n',1);
/*!40000 ALTER TABLE `aaaq_bridge_edit` ENABLE KEYS */;


--
-- Definition of table `aaaq_bridge_pref`
--

DROP TABLE IF EXISTS `aaaq_bridge_pref`;
CREATE TABLE `aaaq_bridge_pref` (
  `pref_id` int(11) NOT NULL AUTO_INCREMENT,
  `edit_number` int(11) NOT NULL DEFAULT '0',
  PRIMARY KEY (`pref_id`)
) ENGINE=InnoDB AUTO_INCREMENT=2 DEFAULT CHARSET=latin1;

--
-- Dumping data for table `aaaq_bridge_pref`
--

/*!40000 ALTER TABLE `aaaq_bridge_pref` DISABLE KEYS */;
INSERT INTO `aaaq_bridge_pref` (`pref_id`,`edit_number`) VALUES 
 (1,4);
/*!40000 ALTER TABLE `aaaq_bridge_pref` ENABLE KEYS */;


--
-- Definition of table `answers`
--

DROP TABLE IF EXISTS `answers`;
CREATE TABLE `answers` (
  `id` int(11) NOT NULL AUTO_INCREMENT,
  `group_id` int(11) NOT NULL,
  `answer_text` varchar(800) CHARACTER SET utf8 DEFAULT NULL,
  `answer_image` varchar(450) CHARACTER SET utf8 DEFAULT NULL,
  `correct_answer` int(11) NOT NULL,
  `priority` int(11) DEFAULT NULL,
  `correct_answer_text` varchar(800) CHARACTER SET utf8 DEFAULT NULL,
  `answer_pos` int(11) NOT NULL DEFAULT '0',
  `parent_id` int(11) NOT NULL,
  `answer_text_eng` varchar(800) CHARACTER SET utf8 DEFAULT NULL,
  `control_type` int(11) DEFAULT NULL,
  `answer_parent_id` int(11) DEFAULT NULL,
  `text_unit` char(10) CHARACTER SET utf8 NOT NULL,
  PRIMARY KEY (`id`),
  KEY `group_id` (`group_id`),
  CONSTRAINT `answers_ibfk_1` FOREIGN KEY (`group_id`) REFERENCES `question_groups` (`id`) ON DELETE CASCADE
) ENGINE=InnoDB AUTO_INCREMENT=281 DEFAULT CHARSET=latin1;

--
-- Dumping data for table `answers`
--

/*!40000 ALTER TABLE `answers` DISABLE KEYS */;
INSERT INTO `answers` (`id`,`group_id`,`answer_text`,`answer_image`,`correct_answer`,`priority`,`correct_answer_text`,`answer_pos`,`parent_id`,`answer_text_eng`,`control_type`,`answer_parent_id`,`text_unit`) VALUES 
 (1,1,'Rs 7150',NULL,0,0,'',0,0,NULL,1,0,''),
 (2,1,'Rs 7500',NULL,0,0,'',0,0,NULL,1,0,''),
 (3,1,'Rs 7250',NULL,0,0,'',0,0,NULL,1,0,''),
 (4,1,'Rs 8250',NULL,0,0,'',0,0,NULL,1,0,''),
 (5,1,'Rs 8000',NULL,1,0,'',0,0,NULL,1,0,''),
 (6,2,'3(1/3)%',NULL,0,0,'',0,0,NULL,1,0,''),
 (7,2,'13(1/3)%',NULL,1,0,'',0,0,NULL,1,0,''),
 (8,2,'23(1/3)%',NULL,0,0,'',0,0,NULL,1,0,''),
 (9,2,'33(1/3)%',NULL,0,0,'',0,0,NULL,1,0,''),
 (10,2,'43(1/3)%',NULL,0,0,'',0,0,NULL,1,0,''),
 (11,3,'(yxz) / (100a)',NULL,0,0,'',0,0,NULL,1,0,''),
 (12,3,'(ayz) / (100x)',NULL,0,0,'',0,0,NULL,1,0,''),
 (13,3,'(axy) / (100z)',NULL,0,0,'',0,0,NULL,1,0,''),
 (14,3,'(axz) / (100y)',NULL,1,0,'',0,0,NULL,1,0,''),
 (15,3,'(ax) / (100yz)',NULL,0,0,'',0,0,NULL,1,0,''),
 (16,4,'Rs 325',NULL,0,0,'',0,0,NULL,1,0,''),
 (17,4,'Rs 320',NULL,1,0,'',0,0,NULL,1,0,''),
 (18,4,'Rs 350',NULL,0,0,'',0,0,NULL,1,0,''),
 (19,4,'Rs 375',NULL,0,0,'',0,0,NULL,1,0,''),
 (20,4,'Rs 340',NULL,0,0,'',0,0,NULL,1,0,''),
 (21,5,'80 grams',NULL,0,0,'',0,0,NULL,1,0,''),
 (22,5,'70 grams',NULL,0,0,'',0,0,NULL,1,0,''),
 (23,5,'50 grams',NULL,0,0,'',0,0,NULL,1,0,''),
 (24,5,'40 grams',NULL,0,0,'',0,0,NULL,1,0,''),
 (25,5,'60 grams',NULL,1,0,'',0,0,NULL,1,0,''),
 (26,6,'22%',NULL,0,0,'',0,0,NULL,1,0,''),
 (27,6,'20%',NULL,1,0,'',0,0,NULL,1,0,''),
 (28,6,'24%',NULL,0,0,'',0,0,NULL,1,0,''),
 (29,6,'26%',NULL,0,0,'',0,0,NULL,1,0,''),
 (30,6,'28%',NULL,0,0,'',0,0,NULL,1,0,''),
 (31,7,'13%',NULL,0,0,'',0,0,NULL,1,0,''),
 (32,7,'12%',NULL,0,0,'',0,0,NULL,1,0,''),
 (33,7,'11%',NULL,0,0,'',0,0,NULL,1,0,''),
 (34,7,'10%',NULL,1,0,'',0,0,NULL,1,0,''),
 (35,7,'14%',NULL,0,0,'',0,0,NULL,1,0,''),
 (36,8,'60%',NULL,0,0,'',0,0,NULL,1,0,''),
 (37,8,'50%',NULL,0,0,'',0,0,NULL,1,0,''),
 (38,8,'40%',NULL,1,0,'',0,0,NULL,1,0,''),
 (39,8,'30%',NULL,0,0,'',0,0,NULL,1,0,''),
 (40,8,'70%',NULL,0,0,'',0,0,NULL,1,0,''),
 (41,9,'350',NULL,0,0,'',0,0,NULL,1,0,''),
 (42,9,'130',NULL,0,0,'',0,0,NULL,1,0,''),
 (43,9,'75',NULL,0,0,'',0,0,NULL,1,0,''),
 (44,9,'200',NULL,0,0,'',0,0,NULL,1,0,''),
 (45,9,'120',NULL,1,0,'',0,0,NULL,1,0,''),
 (46,10,'25%',NULL,1,0,'',0,0,NULL,1,0,''),
 (47,10,'30%',NULL,0,0,'',0,0,NULL,1,0,''),
 (48,10,'40%',NULL,0,0,'',0,0,NULL,1,0,''),
 (49,10,'50%',NULL,0,0,'',0,0,NULL,1,0,''),
 (50,10,'60%',NULL,0,0,'',0,0,NULL,1,0,''),
 (51,11,'8%',NULL,0,0,'',0,0,NULL,1,0,''),
 (52,11,'6%',NULL,0,0,'',0,0,NULL,1,0,''),
 (53,11,'7%',NULL,0,0,'',0,0,NULL,1,0,''),
 (54,11,'4%',NULL,1,0,'',0,0,NULL,1,0,''),
 (55,11,'9%',NULL,0,0,'',0,0,NULL,1,0,''),
 (56,12,'16 (2/5)%',NULL,0,0,'',0,0,NULL,1,0,''),
 (57,12,'16 (2/3)%',NULL,1,0,'',0,0,NULL,1,0,''),
 (58,12,'16 (1/3)%',NULL,0,0,'',0,0,NULL,1,0,''),
 (59,12,'16 (7/3)%',NULL,0,0,'',0,0,NULL,1,0,''),
 (60,12,'16 (4/3)%',NULL,0,0,'',0,0,NULL,1,0,''),
 (61,13,'Rs 15000',NULL,0,0,'',0,0,NULL,1,0,''),
 (62,13,'Rs 14750',NULL,0,0,'',0,0,NULL,1,0,''),
 (63,13,'Rs 12000',NULL,1,0,'',0,0,NULL,1,0,''),
 (64,13,'Rs 11245',NULL,0,0,'',0,0,NULL,1,0,''),
 (65,13,'Rs 13725',NULL,0,0,'',0,0,NULL,1,0,''),
 (66,14,'5%',NULL,0,0,'',0,0,NULL,1,0,''),
 (67,14,'4%',NULL,1,0,'',0,0,NULL,1,0,''),
 (68,14,'6%',NULL,0,0,'',0,0,NULL,1,0,''),
 (69,14,'7%',NULL,0,0,'',0,0,NULL,1,0,''),
 (70,14,'8%',NULL,0,0,'',0,0,NULL,1,0,''),
 (71,15,'127',NULL,0,0,'',0,0,NULL,1,0,''),
 (72,15,'250',NULL,0,0,'',0,0,NULL,1,0,''),
 (73,15,'175',NULL,0,0,'',0,0,NULL,1,0,''),
 (74,15,'135',NULL,0,0,'',0,0,NULL,1,0,''),
 (75,15,'200',NULL,1,0,'',0,0,NULL,1,0,''),
 (76,16,'20%',NULL,1,0,'',0,0,NULL,1,0,''),
 (77,16,'25%',NULL,0,0,'',0,0,NULL,1,0,''),
 (78,16,'22%',NULL,0,0,'',0,0,NULL,1,0,''),
 (79,16,'10%',NULL,0,0,'',0,0,NULL,1,0,''),
 (80,16,'30%',NULL,0,0,'',0,0,NULL,1,0,''),
 (81,17,'120%',NULL,0,0,'',0,0,NULL,1,0,''),
 (82,17,'20%',NULL,0,0,'',0,0,NULL,1,0,''),
 (83,17,'80%',NULL,0,0,'',0,0,NULL,1,0,''),
 (84,17,'160%',NULL,1,0,'',0,0,NULL,1,0,''),
 (85,17,'200%',NULL,0,0,'',0,0,NULL,1,0,''),
 (86,18,'45000',NULL,0,0,'',0,0,NULL,1,0,''),
 (87,18,'50000',NULL,0,0,'',0,0,NULL,1,0,''),
 (88,18,'40000',NULL,1,0,'',0,0,NULL,1,0,''),
 (89,18,'34750',NULL,0,0,'',0,0,NULL,1,0,''),
 (90,18,'20000',NULL,0,0,'',0,0,NULL,1,0,''),
 (91,19,'180000',NULL,0,0,'',0,0,NULL,1,0,''),
 (92,19,'165342',NULL,0,0,'',0,0,NULL,1,0,''),
 (93,19,'175643',NULL,0,0,'',0,0,NULL,1,0,''),
 (94,19,'177366',NULL,1,0,'',0,0,NULL,1,0,''),
 (95,19,'150000',NULL,0,0,'',0,0,NULL,1,0,''),
 (96,20,'2500',NULL,0,0,'',0,0,NULL,1,0,''),
 (97,20,'2600',NULL,0,0,'',0,0,NULL,1,0,''),
 (98,20,'2700',NULL,1,0,'',0,0,NULL,1,0,''),
 (99,20,'2800',NULL,0,0,'',0,0,NULL,1,0,''),
 (100,20,'2900',NULL,0,0,'',0,0,NULL,1,0,''),
 (101,21,'125',NULL,0,0,'',0,0,NULL,1,0,''),
 (102,21,'152',NULL,0,0,'',0,0,NULL,1,0,''),
 (103,21,'216',NULL,1,0,'',0,0,NULL,1,0,''),
 (104,21,'675',NULL,0,0,'',0,0,NULL,1,0,''),
 (105,21,'121',NULL,0,0,'',0,0,NULL,1,0,''),
 (106,22,'200',NULL,0,0,'',0,0,NULL,1,0,''),
 (107,22,'125',NULL,0,0,'',0,0,NULL,1,0,''),
 (108,22,'150',NULL,0,0,'',0,0,NULL,1,0,''),
 (109,22,'175',NULL,0,0,'',0,0,NULL,1,0,''),
 (110,22,'360',NULL,1,0,'',0,0,NULL,1,0,''),
 (111,23,'156',NULL,0,0,'',0,0,NULL,1,0,''),
 (112,23,'224',NULL,1,0,'',0,0,NULL,1,0,''),
 (113,23,'158',NULL,0,0,'',0,0,NULL,1,0,''),
 (114,23,'185',NULL,0,0,'',0,0,NULL,1,0,''),
 (115,23,'159',NULL,0,0,'',0,0,NULL,1,0,''),
 (116,24,'154',NULL,0,0,'',0,0,NULL,1,0,''),
 (117,24,'145',NULL,0,0,'',0,0,NULL,1,0,''),
 (118,24,'144',NULL,0,0,'',0,0,NULL,1,0,''),
 (119,24,'238',NULL,1,0,'',0,0,NULL,1,0,''),
 (120,24,'209',NULL,0,0,'',0,0,NULL,1,0,''),
 (121,25,'10, 30',NULL,0,0,'',0,0,NULL,1,0,''),
 (122,25,'12, 34',NULL,0,0,'',0,0,NULL,1,0,''),
 (123,25,'15, 56',NULL,0,0,'',0,0,NULL,1,0,''),
 (124,25,'15, 45',NULL,0,0,'',0,0,NULL,1,0,''),
 (125,25,'15,35',NULL,1,0,'',0,0,NULL,1,0,''),
 (126,26,'5/25&radic;5',NULL,0,0,'',0,0,NULL,1,0,''),
 (127,26,'6/25&radic;5',NULL,1,0,'',0,0,NULL,1,0,''),
 (128,26,'6/25&radic;6',NULL,0,0,'',0,0,NULL,1,0,''),
 (129,26,'6/20&radic;5',NULL,0,0,'',0,0,NULL,1,0,''),
 (130,26,'6/35&radic;5',NULL,0,0,'',0,0,NULL,1,0,''),
 (131,27,'PHV',NULL,1,0,'',0,0,NULL,1,0,''),
 (132,27,'PWH',NULL,0,0,'',0,0,NULL,1,0,''),
 (133,27,'PHU',NULL,0,0,'',0,0,NULL,1,0,''),
 (134,27,'HPV',NULL,0,0,'',0,0,NULL,1,0,''),
 (135,27,'PVH',NULL,0,0,'',0,0,NULL,1,0,''),
 (136,28,'L200',NULL,0,0,'',0,0,NULL,1,0,''),
 (137,28,'L025',NULL,0,0,'',0,0,NULL,1,0,''),
 (138,28,'L25O',NULL,1,0,'',0,0,NULL,1,0,''),
 (139,28,'L20O',NULL,0,0,'',0,0,NULL,1,0,''),
 (140,28,'L250',NULL,0,0,'',0,0,NULL,1,0,''),
 (141,29,'HIEN',NULL,0,0,'',0,0,NULL,1,0,''),
 (142,29,'HIME',NULL,0,0,'',0,0,NULL,1,0,''),
 (143,29,'IHNE',NULL,0,0,'',0,0,NULL,1,0,''),
 (144,29,'HNIE',NULL,0,0,'',0,0,NULL,1,0,''),
 (145,29,'HINE',NULL,1,0,'',0,0,NULL,1,0,''),
 (146,30,'PROCEDURE',NULL,1,0,'',0,0,NULL,1,0,''),
 (147,30,'PROCEED',NULL,0,0,'',0,0,NULL,1,0,''),
 (148,30,'PROHIBIT',NULL,0,0,'',0,0,NULL,1,0,''),
 (149,30,'PROCESSING',NULL,0,0,'',0,0,NULL,1,0,''),
 (150,30,'PROCESSED',NULL,0,0,'',0,0,NULL,1,0,''),
 (151,31,'Port',NULL,1,0,'',0,0,NULL,1,0,''),
 (152,31,'Sea',NULL,0,0,'',0,0,NULL,1,0,''),
 (153,31,'Calcutta',NULL,0,0,'',0,0,NULL,1,0,''),
 (154,31,'City',NULL,0,0,'',0,0,NULL,1,0,''),
 (155,31,'None',NULL,0,0,'',0,0,NULL,1,0,''),
 (156,32,'Ghee',NULL,0,0,'',0,0,NULL,1,0,''),
 (157,32,'Milk',NULL,1,0,'',0,0,NULL,1,0,''),
 (158,32,'White',NULL,0,0,'',0,0,NULL,1,0,''),
 (159,32,'Cow',NULL,0,0,'',0,0,NULL,1,0,''),
 (160,32,'Sweet',NULL,0,0,'',0,0,NULL,1,0,''),
 (161,33,'A',NULL,0,0,'',0,0,NULL,1,0,''),
 (162,33,'S',NULL,1,0,'',0,0,NULL,1,0,''),
 (163,33,'C',NULL,0,0,'',0,0,NULL,1,0,''),
 (164,33,'V',NULL,0,0,'',0,0,NULL,1,0,''),
 (165,33,'Q',NULL,0,0,'',0,0,NULL,1,0,''),
 (166,34,'u',NULL,0,0,'',0,0,NULL,1,0,''),
 (167,34,'t',NULL,0,0,'',0,0,NULL,1,0,''),
 (168,34,'h',NULL,1,0,'',0,0,NULL,1,0,''),
 (169,34,'a',NULL,0,0,'',0,0,NULL,1,0,''),
 (170,34,'o',NULL,0,0,'',0,0,NULL,1,0,''),
 (171,35,'31',NULL,0,0,'',0,0,NULL,1,0,''),
 (172,35,'28',NULL,0,0,'',0,0,NULL,1,0,''),
 (173,35,'27',NULL,0,0,'',0,0,NULL,1,0,''),
 (174,35,'29',NULL,1,0,'',0,0,NULL,1,0,''),
 (175,35,'32',NULL,0,0,'',0,0,NULL,1,0,''),
 (176,36,'76',NULL,0,0,'',0,0,NULL,1,0,''),
 (177,36,'84',NULL,1,0,'',0,0,NULL,1,0,''),
 (178,36,'87',NULL,0,0,'',0,0,NULL,1,0,''),
 (179,36,'98',NULL,0,0,'',0,0,NULL,1,0,''),
 (180,36,'14',NULL,0,0,'',0,0,NULL,1,0,''),
 (181,37,'50',NULL,0,0,'',0,0,NULL,1,0,''),
 (182,37,'5',NULL,0,0,'',0,0,NULL,1,0,''),
 (183,37,'10',NULL,0,0,'',0,0,NULL,1,0,''),
 (184,37,'5000',NULL,1,0,'',0,0,NULL,1,0,''),
 (185,37,'500',NULL,0,0,'',0,0,NULL,1,0,''),
 (186,38,'26',NULL,0,0,'',0,0,NULL,1,0,''),
 (187,38,'33',NULL,1,0,'',0,0,NULL,1,0,''),
 (188,38,'46',NULL,0,0,'',0,0,NULL,1,0,''),
 (189,38,'59',NULL,0,0,'',0,0,NULL,1,0,''),
 (190,38,'74',NULL,0,0,'',0,0,NULL,1,0,''),
 (191,39,'Apple',NULL,0,0,'',0,0,NULL,1,0,''),
 (192,39,'Mango',NULL,0,0,'',0,0,NULL,1,0,''),
 (193,39,'Banana',NULL,1,0,'',0,0,NULL,1,0,''),
 (194,39,'Papaya',NULL,0,0,'',0,0,NULL,1,0,''),
 (195,39,'Orange',NULL,0,0,'',0,0,NULL,1,0,''),
 (196,40,'Seed',NULL,1,0,'',0,0,NULL,1,0,''),
 (197,40,'Carpel',NULL,0,0,'',0,0,NULL,1,0,''),
 (198,40,'Petal',NULL,0,0,'',0,0,NULL,1,0,''),
 (199,40,'Stamen',NULL,0,0,'',0,0,NULL,1,0,''),
 (200,40,'None of these',NULL,0,0,'',0,0,NULL,1,0,''),
 (201,41,'late',NULL,0,0,'',0,0,NULL,1,0,''),
 (202,41,'later',NULL,0,0,'',0,0,NULL,1,0,''),
 (203,41,'latest',NULL,1,0,'',0,0,NULL,1,0,''),
 (204,41,'latter',NULL,0,0,'',0,0,NULL,1,0,''),
 (205,42,'crime',NULL,1,0,'',0,0,NULL,1,0,''),
 (206,42,'sin',NULL,0,0,'',0,0,NULL,1,0,''),
 (207,42,'Evil',NULL,0,0,'',0,0,NULL,1,0,''),
 (208,42,'vice',NULL,0,0,'',0,0,NULL,1,0,''),
 (209,43,'declared',NULL,0,0,'',0,0,NULL,1,0,''),
 (210,43,'qualified',NULL,1,0,'',0,0,NULL,1,0,''),
 (211,43,'decided',NULL,0,0,'',0,0,NULL,1,0,''),
 (212,43,'superior',NULL,0,0,'',0,0,NULL,1,0,''),
 (213,44,'mordant',NULL,0,0,'',0,0,NULL,1,0,''),
 (214,44,'momentary',NULL,0,0,'',0,0,NULL,1,0,''),
 (215,44,'monotonous',NULL,0,0,'',0,0,NULL,1,0,''),
 (216,44,'momentous',NULL,1,0,'',0,0,NULL,1,0,''),
 (217,45,'phase',NULL,0,0,'',0,0,NULL,1,0,''),
 (218,45,'length',NULL,0,0,'',0,0,NULL,1,0,''),
 (219,45,'spell',NULL,1,0,'',0,0,NULL,1,0,''),
 (220,45,'time',NULL,0,0,'',0,0,NULL,1,0,''),
 (221,46,'uncivilized',NULL,0,0,'',0,0,NULL,1,0,''),
 (222,46,'wild',NULL,1,0,'',0,0,NULL,1,0,''),
 (223,46,'savage',NULL,0,0,'',0,0,NULL,1,0,''),
 (224,46,'primitive',NULL,0,0,'',0,0,NULL,1,0,''),
 (225,47,'outgrew',NULL,0,0,'',0,0,NULL,1,0,''),
 (226,47,'outraged',NULL,0,0,'',0,0,NULL,1,0,''),
 (227,47,'evaded',NULL,1,0,'',0,0,NULL,1,0,''),
 (228,47,'undermined',NULL,0,0,'',0,0,NULL,1,0,''),
 (229,48,'respected',NULL,0,0,'',0,0,NULL,1,0,''),
 (230,48,'respectful',NULL,0,0,'',0,0,NULL,1,0,''),
 (231,48,'respectable',NULL,1,0,'',0,0,NULL,1,0,''),
 (232,48,'respective',NULL,0,0,'',0,0,NULL,1,0,''),
 (233,49,'meekly',NULL,0,0,'',0,0,NULL,1,0,''),
 (234,49,'heavily',NULL,0,0,'',0,0,NULL,1,0,''),
 (235,49,'clumsily',NULL,0,0,'',0,0,NULL,1,0,''),
 (236,49,'sharply',NULL,1,0,'',0,0,NULL,1,0,''),
 (237,50,'act',NULL,1,0,'',0,0,NULL,1,0,''),
 (238,50,'operate',NULL,0,0,'',0,0,NULL,1,0,''),
 (239,50,'behave',NULL,0,0,'',0,0,NULL,1,0,''),
 (240,50,'perform',NULL,0,0,'',0,0,NULL,1,0,''),
 (241,51,'a',NULL,1,0,'',0,0,NULL,1,0,''),
 (242,51,'b',NULL,0,0,'',0,0,NULL,1,0,''),
 (243,51,'c',NULL,0,0,'',0,0,NULL,1,0,''),
 (244,51,'d',NULL,0,0,'',0,0,NULL,1,0,''),
 (245,52,'a',NULL,0,0,'',0,0,NULL,1,0,''),
 (246,52,'b',NULL,1,0,'',0,0,NULL,1,0,''),
 (247,52,'c',NULL,0,0,'',0,0,NULL,1,0,''),
 (248,52,'d',NULL,0,0,'',0,0,NULL,1,0,''),
 (249,53,'a',NULL,0,0,'',0,0,NULL,1,0,''),
 (250,53,'b',NULL,1,0,'',0,0,NULL,1,0,''),
 (251,53,'c',NULL,0,0,'',0,0,NULL,1,0,''),
 (252,53,'d',NULL,0,0,'',0,0,NULL,1,0,''),
 (253,54,'a',NULL,0,0,'',0,0,NULL,1,0,''),
 (254,54,'b',NULL,0,0,'',0,0,NULL,1,0,''),
 (255,54,'c',NULL,0,0,'',0,0,NULL,1,0,''),
 (256,54,'d',NULL,1,0,'',0,0,NULL,1,0,''),
 (257,55,'a',NULL,0,0,'',0,0,NULL,1,0,''),
 (258,55,'b',NULL,0,0,'',0,0,NULL,1,0,''),
 (259,55,'c',NULL,1,0,'',0,0,NULL,1,0,''),
 (260,55,'d',NULL,0,0,'',0,0,NULL,1,0,''),
 (261,56,'a',NULL,1,0,'',0,0,NULL,1,0,''),
 (262,56,'b',NULL,0,0,'',0,0,NULL,1,0,''),
 (263,56,'c',NULL,0,0,'',0,0,NULL,1,0,''),
 (264,56,'d',NULL,0,0,'',0,0,NULL,1,0,''),
 (265,57,'a',NULL,0,0,'',0,0,NULL,1,0,''),
 (266,57,'b',NULL,1,0,'',0,0,NULL,1,0,''),
 (267,57,'c',NULL,0,0,'',0,0,NULL,1,0,''),
 (268,57,'d',NULL,0,0,'',0,0,NULL,1,0,''),
 (269,58,'a',NULL,0,0,'',0,0,NULL,1,0,''),
 (270,58,'b',NULL,0,0,'',0,0,NULL,1,0,''),
 (271,58,'c',NULL,1,0,'',0,0,NULL,1,0,''),
 (272,58,'d',NULL,0,0,'',0,0,NULL,1,0,''),
 (273,59,'a',NULL,1,0,'',0,0,NULL,1,0,''),
 (274,59,'b',NULL,0,0,'',0,0,NULL,1,0,''),
 (275,59,'c',NULL,0,0,'',0,0,NULL,1,0,''),
 (276,59,'d',NULL,0,0,'',0,0,NULL,1,0,''),
 (277,60,'a',NULL,0,0,'',0,0,NULL,1,0,''),
 (278,60,'b',NULL,0,0,'',0,0,NULL,1,0,''),
 (279,60,'c',NULL,0,0,'',0,0,NULL,1,0,''),
 (280,60,'d',NULL,1,0,'',0,0,NULL,1,0,'');
/*!40000 ALTER TABLE `answers` ENABLE KEYS */;


--
-- Definition of table `apt_tp_rule`
--

DROP TABLE IF EXISTS `apt_tp_rule`;
CREATE TABLE `apt_tp_rule` (
  `tp_id` bigint(20) unsigned NOT NULL,
  `rule` varchar(4000) NOT NULL DEFAULT '',
  PRIMARY KEY (`tp_id`)
) ENGINE=InnoDB DEFAULT CHARSET=latin1;

--
-- Dumping data for table `apt_tp_rule`
--

/*!40000 ALTER TABLE `apt_tp_rule` DISABLE KEYS */;
INSERT INTO `apt_tp_rule` (`tp_id`,`rule`) VALUES 
 (1,''),
 (2,''),
 (3,''),
 (4,''),
 (5,''),
 (6,''),
 (7,''),
 (8,''),
 (9,''),
 (10,''),
 (11,''),
 (12,''),
 (13,''),
 (14,''),
 (15,''),
 (16,''),
 (17,''),
 (18,''),
 (19,''),
 (20,'');
/*!40000 ALTER TABLE `apt_tp_rule` ENABLE KEYS */;


--
-- Definition of table `assignment_users`
--

DROP TABLE IF EXISTS `assignment_users`;
CREATE TABLE `assignment_users` (
  `id` int(11) NOT NULL AUTO_INCREMENT,
  `assignment_id` int(11) NOT NULL DEFAULT '0',
  `user_type` int(11) NOT NULL DEFAULT '0',
  `user_id` int(11) NOT NULL DEFAULT '0',
  `shuffled_qn_ids` varchar(8000) NOT NULL DEFAULT '',
  `answered_ids` varchar(8000) NOT NULL DEFAULT '',
  `qns_time_spent` varchar(8000) NOT NULL DEFAULT ' ',
  `qns_visited` varchar(8000) NOT NULL DEFAULT ' ',
  `time_test_init` datetime DEFAULT NULL,
  `time_test_start` datetime DEFAULT NULL,
  `time_test_lastqn_answered` datetime DEFAULT NULL,
  `time_test_end` datetime DEFAULT NULL,
  `count_qns_answered` int(10) unsigned NOT NULL DEFAULT '0',
  `count_qns_correct` int(10) unsigned NOT NULL DEFAULT '0',
  `count_qns_visited` int(10) unsigned NOT NULL DEFAULT '0',
  `count_test_page_away` int(10) unsigned NOT NULL DEFAULT '0',
  `count_test_app_away` int(10) unsigned NOT NULL DEFAULT '0',
  PRIMARY KEY (`id`),
  KEY `assignment_id` (`assignment_id`)
) ENGINE=InnoDB AUTO_INCREMENT=1399 DEFAULT CHARSET=latin1;

--
-- Dumping data for table `assignment_users`
--

/*!40000 ALTER TABLE `assignment_users` DISABLE KEYS */;
INSERT INTO `assignment_users` (`id`,`assignment_id`,`user_type`,`user_id`,`shuffled_qn_ids`,`answered_ids`,`qns_time_spent`,`qns_visited`,`time_test_init`,`time_test_start`,`time_test_lastqn_answered`,`time_test_end`,`count_qns_answered`,`count_qns_correct`,`count_qns_visited`,`count_test_page_away`,`count_test_app_away`) VALUES 
 (1,1,1,2,'','',' ',' ',NULL,NULL,NULL,NULL,0,0,0,0,0),
 (2,1,1,3,'','',' ',' ',NULL,NULL,NULL,NULL,0,0,0,0,0),
 (3,1,1,4,'','',' ',' ',NULL,NULL,NULL,NULL,0,0,0,0,0),
 (4,1,1,5,'','',' ',' ',NULL,NULL,NULL,NULL,0,0,0,0,0),
 (5,1,1,6,'','',' ',' ',NULL,NULL,NULL,NULL,0,0,0,0,0),
 (6,1,1,7,'','',' ',' ',NULL,NULL,NULL,NULL,0,0,0,0,0),
 (7,1,1,8,'','',' ',' ',NULL,NULL,NULL,NULL,0,0,0,0,0),
 (8,1,1,9,'','',' ',' ',NULL,NULL,NULL,NULL,0,0,0,0,0),
 (9,1,1,10,'','',' ',' ',NULL,NULL,NULL,NULL,0,0,0,0,0),
 (10,1,1,11,'','',' ',' ',NULL,NULL,NULL,NULL,0,0,0,0,0),
 (11,1,1,12,'','',' ',' ',NULL,NULL,NULL,NULL,0,0,0,0,0),
 (12,1,1,13,'','',' ',' ',NULL,NULL,NULL,NULL,0,0,0,0,0),
 (13,1,1,14,'','',' ',' ',NULL,NULL,NULL,NULL,0,0,0,0,0),
 (14,1,1,15,'','',' ',' ',NULL,NULL,NULL,NULL,0,0,0,0,0),
 (15,1,1,16,'','',' ',' ',NULL,NULL,NULL,NULL,0,0,0,0,0),
 (16,1,1,17,'','',' ',' ',NULL,NULL,NULL,NULL,0,0,0,0,0),
 (17,1,1,18,'','',' ',' ',NULL,NULL,NULL,NULL,0,0,0,0,0),
 (18,1,1,19,'','',' ',' ',NULL,NULL,NULL,NULL,0,0,0,0,0),
 (19,1,1,20,'','',' ',' ',NULL,NULL,NULL,NULL,0,0,0,0,0),
 (20,1,1,21,'','',' ',' ',NULL,NULL,NULL,NULL,0,0,0,0,0),
 (21,1,1,22,'','',' ',' ',NULL,NULL,NULL,NULL,0,0,0,0,0),
 (22,1,1,23,'','',' ',' ',NULL,NULL,NULL,NULL,0,0,0,0,0),
 (23,1,1,24,'','',' ',' ',NULL,NULL,NULL,NULL,0,0,0,0,0),
 (24,1,1,25,'','',' ',' ',NULL,NULL,NULL,NULL,0,0,0,0,0),
 (25,1,1,26,'','',' ',' ',NULL,NULL,NULL,NULL,0,0,0,0,0),
 (26,1,1,27,'','',' ',' ',NULL,NULL,NULL,NULL,0,0,0,0,0),
 (27,1,1,28,'','',' ',' ',NULL,NULL,NULL,NULL,0,0,0,0,0),
 (28,1,1,29,'','',' ',' ',NULL,NULL,NULL,NULL,0,0,0,0,0),
 (29,1,1,30,'','',' ',' ',NULL,NULL,NULL,NULL,0,0,0,0,0),
 (30,1,1,31,'','',' ',' ',NULL,NULL,NULL,NULL,0,0,0,0,0),
 (31,1,1,32,'','',' ',' ',NULL,NULL,NULL,NULL,0,0,0,0,0),
 (32,1,1,33,'','',' ',' ',NULL,NULL,NULL,NULL,0,0,0,0,0),
 (33,1,1,34,'','',' ',' ',NULL,NULL,NULL,NULL,0,0,0,0,0),
 (34,1,1,35,'','',' ',' ',NULL,NULL,NULL,NULL,0,0,0,0,0),
 (35,1,1,36,'','',' ',' ',NULL,NULL,NULL,NULL,0,0,0,0,0),
 (36,1,1,37,'','',' ',' ',NULL,NULL,NULL,NULL,0,0,0,0,0),
 (37,1,1,38,'','',' ',' ',NULL,NULL,NULL,NULL,0,0,0,0,0),
 (38,1,1,39,'','',' ',' ',NULL,NULL,NULL,NULL,0,0,0,0,0),
 (39,1,1,40,'','',' ',' ',NULL,NULL,NULL,NULL,0,0,0,0,0),
 (40,1,1,41,'','',' ',' ',NULL,NULL,NULL,NULL,0,0,0,0,0),
 (41,1,1,42,'','',' ',' ',NULL,NULL,NULL,NULL,0,0,0,0,0),
 (42,1,1,43,'','',' ',' ',NULL,NULL,NULL,NULL,0,0,0,0,0),
 (43,1,1,44,'','',' ',' ',NULL,NULL,NULL,NULL,0,0,0,0,0),
 (44,1,1,45,'','',' ',' ',NULL,NULL,NULL,NULL,0,0,0,0,0),
 (45,1,1,46,'','',' ',' ',NULL,NULL,NULL,NULL,0,0,0,0,0),
 (46,1,1,47,'','',' ',' ',NULL,NULL,NULL,NULL,0,0,0,0,0),
 (47,1,1,48,'','',' ',' ',NULL,NULL,NULL,NULL,0,0,0,0,0),
 (48,1,1,49,'','',' ',' ',NULL,NULL,NULL,NULL,0,0,0,0,0),
 (49,1,1,50,'','',' ',' ',NULL,NULL,NULL,NULL,0,0,0,0,0),
 (50,1,1,51,'','',' ',' ',NULL,NULL,NULL,NULL,0,0,0,0,0),
 (51,1,1,52,'','',' ',' ',NULL,NULL,NULL,NULL,0,0,0,0,0),
 (52,1,1,53,'','',' ',' ',NULL,NULL,NULL,NULL,0,0,0,0,0),
 (53,1,1,54,'','',' ',' ',NULL,NULL,NULL,NULL,0,0,0,0,0),
 (54,1,1,55,'','',' ',' ',NULL,NULL,NULL,NULL,0,0,0,0,0),
 (55,1,1,56,'','',' ',' ',NULL,NULL,NULL,NULL,0,0,0,0,0),
 (56,1,1,57,'','',' ',' ',NULL,NULL,NULL,NULL,0,0,0,0,0),
 (57,1,1,58,'','',' ',' ',NULL,NULL,NULL,NULL,0,0,0,0,0),
 (58,1,1,59,'','',' ',' ',NULL,NULL,NULL,NULL,0,0,0,0,0),
 (59,1,1,60,'','',' ',' ',NULL,NULL,NULL,NULL,0,0,0,0,0),
 (60,1,1,61,'','',' ',' ',NULL,NULL,NULL,NULL,0,0,0,0,0),
 (61,1,1,62,'','',' ',' ',NULL,NULL,NULL,NULL,0,0,0,0,0),
 (62,1,1,63,'','',' ',' ',NULL,NULL,NULL,NULL,0,0,0,0,0),
 (63,1,1,64,'','',' ',' ',NULL,NULL,NULL,NULL,0,0,0,0,0),
 (64,1,1,65,'','',' ',' ',NULL,NULL,NULL,NULL,0,0,0,0,0),
 (65,1,1,66,'','',' ',' ',NULL,NULL,NULL,NULL,0,0,0,0,0),
 (66,1,1,67,'','',' ',' ',NULL,NULL,NULL,NULL,0,0,0,0,0),
 (67,1,1,68,'','',' ',' ',NULL,NULL,NULL,NULL,0,0,0,0,0),
 (68,1,1,69,'','',' ',' ',NULL,NULL,NULL,NULL,0,0,0,0,0),
 (69,1,1,70,'','',' ',' ',NULL,NULL,NULL,NULL,0,0,0,0,0),
 (70,1,1,71,'','',' ',' ',NULL,NULL,NULL,NULL,0,0,0,0,0),
 (71,1,1,72,'','',' ',' ',NULL,NULL,NULL,NULL,0,0,0,0,0),
 (72,1,1,73,'','',' ',' ',NULL,NULL,NULL,NULL,0,0,0,0,0),
 (73,1,1,74,'','',' ',' ',NULL,NULL,NULL,NULL,0,0,0,0,0),
 (74,1,1,75,'','',' ',' ',NULL,NULL,NULL,NULL,0,0,0,0,0),
 (75,1,1,76,'','',' ',' ',NULL,NULL,NULL,NULL,0,0,0,0,0),
 (76,2,1,2,'','',' ',' ',NULL,NULL,NULL,NULL,0,0,0,0,0),
 (77,2,1,3,'','',' ',' ',NULL,NULL,NULL,NULL,0,0,0,0,0),
 (78,2,1,4,'','',' ',' ',NULL,NULL,NULL,NULL,0,0,0,0,0),
 (79,2,1,5,'','',' ',' ',NULL,NULL,NULL,NULL,0,0,0,0,0),
 (80,2,1,6,'','',' ',' ',NULL,NULL,NULL,NULL,0,0,0,0,0),
 (81,2,1,7,'','',' ',' ',NULL,NULL,NULL,NULL,0,0,0,0,0),
 (82,2,1,8,'','',' ',' ',NULL,NULL,NULL,NULL,0,0,0,0,0),
 (83,2,1,9,'','',' ',' ',NULL,NULL,NULL,NULL,0,0,0,0,0),
 (84,2,1,10,'','',' ',' ',NULL,NULL,NULL,NULL,0,0,0,0,0),
 (85,2,1,11,'','',' ',' ',NULL,NULL,NULL,NULL,0,0,0,0,0),
 (86,2,1,12,'','',' ',' ',NULL,NULL,NULL,NULL,0,0,0,0,0),
 (87,2,1,13,'','',' ',' ',NULL,NULL,NULL,NULL,0,0,0,0,0),
 (88,2,1,14,'','',' ',' ',NULL,NULL,NULL,NULL,0,0,0,0,0),
 (89,2,1,15,'','',' ',' ',NULL,NULL,NULL,NULL,0,0,0,0,0),
 (90,2,1,16,'','',' ',' ',NULL,NULL,NULL,NULL,0,0,0,0,0),
 (91,2,1,17,'','',' ',' ',NULL,NULL,NULL,NULL,0,0,0,0,0),
 (92,2,1,18,'','',' ',' ',NULL,NULL,NULL,NULL,0,0,0,0,0),
 (93,2,1,19,'','',' ',' ',NULL,NULL,NULL,NULL,0,0,0,0,0),
 (94,2,1,20,'','',' ',' ',NULL,NULL,NULL,NULL,0,0,0,0,0),
 (95,2,1,21,'','',' ',' ',NULL,NULL,NULL,NULL,0,0,0,0,0),
 (96,2,1,22,'','',' ',' ',NULL,NULL,NULL,NULL,0,0,0,0,0),
 (97,2,1,23,'','',' ',' ',NULL,NULL,NULL,NULL,0,0,0,0,0),
 (98,2,1,24,'','',' ',' ',NULL,NULL,NULL,NULL,0,0,0,0,0),
 (99,2,1,25,'','',' ',' ',NULL,NULL,NULL,NULL,0,0,0,0,0),
 (100,2,1,26,'','',' ',' ',NULL,NULL,NULL,NULL,0,0,0,0,0),
 (101,2,1,27,'','',' ',' ',NULL,NULL,NULL,NULL,0,0,0,0,0),
 (102,2,1,28,'','',' ',' ',NULL,NULL,NULL,NULL,0,0,0,0,0),
 (103,2,1,29,'','',' ',' ',NULL,NULL,NULL,NULL,0,0,0,0,0),
 (104,2,1,30,'','',' ',' ',NULL,NULL,NULL,NULL,0,0,0,0,0),
 (105,2,1,31,'','',' ',' ',NULL,NULL,NULL,NULL,0,0,0,0,0),
 (106,2,1,32,'','',' ',' ',NULL,NULL,NULL,NULL,0,0,0,0,0),
 (107,2,1,33,'','',' ',' ',NULL,NULL,NULL,NULL,0,0,0,0,0),
 (108,2,1,34,'','',' ',' ',NULL,NULL,NULL,NULL,0,0,0,0,0),
 (109,2,1,35,'','',' ',' ',NULL,NULL,NULL,NULL,0,0,0,0,0),
 (110,2,1,36,'','',' ',' ',NULL,NULL,NULL,NULL,0,0,0,0,0),
 (111,2,1,37,'','',' ',' ',NULL,NULL,NULL,NULL,0,0,0,0,0),
 (112,2,1,38,'','',' ',' ',NULL,NULL,NULL,NULL,0,0,0,0,0),
 (113,2,1,39,'','',' ',' ',NULL,NULL,NULL,NULL,0,0,0,0,0),
 (114,2,1,40,'','',' ',' ',NULL,NULL,NULL,NULL,0,0,0,0,0),
 (115,2,1,41,'','',' ',' ',NULL,NULL,NULL,NULL,0,0,0,0,0),
 (116,2,1,42,'','',' ',' ',NULL,NULL,NULL,NULL,0,0,0,0,0),
 (117,2,1,43,'','',' ',' ',NULL,NULL,NULL,NULL,0,0,0,0,0),
 (118,2,1,44,'','',' ',' ',NULL,NULL,NULL,NULL,0,0,0,0,0),
 (119,2,1,45,'','',' ',' ',NULL,NULL,NULL,NULL,0,0,0,0,0),
 (120,2,1,46,'','',' ',' ',NULL,NULL,NULL,NULL,0,0,0,0,0),
 (121,2,1,47,'','',' ',' ',NULL,NULL,NULL,NULL,0,0,0,0,0),
 (122,2,1,48,'','',' ',' ',NULL,NULL,NULL,NULL,0,0,0,0,0),
 (123,2,1,49,'','',' ',' ',NULL,NULL,NULL,NULL,0,0,0,0,0),
 (124,2,1,50,'','',' ',' ',NULL,NULL,NULL,NULL,0,0,0,0,0),
 (125,2,1,51,'','',' ',' ',NULL,NULL,NULL,NULL,0,0,0,0,0),
 (126,2,1,52,'','',' ',' ',NULL,NULL,NULL,NULL,0,0,0,0,0),
 (127,2,1,53,'','',' ',' ',NULL,NULL,NULL,NULL,0,0,0,0,0),
 (128,2,1,54,'','',' ',' ',NULL,NULL,NULL,NULL,0,0,0,0,0),
 (129,2,1,55,'','',' ',' ',NULL,NULL,NULL,NULL,0,0,0,0,0),
 (130,2,1,56,'','',' ',' ',NULL,NULL,NULL,NULL,0,0,0,0,0),
 (131,2,1,57,'','',' ',' ',NULL,NULL,NULL,NULL,0,0,0,0,0),
 (132,2,1,58,'','',' ',' ',NULL,NULL,NULL,NULL,0,0,0,0,0),
 (133,2,1,59,'','',' ',' ',NULL,NULL,NULL,NULL,0,0,0,0,0),
 (134,2,1,60,'','',' ',' ',NULL,NULL,NULL,NULL,0,0,0,0,0),
 (135,2,1,61,'','',' ',' ',NULL,NULL,NULL,NULL,0,0,0,0,0),
 (136,2,1,62,'','',' ',' ',NULL,NULL,NULL,NULL,0,0,0,0,0),
 (137,2,1,63,'','',' ',' ',NULL,NULL,NULL,NULL,0,0,0,0,0),
 (138,2,1,64,'','',' ',' ',NULL,NULL,NULL,NULL,0,0,0,0,0),
 (139,2,1,65,'','',' ',' ',NULL,NULL,NULL,NULL,0,0,0,0,0),
 (140,2,1,66,'','',' ',' ',NULL,NULL,NULL,NULL,0,0,0,0,0),
 (141,2,1,67,'','',' ',' ',NULL,NULL,NULL,NULL,0,0,0,0,0),
 (142,2,1,68,'','',' ',' ',NULL,NULL,NULL,NULL,0,0,0,0,0),
 (143,2,1,69,'','',' ',' ',NULL,NULL,NULL,NULL,0,0,0,0,0),
 (144,2,1,70,'','',' ',' ',NULL,NULL,NULL,NULL,0,0,0,0,0),
 (145,2,1,71,'','',' ',' ',NULL,NULL,NULL,NULL,0,0,0,0,0),
 (146,2,1,72,'','',' ',' ',NULL,NULL,NULL,NULL,0,0,0,0,0),
 (147,2,1,73,'','',' ',' ',NULL,NULL,NULL,NULL,0,0,0,0,0),
 (148,2,1,74,'','',' ',' ',NULL,NULL,NULL,NULL,0,0,0,0,0),
 (149,2,1,75,'','',' ',' ',NULL,NULL,NULL,NULL,0,0,0,0,0),
 (150,2,1,76,'','',' ',' ',NULL,NULL,NULL,NULL,0,0,0,0,0),
 (151,3,1,2,'','',' ',' ',NULL,NULL,NULL,NULL,0,0,0,0,0),
 (152,3,1,3,'','',' ',' ',NULL,NULL,NULL,NULL,0,0,0,0,0),
 (153,3,1,4,'','',' ',' ',NULL,NULL,NULL,NULL,0,0,0,0,0),
 (154,3,1,5,'','',' ',' ',NULL,NULL,NULL,NULL,0,0,0,0,0),
 (155,3,1,6,'','',' ',' ',NULL,NULL,NULL,NULL,0,0,0,0,0),
 (156,3,1,7,'','',' ',' ',NULL,NULL,NULL,NULL,0,0,0,0,0),
 (157,3,1,8,'','',' ',' ',NULL,NULL,NULL,NULL,0,0,0,0,0),
 (158,3,1,9,'','',' ',' ',NULL,NULL,NULL,NULL,0,0,0,0,0),
 (159,3,1,10,'','',' ',' ',NULL,NULL,NULL,NULL,0,0,0,0,0),
 (160,3,1,11,'','',' ',' ',NULL,NULL,NULL,NULL,0,0,0,0,0),
 (161,3,1,12,'','',' ',' ',NULL,NULL,NULL,NULL,0,0,0,0,0),
 (162,3,1,13,'','',' ',' ',NULL,NULL,NULL,NULL,0,0,0,0,0),
 (163,3,1,14,'','',' ',' ',NULL,NULL,NULL,NULL,0,0,0,0,0),
 (164,3,1,15,'','',' ',' ',NULL,NULL,NULL,NULL,0,0,0,0,0),
 (165,3,1,16,'','',' ',' ',NULL,NULL,NULL,NULL,0,0,0,0,0),
 (166,3,1,17,'','',' ',' ',NULL,NULL,NULL,NULL,0,0,0,0,0),
 (167,3,1,18,'','',' ',' ',NULL,NULL,NULL,NULL,0,0,0,0,0),
 (168,3,1,19,'','',' ',' ',NULL,NULL,NULL,NULL,0,0,0,0,0),
 (169,3,1,20,'','',' ',' ',NULL,NULL,NULL,NULL,0,0,0,0,0),
 (170,3,1,21,'','',' ',' ',NULL,NULL,NULL,NULL,0,0,0,0,0),
 (171,3,1,22,'','',' ',' ',NULL,NULL,NULL,NULL,0,0,0,0,0),
 (172,3,1,23,'','',' ',' ',NULL,NULL,NULL,NULL,0,0,0,0,0),
 (173,3,1,24,'','',' ',' ',NULL,NULL,NULL,NULL,0,0,0,0,0),
 (174,3,1,25,'','',' ',' ',NULL,NULL,NULL,NULL,0,0,0,0,0),
 (175,3,1,26,'','',' ',' ',NULL,NULL,NULL,NULL,0,0,0,0,0),
 (176,3,1,27,'','',' ',' ',NULL,NULL,NULL,NULL,0,0,0,0,0),
 (177,3,1,28,'','',' ',' ',NULL,NULL,NULL,NULL,0,0,0,0,0),
 (178,3,1,29,'','',' ',' ',NULL,NULL,NULL,NULL,0,0,0,0,0),
 (179,3,1,30,'','',' ',' ',NULL,NULL,NULL,NULL,0,0,0,0,0),
 (180,3,1,31,'','',' ',' ',NULL,NULL,NULL,NULL,0,0,0,0,0),
 (181,3,1,32,'','',' ',' ',NULL,NULL,NULL,NULL,0,0,0,0,0),
 (182,3,1,33,'','',' ',' ',NULL,NULL,NULL,NULL,0,0,0,0,0),
 (183,3,1,34,'','',' ',' ',NULL,NULL,NULL,NULL,0,0,0,0,0),
 (184,3,1,35,'','',' ',' ',NULL,NULL,NULL,NULL,0,0,0,0,0),
 (185,3,1,36,'','',' ',' ',NULL,NULL,NULL,NULL,0,0,0,0,0),
 (186,3,1,37,'','',' ',' ',NULL,NULL,NULL,NULL,0,0,0,0,0),
 (187,3,1,38,'','',' ',' ',NULL,NULL,NULL,NULL,0,0,0,0,0),
 (188,3,1,39,'','',' ',' ',NULL,NULL,NULL,NULL,0,0,0,0,0),
 (189,3,1,40,'','',' ',' ',NULL,NULL,NULL,NULL,0,0,0,0,0),
 (190,3,1,41,'','',' ',' ',NULL,NULL,NULL,NULL,0,0,0,0,0),
 (191,3,1,42,'','',' ',' ',NULL,NULL,NULL,NULL,0,0,0,0,0),
 (192,3,1,43,'','',' ',' ',NULL,NULL,NULL,NULL,0,0,0,0,0),
 (193,3,1,44,'','',' ',' ',NULL,NULL,NULL,NULL,0,0,0,0,0),
 (194,3,1,45,'','',' ',' ',NULL,NULL,NULL,NULL,0,0,0,0,0),
 (195,3,1,46,'','',' ',' ',NULL,NULL,NULL,NULL,0,0,0,0,0),
 (196,3,1,47,'','',' ',' ',NULL,NULL,NULL,NULL,0,0,0,0,0),
 (197,3,1,48,'','',' ',' ',NULL,NULL,NULL,NULL,0,0,0,0,0),
 (198,3,1,49,'','',' ',' ',NULL,NULL,NULL,NULL,0,0,0,0,0),
 (199,3,1,50,'','',' ',' ',NULL,NULL,NULL,NULL,0,0,0,0,0),
 (200,3,1,51,'','',' ',' ',NULL,NULL,NULL,NULL,0,0,0,0,0),
 (201,3,1,52,'','',' ',' ',NULL,NULL,NULL,NULL,0,0,0,0,0),
 (202,3,1,53,'','',' ',' ',NULL,NULL,NULL,NULL,0,0,0,0,0),
 (203,3,1,54,'','',' ',' ',NULL,NULL,NULL,NULL,0,0,0,0,0),
 (204,3,1,55,'','',' ',' ',NULL,NULL,NULL,NULL,0,0,0,0,0),
 (205,3,1,56,'','',' ',' ',NULL,NULL,NULL,NULL,0,0,0,0,0),
 (206,3,1,57,'','',' ',' ',NULL,NULL,NULL,NULL,0,0,0,0,0),
 (207,3,1,58,'','',' ',' ',NULL,NULL,NULL,NULL,0,0,0,0,0),
 (208,3,1,59,'','',' ',' ',NULL,NULL,NULL,NULL,0,0,0,0,0),
 (209,3,1,60,'','',' ',' ',NULL,NULL,NULL,NULL,0,0,0,0,0),
 (210,3,1,61,'','',' ',' ',NULL,NULL,NULL,NULL,0,0,0,0,0),
 (211,3,1,62,'','',' ',' ',NULL,NULL,NULL,NULL,0,0,0,0,0),
 (212,3,1,63,'','',' ',' ',NULL,NULL,NULL,NULL,0,0,0,0,0),
 (213,3,1,64,'','',' ',' ',NULL,NULL,NULL,NULL,0,0,0,0,0),
 (214,3,1,65,'','',' ',' ',NULL,NULL,NULL,NULL,0,0,0,0,0),
 (215,3,1,66,'','',' ',' ',NULL,NULL,NULL,NULL,0,0,0,0,0),
 (216,3,1,67,'','',' ',' ',NULL,NULL,NULL,NULL,0,0,0,0,0),
 (217,3,1,68,'','',' ',' ',NULL,NULL,NULL,NULL,0,0,0,0,0),
 (218,3,1,69,'','',' ',' ',NULL,NULL,NULL,NULL,0,0,0,0,0),
 (219,3,1,70,'','',' ',' ',NULL,NULL,NULL,NULL,0,0,0,0,0),
 (220,3,1,71,'','',' ',' ',NULL,NULL,NULL,NULL,0,0,0,0,0),
 (221,3,1,72,'','',' ',' ',NULL,NULL,NULL,NULL,0,0,0,0,0),
 (222,3,1,73,'','',' ',' ',NULL,NULL,NULL,NULL,0,0,0,0,0),
 (223,3,1,74,'','',' ',' ',NULL,NULL,NULL,NULL,0,0,0,0,0),
 (224,3,1,75,'','',' ',' ',NULL,NULL,NULL,NULL,0,0,0,0,0),
 (225,3,1,76,'','',' ',' ',NULL,NULL,NULL,NULL,0,0,0,0,0),
 (226,4,1,77,'','',' ',' ',NULL,NULL,NULL,NULL,0,0,0,0,0),
 (227,4,1,78,'','',' ',' ',NULL,NULL,NULL,NULL,0,0,0,0,0),
 (228,4,1,79,'','',' ',' ',NULL,NULL,NULL,NULL,0,0,0,0,0),
 (229,4,1,80,'','',' ',' ',NULL,NULL,NULL,NULL,0,0,0,0,0),
 (230,4,1,81,'','',' ',' ',NULL,NULL,NULL,NULL,0,0,0,0,0),
 (231,4,1,82,'','',' ',' ',NULL,NULL,NULL,NULL,0,0,0,0,0),
 (232,4,1,83,'','',' ',' ',NULL,NULL,NULL,NULL,0,0,0,0,0),
 (233,4,1,84,'','',' ',' ',NULL,NULL,NULL,NULL,0,0,0,0,0),
 (234,4,1,85,'','',' ',' ',NULL,NULL,NULL,NULL,0,0,0,0,0),
 (235,4,1,86,'','',' ',' ',NULL,NULL,NULL,NULL,0,0,0,0,0),
 (236,4,1,87,'','',' ',' ',NULL,NULL,NULL,NULL,0,0,0,0,0),
 (237,4,1,88,'','',' ',' ',NULL,NULL,NULL,NULL,0,0,0,0,0),
 (238,4,1,89,'','',' ',' ',NULL,NULL,NULL,NULL,0,0,0,0,0),
 (239,4,1,90,'','',' ',' ',NULL,NULL,NULL,NULL,0,0,0,0,0),
 (240,4,1,91,'','',' ',' ',NULL,NULL,NULL,NULL,0,0,0,0,0),
 (241,4,1,92,'','',' ',' ',NULL,NULL,NULL,NULL,0,0,0,0,0),
 (242,4,1,93,'','',' ',' ',NULL,NULL,NULL,NULL,0,0,0,0,0),
 (243,4,1,94,'','',' ',' ',NULL,NULL,NULL,NULL,0,0,0,0,0),
 (244,4,1,95,'','',' ',' ',NULL,NULL,NULL,NULL,0,0,0,0,0),
 (245,4,1,96,'','',' ',' ',NULL,NULL,NULL,NULL,0,0,0,0,0),
 (246,4,1,97,'','',' ',' ',NULL,NULL,NULL,NULL,0,0,0,0,0),
 (247,4,1,98,'','',' ',' ',NULL,NULL,NULL,NULL,0,0,0,0,0),
 (248,4,1,99,'','',' ',' ',NULL,NULL,NULL,NULL,0,0,0,0,0),
 (249,4,1,100,'','',' ',' ',NULL,NULL,NULL,NULL,0,0,0,0,0),
 (250,4,1,101,'','',' ',' ',NULL,NULL,NULL,NULL,0,0,0,0,0),
 (251,4,1,102,'','',' ',' ',NULL,NULL,NULL,NULL,0,0,0,0,0),
 (252,4,1,103,'','',' ',' ',NULL,NULL,NULL,NULL,0,0,0,0,0),
 (253,4,1,104,'','',' ',' ',NULL,NULL,NULL,NULL,0,0,0,0,0),
 (254,4,1,105,'','',' ',' ',NULL,NULL,NULL,NULL,0,0,0,0,0),
 (255,4,1,106,'','',' ',' ',NULL,NULL,NULL,NULL,0,0,0,0,0),
 (256,4,1,107,'','',' ',' ',NULL,NULL,NULL,NULL,0,0,0,0,0),
 (257,4,1,108,'','',' ',' ',NULL,NULL,NULL,NULL,0,0,0,0,0),
 (258,4,1,109,'','',' ',' ',NULL,NULL,NULL,NULL,0,0,0,0,0),
 (259,4,1,110,'','',' ',' ',NULL,NULL,NULL,NULL,0,0,0,0,0),
 (260,4,1,111,'','',' ',' ',NULL,NULL,NULL,NULL,0,0,0,0,0),
 (261,4,1,112,'','',' ',' ',NULL,NULL,NULL,NULL,0,0,0,0,0),
 (262,4,1,113,'','',' ',' ',NULL,NULL,NULL,NULL,0,0,0,0,0),
 (263,4,1,114,'','',' ',' ',NULL,NULL,NULL,NULL,0,0,0,0,0),
 (264,4,1,115,'','',' ',' ',NULL,NULL,NULL,NULL,0,0,0,0,0),
 (265,4,1,116,'','',' ',' ',NULL,NULL,NULL,NULL,0,0,0,0,0),
 (266,4,1,117,'','',' ',' ',NULL,NULL,NULL,NULL,0,0,0,0,0),
 (267,4,1,118,'','',' ',' ',NULL,NULL,NULL,NULL,0,0,0,0,0),
 (268,4,1,119,'','',' ',' ',NULL,NULL,NULL,NULL,0,0,0,0,0),
 (269,4,1,120,'','',' ',' ',NULL,NULL,NULL,NULL,0,0,0,0,0),
 (270,4,1,121,'','',' ',' ',NULL,NULL,NULL,NULL,0,0,0,0,0),
 (271,4,1,122,'','',' ',' ',NULL,NULL,NULL,NULL,0,0,0,0,0),
 (272,4,1,123,'','',' ',' ',NULL,NULL,NULL,NULL,0,0,0,0,0),
 (273,4,1,124,'','',' ',' ',NULL,NULL,NULL,NULL,0,0,0,0,0),
 (274,4,1,125,'','',' ',' ',NULL,NULL,NULL,NULL,0,0,0,0,0),
 (275,4,1,126,'','',' ',' ',NULL,NULL,NULL,NULL,0,0,0,0,0),
 (276,4,1,127,'','',' ',' ',NULL,NULL,NULL,NULL,0,0,0,0,0),
 (277,4,1,128,'','',' ',' ',NULL,NULL,NULL,NULL,0,0,0,0,0),
 (278,4,1,129,'','',' ',' ',NULL,NULL,NULL,NULL,0,0,0,0,0),
 (279,4,1,130,'','',' ',' ',NULL,NULL,NULL,NULL,0,0,0,0,0),
 (280,4,1,131,'','',' ',' ',NULL,NULL,NULL,NULL,0,0,0,0,0),
 (281,4,1,132,'','',' ',' ',NULL,NULL,NULL,NULL,0,0,0,0,0),
 (282,4,1,133,'','',' ',' ',NULL,NULL,NULL,NULL,0,0,0,0,0),
 (283,4,1,134,'','',' ',' ',NULL,NULL,NULL,NULL,0,0,0,0,0),
 (284,4,1,135,'','',' ',' ',NULL,NULL,NULL,NULL,0,0,0,0,0),
 (285,4,1,136,'','',' ',' ',NULL,NULL,NULL,NULL,0,0,0,0,0),
 (286,4,1,137,'','',' ',' ',NULL,NULL,NULL,NULL,0,0,0,0,0),
 (287,4,1,138,'','',' ',' ',NULL,NULL,NULL,NULL,0,0,0,0,0),
 (288,4,1,139,'','',' ',' ',NULL,NULL,NULL,NULL,0,0,0,0,0),
 (289,4,1,140,'','',' ',' ',NULL,NULL,NULL,NULL,0,0,0,0,0),
 (290,4,1,141,'','',' ',' ',NULL,NULL,NULL,NULL,0,0,0,0,0),
 (291,4,1,142,'','',' ',' ',NULL,NULL,NULL,NULL,0,0,0,0,0),
 (292,4,1,143,'','',' ',' ',NULL,NULL,NULL,NULL,0,0,0,0,0),
 (293,4,1,144,'','',' ',' ',NULL,NULL,NULL,NULL,0,0,0,0,0),
 (294,4,1,145,'','',' ',' ',NULL,NULL,NULL,NULL,0,0,0,0,0),
 (295,4,1,146,'','',' ',' ',NULL,NULL,NULL,NULL,0,0,0,0,0),
 (296,4,1,147,'','',' ',' ',NULL,NULL,NULL,NULL,0,0,0,0,0),
 (297,4,1,148,'','',' ',' ',NULL,NULL,NULL,NULL,0,0,0,0,0),
 (298,4,1,149,'','',' ',' ',NULL,NULL,NULL,NULL,0,0,0,0,0),
 (299,4,1,150,'','',' ',' ',NULL,NULL,NULL,NULL,0,0,0,0,0),
 (300,4,1,151,'','',' ',' ',NULL,NULL,NULL,NULL,0,0,0,0,0),
 (301,4,1,152,'','',' ',' ',NULL,NULL,NULL,NULL,0,0,0,0,0),
 (302,4,1,153,'','',' ',' ',NULL,NULL,NULL,NULL,0,0,0,0,0),
 (303,4,1,154,'','',' ',' ',NULL,NULL,NULL,NULL,0,0,0,0,0),
 (304,4,1,155,'','',' ',' ',NULL,NULL,NULL,NULL,0,0,0,0,0),
 (305,4,1,156,'','',' ',' ',NULL,NULL,NULL,NULL,0,0,0,0,0),
 (306,4,1,157,'','',' ',' ',NULL,NULL,NULL,NULL,0,0,0,0,0),
 (307,4,1,158,'','',' ',' ',NULL,NULL,NULL,NULL,0,0,0,0,0),
 (308,4,1,159,'','',' ',' ',NULL,NULL,NULL,NULL,0,0,0,0,0),
 (309,4,1,160,'','',' ',' ',NULL,NULL,NULL,NULL,0,0,0,0,0),
 (310,4,1,161,'','',' ',' ',NULL,NULL,NULL,NULL,0,0,0,0,0),
 (311,4,1,162,'','',' ',' ',NULL,NULL,NULL,NULL,0,0,0,0,0),
 (312,4,1,163,'','',' ',' ',NULL,NULL,NULL,NULL,0,0,0,0,0),
 (313,4,1,164,'','',' ',' ',NULL,NULL,NULL,NULL,0,0,0,0,0),
 (314,4,1,165,'','',' ',' ',NULL,NULL,NULL,NULL,0,0,0,0,0),
 (315,4,1,166,'','',' ',' ',NULL,NULL,NULL,NULL,0,0,0,0,0),
 (316,4,1,167,'','',' ',' ',NULL,NULL,NULL,NULL,0,0,0,0,0),
 (317,4,1,168,'','',' ',' ',NULL,NULL,NULL,NULL,0,0,0,0,0),
 (318,4,1,169,'','',' ',' ',NULL,NULL,NULL,NULL,0,0,0,0,0),
 (319,4,1,170,'','',' ',' ',NULL,NULL,NULL,NULL,0,0,0,0,0),
 (320,4,1,171,'','',' ',' ',NULL,NULL,NULL,NULL,0,0,0,0,0),
 (321,4,1,172,'','',' ',' ',NULL,NULL,NULL,NULL,0,0,0,0,0),
 (322,4,1,173,'','',' ',' ',NULL,NULL,NULL,NULL,0,0,0,0,0),
 (323,4,1,174,'','',' ',' ',NULL,NULL,NULL,NULL,0,0,0,0,0),
 (324,4,1,175,'','',' ',' ',NULL,NULL,NULL,NULL,0,0,0,0,0),
 (325,4,1,176,'','',' ',' ',NULL,NULL,NULL,NULL,0,0,0,0,0),
 (326,4,1,177,'','',' ',' ',NULL,NULL,NULL,NULL,0,0,0,0,0),
 (327,4,1,178,'','',' ',' ',NULL,NULL,NULL,NULL,0,0,0,0,0),
 (328,4,1,179,'','',' ',' ',NULL,NULL,NULL,NULL,0,0,0,0,0),
 (329,4,1,180,'','',' ',' ',NULL,NULL,NULL,NULL,0,0,0,0,0),
 (330,4,1,181,'','',' ',' ',NULL,NULL,NULL,NULL,0,0,0,0,0),
 (331,4,1,182,'','',' ',' ',NULL,NULL,NULL,NULL,0,0,0,0,0),
 (332,4,1,183,'','',' ',' ',NULL,NULL,NULL,NULL,0,0,0,0,0),
 (333,4,1,184,'','',' ',' ',NULL,NULL,NULL,NULL,0,0,0,0,0),
 (334,4,1,185,'','',' ',' ',NULL,NULL,NULL,NULL,0,0,0,0,0),
 (335,4,1,186,'','',' ',' ',NULL,NULL,NULL,NULL,0,0,0,0,0),
 (336,4,1,187,'','',' ',' ',NULL,NULL,NULL,NULL,0,0,0,0,0),
 (337,4,1,188,'','',' ',' ',NULL,NULL,NULL,NULL,0,0,0,0,0),
 (338,4,1,189,'','',' ',' ',NULL,NULL,NULL,NULL,0,0,0,0,0),
 (339,4,1,190,'','',' ',' ',NULL,NULL,NULL,NULL,0,0,0,0,0),
 (340,4,1,191,'','',' ',' ',NULL,NULL,NULL,NULL,0,0,0,0,0),
 (341,4,1,192,'','',' ',' ',NULL,NULL,NULL,NULL,0,0,0,0,0),
 (342,4,1,193,'','',' ',' ',NULL,NULL,NULL,NULL,0,0,0,0,0),
 (343,4,1,194,'','',' ',' ',NULL,NULL,NULL,NULL,0,0,0,0,0),
 (344,4,1,195,'','',' ',' ',NULL,NULL,NULL,NULL,0,0,0,0,0),
 (345,4,1,196,'','',' ',' ',NULL,NULL,NULL,NULL,0,0,0,0,0),
 (346,4,1,197,'','',' ',' ',NULL,NULL,NULL,NULL,0,0,0,0,0),
 (347,4,1,198,'','',' ',' ',NULL,NULL,NULL,NULL,0,0,0,0,0),
 (348,4,1,199,'','',' ',' ',NULL,NULL,NULL,NULL,0,0,0,0,0),
 (349,4,1,200,'','',' ',' ',NULL,NULL,NULL,NULL,0,0,0,0,0),
 (350,4,1,201,'','',' ',' ',NULL,NULL,NULL,NULL,0,0,0,0,0),
 (351,4,1,202,'','',' ',' ',NULL,NULL,NULL,NULL,0,0,0,0,0),
 (352,4,1,203,'','',' ',' ',NULL,NULL,NULL,NULL,0,0,0,0,0),
 (353,4,1,204,'','',' ',' ',NULL,NULL,NULL,NULL,0,0,0,0,0),
 (354,4,1,205,'','',' ',' ',NULL,NULL,NULL,NULL,0,0,0,0,0),
 (355,4,1,206,'','',' ',' ',NULL,NULL,NULL,NULL,0,0,0,0,0),
 (356,4,1,207,'','',' ',' ',NULL,NULL,NULL,NULL,0,0,0,0,0),
 (357,4,1,208,'','',' ',' ',NULL,NULL,NULL,NULL,0,0,0,0,0),
 (358,4,1,209,'','',' ',' ',NULL,NULL,NULL,NULL,0,0,0,0,0),
 (359,4,1,210,'','',' ',' ',NULL,NULL,NULL,NULL,0,0,0,0,0),
 (360,4,1,211,'','',' ',' ',NULL,NULL,NULL,NULL,0,0,0,0,0),
 (361,4,1,212,'','',' ',' ',NULL,NULL,NULL,NULL,0,0,0,0,0),
 (362,4,1,213,'','',' ',' ',NULL,NULL,NULL,NULL,0,0,0,0,0),
 (363,4,1,214,'','',' ',' ',NULL,NULL,NULL,NULL,0,0,0,0,0),
 (364,4,1,215,'','',' ',' ',NULL,NULL,NULL,NULL,0,0,0,0,0),
 (365,4,1,216,'','',' ',' ',NULL,NULL,NULL,NULL,0,0,0,0,0),
 (366,4,1,217,'','',' ',' ',NULL,NULL,NULL,NULL,0,0,0,0,0),
 (367,4,1,218,'','',' ',' ',NULL,NULL,NULL,NULL,0,0,0,0,0),
 (368,4,1,219,'','',' ',' ',NULL,NULL,NULL,NULL,0,0,0,0,0),
 (369,4,1,220,'','',' ',' ',NULL,NULL,NULL,NULL,0,0,0,0,0),
 (370,4,1,221,'','',' ',' ',NULL,NULL,NULL,NULL,0,0,0,0,0),
 (371,4,1,222,'','',' ',' ',NULL,NULL,NULL,NULL,0,0,0,0,0),
 (372,4,1,223,'','',' ',' ',NULL,NULL,NULL,NULL,0,0,0,0,0),
 (373,4,1,224,'','',' ',' ',NULL,NULL,NULL,NULL,0,0,0,0,0),
 (374,4,1,225,'','',' ',' ',NULL,NULL,NULL,NULL,0,0,0,0,0),
 (375,4,1,226,'','',' ',' ',NULL,NULL,NULL,NULL,0,0,0,0,0),
 (376,4,1,227,'','',' ',' ',NULL,NULL,NULL,NULL,0,0,0,0,0),
 (377,4,1,228,'','',' ',' ',NULL,NULL,NULL,NULL,0,0,0,0,0),
 (378,4,1,229,'','',' ',' ',NULL,NULL,NULL,NULL,0,0,0,0,0),
 (379,4,1,230,'','',' ',' ',NULL,NULL,NULL,NULL,0,0,0,0,0),
 (380,4,1,231,'','',' ',' ',NULL,NULL,NULL,NULL,0,0,0,0,0),
 (381,4,1,232,'','',' ',' ',NULL,NULL,NULL,NULL,0,0,0,0,0),
 (382,4,1,233,'','',' ',' ',NULL,NULL,NULL,NULL,0,0,0,0,0),
 (383,4,1,234,'','',' ',' ',NULL,NULL,NULL,NULL,0,0,0,0,0),
 (384,4,1,235,'','',' ',' ',NULL,NULL,NULL,NULL,0,0,0,0,0),
 (385,4,1,236,'','',' ',' ',NULL,NULL,NULL,NULL,0,0,0,0,0),
 (386,4,1,237,'','',' ',' ',NULL,NULL,NULL,NULL,0,0,0,0,0),
 (387,4,1,238,'','',' ',' ',NULL,NULL,NULL,NULL,0,0,0,0,0),
 (388,4,1,239,'','',' ',' ',NULL,NULL,NULL,NULL,0,0,0,0,0),
 (389,4,1,240,'','',' ',' ',NULL,NULL,NULL,NULL,0,0,0,0,0),
 (390,4,1,241,'','',' ',' ',NULL,NULL,NULL,NULL,0,0,0,0,0),
 (391,4,1,242,'','',' ',' ',NULL,NULL,NULL,NULL,0,0,0,0,0),
 (392,4,1,243,'','',' ',' ',NULL,NULL,NULL,NULL,0,0,0,0,0),
 (393,4,1,244,'','',' ',' ',NULL,NULL,NULL,NULL,0,0,0,0,0),
 (394,4,1,245,'','',' ',' ',NULL,NULL,NULL,NULL,0,0,0,0,0),
 (395,4,1,246,'','',' ',' ',NULL,NULL,NULL,NULL,0,0,0,0,0),
 (396,4,1,247,'','',' ',' ',NULL,NULL,NULL,NULL,0,0,0,0,0),
 (397,4,1,248,'','',' ',' ',NULL,NULL,NULL,NULL,0,0,0,0,0),
 (398,4,1,249,'','',' ',' ',NULL,NULL,NULL,NULL,0,0,0,0,0),
 (399,4,1,250,'','',' ',' ',NULL,NULL,NULL,NULL,0,0,0,0,0),
 (400,4,1,251,'','',' ',' ',NULL,NULL,NULL,NULL,0,0,0,0,0),
 (401,4,1,252,'','',' ',' ',NULL,NULL,NULL,NULL,0,0,0,0,0),
 (402,4,1,253,'','',' ',' ',NULL,NULL,NULL,NULL,0,0,0,0,0),
 (403,4,1,254,'','',' ',' ',NULL,NULL,NULL,NULL,0,0,0,0,0),
 (404,4,1,255,'','',' ',' ',NULL,NULL,NULL,NULL,0,0,0,0,0),
 (405,4,1,256,'','',' ',' ',NULL,NULL,NULL,NULL,0,0,0,0,0),
 (406,4,1,257,'','',' ',' ',NULL,NULL,NULL,NULL,0,0,0,0,0),
 (407,4,1,258,'','',' ',' ',NULL,NULL,NULL,NULL,0,0,0,0,0),
 (408,4,1,259,'','',' ',' ',NULL,NULL,NULL,NULL,0,0,0,0,0),
 (409,4,1,260,'','',' ',' ',NULL,NULL,NULL,NULL,0,0,0,0,0),
 (410,4,1,261,'','',' ',' ',NULL,NULL,NULL,NULL,0,0,0,0,0),
 (411,4,1,262,'','',' ',' ',NULL,NULL,NULL,NULL,0,0,0,0,0),
 (412,4,1,263,'','',' ',' ',NULL,NULL,NULL,NULL,0,0,0,0,0),
 (413,4,1,264,'','',' ',' ',NULL,NULL,NULL,NULL,0,0,0,0,0),
 (414,4,1,265,'','',' ',' ',NULL,NULL,NULL,NULL,0,0,0,0,0),
 (415,4,1,266,'','',' ',' ',NULL,NULL,NULL,NULL,0,0,0,0,0),
 (416,4,1,267,'','',' ',' ',NULL,NULL,NULL,NULL,0,0,0,0,0),
 (417,4,1,268,'','',' ',' ',NULL,NULL,NULL,NULL,0,0,0,0,0),
 (418,4,1,269,'','',' ',' ',NULL,NULL,NULL,NULL,0,0,0,0,0),
 (419,4,1,270,'','',' ',' ',NULL,NULL,NULL,NULL,0,0,0,0,0),
 (420,4,1,271,'','',' ',' ',NULL,NULL,NULL,NULL,0,0,0,0,0),
 (421,4,1,272,'','',' ',' ',NULL,NULL,NULL,NULL,0,0,0,0,0),
 (422,4,1,273,'','',' ',' ',NULL,NULL,NULL,NULL,0,0,0,0,0),
 (423,4,1,274,'','',' ',' ',NULL,NULL,NULL,NULL,0,0,0,0,0),
 (424,4,1,275,'','',' ',' ',NULL,NULL,NULL,NULL,0,0,0,0,0),
 (425,4,1,276,'','',' ',' ',NULL,NULL,NULL,NULL,0,0,0,0,0),
 (426,4,1,277,'','',' ',' ',NULL,NULL,NULL,NULL,0,0,0,0,0),
 (427,4,1,278,'','',' ',' ',NULL,NULL,NULL,NULL,0,0,0,0,0),
 (428,4,1,279,'','',' ',' ',NULL,NULL,NULL,NULL,0,0,0,0,0),
 (429,4,1,280,'','',' ',' ',NULL,NULL,NULL,NULL,0,0,0,0,0),
 (430,4,1,281,'','',' ',' ',NULL,NULL,NULL,NULL,0,0,0,0,0),
 (431,4,1,282,'','',' ',' ',NULL,NULL,NULL,NULL,0,0,0,0,0),
 (432,4,1,283,'','',' ',' ',NULL,NULL,NULL,NULL,0,0,0,0,0),
 (433,4,1,284,'','',' ',' ',NULL,NULL,NULL,NULL,0,0,0,0,0),
 (434,4,1,285,'','',' ',' ',NULL,NULL,NULL,NULL,0,0,0,0,0),
 (435,4,1,286,'','',' ',' ',NULL,NULL,NULL,NULL,0,0,0,0,0),
 (436,4,1,287,'','',' ',' ',NULL,NULL,NULL,NULL,0,0,0,0,0),
 (437,4,1,288,'','',' ',' ',NULL,NULL,NULL,NULL,0,0,0,0,0),
 (438,4,1,289,'','',' ',' ',NULL,NULL,NULL,NULL,0,0,0,0,0),
 (439,4,1,290,'','',' ',' ',NULL,NULL,NULL,NULL,0,0,0,0,0),
 (440,4,1,291,'','',' ',' ',NULL,NULL,NULL,NULL,0,0,0,0,0),
 (441,4,1,292,'','',' ',' ',NULL,NULL,NULL,NULL,0,0,0,0,0),
 (442,4,1,293,'','',' ',' ',NULL,NULL,NULL,NULL,0,0,0,0,0),
 (443,4,1,294,'','',' ',' ',NULL,NULL,NULL,NULL,0,0,0,0,0),
 (444,4,1,295,'','',' ',' ',NULL,NULL,NULL,NULL,0,0,0,0,0),
 (445,4,1,296,'','',' ',' ',NULL,NULL,NULL,NULL,0,0,0,0,0),
 (446,4,1,297,'','',' ',' ',NULL,NULL,NULL,NULL,0,0,0,0,0),
 (447,4,1,298,'','',' ',' ',NULL,NULL,NULL,NULL,0,0,0,0,0),
 (448,4,1,299,'','',' ',' ',NULL,NULL,NULL,NULL,0,0,0,0,0),
 (449,4,1,300,'','',' ',' ',NULL,NULL,NULL,NULL,0,0,0,0,0),
 (450,4,1,301,'','',' ',' ',NULL,NULL,NULL,NULL,0,0,0,0,0),
 (451,4,1,302,'','',' ',' ',NULL,NULL,NULL,NULL,0,0,0,0,0),
 (452,4,1,303,'','',' ',' ',NULL,NULL,NULL,NULL,0,0,0,0,0),
 (453,4,1,304,'','',' ',' ',NULL,NULL,NULL,NULL,0,0,0,0,0),
 (454,4,1,305,'','',' ',' ',NULL,NULL,NULL,NULL,0,0,0,0,0),
 (455,4,1,306,'','',' ',' ',NULL,NULL,NULL,NULL,0,0,0,0,0),
 (456,4,1,307,'','',' ',' ',NULL,NULL,NULL,NULL,0,0,0,0,0),
 (457,4,1,308,'','',' ',' ',NULL,NULL,NULL,NULL,0,0,0,0,0),
 (458,4,1,309,'','',' ',' ',NULL,NULL,NULL,NULL,0,0,0,0,0),
 (459,4,1,310,'','',' ',' ',NULL,NULL,NULL,NULL,0,0,0,0,0),
 (460,4,1,311,'','',' ',' ',NULL,NULL,NULL,NULL,0,0,0,0,0),
 (461,4,1,312,'','',' ',' ',NULL,NULL,NULL,NULL,0,0,0,0,0),
 (462,4,1,313,'','',' ',' ',NULL,NULL,NULL,NULL,0,0,0,0,0),
 (463,4,1,314,'','',' ',' ',NULL,NULL,NULL,NULL,0,0,0,0,0),
 (464,4,1,315,'','',' ',' ',NULL,NULL,NULL,NULL,0,0,0,0,0),
 (465,4,1,316,'','',' ',' ',NULL,NULL,NULL,NULL,0,0,0,0,0),
 (466,4,1,317,'','',' ',' ',NULL,NULL,NULL,NULL,0,0,0,0,0),
 (467,4,1,318,'','',' ',' ',NULL,NULL,NULL,NULL,0,0,0,0,0),
 (468,4,1,319,'','',' ',' ',NULL,NULL,NULL,NULL,0,0,0,0,0),
 (469,4,1,320,'','',' ',' ',NULL,NULL,NULL,NULL,0,0,0,0,0),
 (470,4,1,321,'','',' ',' ',NULL,NULL,NULL,NULL,0,0,0,0,0),
 (471,4,1,322,'','',' ',' ',NULL,NULL,NULL,NULL,0,0,0,0,0),
 (472,4,1,323,'','',' ',' ',NULL,NULL,NULL,NULL,0,0,0,0,0),
 (473,4,1,324,'','',' ',' ',NULL,NULL,NULL,NULL,0,0,0,0,0),
 (474,4,1,325,'','',' ',' ',NULL,NULL,NULL,NULL,0,0,0,0,0),
 (475,4,1,326,'','',' ',' ',NULL,NULL,NULL,NULL,0,0,0,0,0),
 (476,4,1,327,'','',' ',' ',NULL,NULL,NULL,NULL,0,0,0,0,0),
 (477,4,1,328,'','',' ',' ',NULL,NULL,NULL,NULL,0,0,0,0,0),
 (478,4,1,329,'','',' ',' ',NULL,NULL,NULL,NULL,0,0,0,0,0),
 (479,4,1,330,'','',' ',' ',NULL,NULL,NULL,NULL,0,0,0,0,0),
 (480,4,1,331,'','',' ',' ',NULL,NULL,NULL,NULL,0,0,0,0,0),
 (481,4,1,332,'','',' ',' ',NULL,NULL,NULL,NULL,0,0,0,0,0),
 (482,4,1,333,'','',' ',' ',NULL,NULL,NULL,NULL,0,0,0,0,0),
 (483,4,1,334,'','',' ',' ',NULL,NULL,NULL,NULL,0,0,0,0,0),
 (484,4,1,335,'','',' ',' ',NULL,NULL,NULL,NULL,0,0,0,0,0),
 (485,4,1,336,'','',' ',' ',NULL,NULL,NULL,NULL,0,0,0,0,0),
 (486,4,1,337,'','',' ',' ',NULL,NULL,NULL,NULL,0,0,0,0,0),
 (487,4,1,338,'','',' ',' ',NULL,NULL,NULL,NULL,0,0,0,0,0),
 (488,4,1,339,'','',' ',' ',NULL,NULL,NULL,NULL,0,0,0,0,0),
 (489,4,1,340,'','',' ',' ',NULL,NULL,NULL,NULL,0,0,0,0,0),
 (490,4,1,341,'','',' ',' ',NULL,NULL,NULL,NULL,0,0,0,0,0),
 (491,4,1,342,'','',' ',' ',NULL,NULL,NULL,NULL,0,0,0,0,0),
 (492,4,1,343,'','',' ',' ',NULL,NULL,NULL,NULL,0,0,0,0,0),
 (493,4,1,344,'','',' ',' ',NULL,NULL,NULL,NULL,0,0,0,0,0),
 (494,4,1,345,'','',' ',' ',NULL,NULL,NULL,NULL,0,0,0,0,0),
 (495,4,1,346,'','',' ',' ',NULL,NULL,NULL,NULL,0,0,0,0,0),
 (496,4,1,347,'','',' ',' ',NULL,NULL,NULL,NULL,0,0,0,0,0),
 (497,4,1,348,'','',' ',' ',NULL,NULL,NULL,NULL,0,0,0,0,0),
 (498,4,1,349,'','',' ',' ',NULL,NULL,NULL,NULL,0,0,0,0,0),
 (499,4,1,350,'','',' ',' ',NULL,NULL,NULL,NULL,0,0,0,0,0),
 (500,4,1,351,'','',' ',' ',NULL,NULL,NULL,NULL,0,0,0,0,0),
 (501,4,1,352,'','',' ',' ',NULL,NULL,NULL,NULL,0,0,0,0,0),
 (502,4,1,353,'','',' ',' ',NULL,NULL,NULL,NULL,0,0,0,0,0),
 (503,4,1,354,'','',' ',' ',NULL,NULL,NULL,NULL,0,0,0,0,0),
 (504,4,1,355,'','',' ',' ',NULL,NULL,NULL,NULL,0,0,0,0,0),
 (505,4,1,356,'','',' ',' ',NULL,NULL,NULL,NULL,0,0,0,0,0),
 (506,4,1,357,'','',' ',' ',NULL,NULL,NULL,NULL,0,0,0,0,0),
 (507,4,1,358,'','',' ',' ',NULL,NULL,NULL,NULL,0,0,0,0,0),
 (508,4,1,359,'','',' ',' ',NULL,NULL,NULL,NULL,0,0,0,0,0),
 (509,4,1,360,'','',' ',' ',NULL,NULL,NULL,NULL,0,0,0,0,0),
 (510,4,1,361,'','',' ',' ',NULL,NULL,NULL,NULL,0,0,0,0,0),
 (511,4,1,362,'','',' ',' ',NULL,NULL,NULL,NULL,0,0,0,0,0),
 (512,4,1,363,'','',' ',' ',NULL,NULL,NULL,NULL,0,0,0,0,0),
 (513,4,1,364,'','',' ',' ',NULL,NULL,NULL,NULL,0,0,0,0,0),
 (514,4,1,365,'','',' ',' ',NULL,NULL,NULL,NULL,0,0,0,0,0),
 (515,4,1,366,'','',' ',' ',NULL,NULL,NULL,NULL,0,0,0,0,0),
 (516,4,1,367,'','',' ',' ',NULL,NULL,NULL,NULL,0,0,0,0,0),
 (517,4,1,368,'','',' ',' ',NULL,NULL,NULL,NULL,0,0,0,0,0),
 (518,4,1,369,'','',' ',' ',NULL,NULL,NULL,NULL,0,0,0,0,0),
 (519,4,1,370,'','',' ',' ',NULL,NULL,NULL,NULL,0,0,0,0,0),
 (520,4,1,371,'','',' ',' ',NULL,NULL,NULL,NULL,0,0,0,0,0),
 (521,4,1,372,'','',' ',' ',NULL,NULL,NULL,NULL,0,0,0,0,0),
 (522,4,1,373,'','',' ',' ',NULL,NULL,NULL,NULL,0,0,0,0,0),
 (523,4,1,374,'','',' ',' ',NULL,NULL,NULL,NULL,0,0,0,0,0),
 (524,4,1,375,'','',' ',' ',NULL,NULL,NULL,NULL,0,0,0,0,0),
 (525,4,1,376,'','',' ',' ',NULL,NULL,NULL,NULL,0,0,0,0,0),
 (526,4,1,377,'','',' ',' ',NULL,NULL,NULL,NULL,0,0,0,0,0),
 (527,4,1,378,'','',' ',' ',NULL,NULL,NULL,NULL,0,0,0,0,0),
 (528,4,1,379,'','',' ',' ',NULL,NULL,NULL,NULL,0,0,0,0,0),
 (529,4,1,380,'','',' ',' ',NULL,NULL,NULL,NULL,0,0,0,0,0),
 (530,4,1,381,'','',' ',' ',NULL,NULL,NULL,NULL,0,0,0,0,0),
 (531,4,1,382,'','',' ',' ',NULL,NULL,NULL,NULL,0,0,0,0,0),
 (532,4,1,383,'','',' ',' ',NULL,NULL,NULL,NULL,0,0,0,0,0),
 (533,4,1,384,'','',' ',' ',NULL,NULL,NULL,NULL,0,0,0,0,0),
 (534,4,1,385,'','',' ',' ',NULL,NULL,NULL,NULL,0,0,0,0,0),
 (535,4,1,386,'','',' ',' ',NULL,NULL,NULL,NULL,0,0,0,0,0),
 (536,4,1,387,'','',' ',' ',NULL,NULL,NULL,NULL,0,0,0,0,0),
 (537,4,1,388,'','',' ',' ',NULL,NULL,NULL,NULL,0,0,0,0,0),
 (538,4,1,389,'','',' ',' ',NULL,NULL,NULL,NULL,0,0,0,0,0),
 (539,4,1,390,'','',' ',' ',NULL,NULL,NULL,NULL,0,0,0,0,0),
 (540,4,1,391,'','',' ',' ',NULL,NULL,NULL,NULL,0,0,0,0,0),
 (541,4,1,392,'','',' ',' ',NULL,NULL,NULL,NULL,0,0,0,0,0),
 (542,4,1,393,'','',' ',' ',NULL,NULL,NULL,NULL,0,0,0,0,0),
 (543,4,1,394,'','',' ',' ',NULL,NULL,NULL,NULL,0,0,0,0,0),
 (544,4,1,395,'','',' ',' ',NULL,NULL,NULL,NULL,0,0,0,0,0),
 (545,4,1,396,'','',' ',' ',NULL,NULL,NULL,NULL,0,0,0,0,0),
 (546,4,1,397,'','',' ',' ',NULL,NULL,NULL,NULL,0,0,0,0,0),
 (547,4,1,398,'','',' ',' ',NULL,NULL,NULL,NULL,0,0,0,0,0),
 (548,4,1,399,'','',' ',' ',NULL,NULL,NULL,NULL,0,0,0,0,0),
 (549,4,1,400,'','',' ',' ',NULL,NULL,NULL,NULL,0,0,0,0,0),
 (550,4,1,401,'','',' ',' ',NULL,NULL,NULL,NULL,0,0,0,0,0),
 (551,4,1,402,'','',' ',' ',NULL,NULL,NULL,NULL,0,0,0,0,0),
 (552,4,1,403,'','',' ',' ',NULL,NULL,NULL,NULL,0,0,0,0,0),
 (553,4,1,404,'','',' ',' ',NULL,NULL,NULL,NULL,0,0,0,0,0),
 (554,4,1,405,'','',' ',' ',NULL,NULL,NULL,NULL,0,0,0,0,0),
 (555,4,1,406,'','',' ',' ',NULL,NULL,NULL,NULL,0,0,0,0,0),
 (556,4,1,407,'','',' ',' ',NULL,NULL,NULL,NULL,0,0,0,0,0),
 (557,4,1,408,'','',' ',' ',NULL,NULL,NULL,NULL,0,0,0,0,0),
 (558,4,1,409,'','',' ',' ',NULL,NULL,NULL,NULL,0,0,0,0,0),
 (559,4,1,410,'','',' ',' ',NULL,NULL,NULL,NULL,0,0,0,0,0),
 (560,4,1,411,'','',' ',' ',NULL,NULL,NULL,NULL,0,0,0,0,0),
 (561,4,1,412,'','',' ',' ',NULL,NULL,NULL,NULL,0,0,0,0,0),
 (562,4,1,413,'','',' ',' ',NULL,NULL,NULL,NULL,0,0,0,0,0),
 (563,4,1,414,'','',' ',' ',NULL,NULL,NULL,NULL,0,0,0,0,0),
 (564,4,1,415,'','',' ',' ',NULL,NULL,NULL,NULL,0,0,0,0,0),
 (565,4,1,416,'','',' ',' ',NULL,NULL,NULL,NULL,0,0,0,0,0),
 (566,4,1,417,'','',' ',' ',NULL,NULL,NULL,NULL,0,0,0,0,0),
 (567,4,1,418,'','',' ',' ',NULL,NULL,NULL,NULL,0,0,0,0,0),
 (568,4,1,419,'','',' ',' ',NULL,NULL,NULL,NULL,0,0,0,0,0),
 (569,4,1,420,'','',' ',' ',NULL,NULL,NULL,NULL,0,0,0,0,0),
 (570,4,1,421,'','',' ',' ',NULL,NULL,NULL,NULL,0,0,0,0,0),
 (571,4,1,422,'','',' ',' ',NULL,NULL,NULL,NULL,0,0,0,0,0),
 (572,4,1,423,'','',' ',' ',NULL,NULL,NULL,NULL,0,0,0,0,0),
 (573,4,1,424,'','',' ',' ',NULL,NULL,NULL,NULL,0,0,0,0,0),
 (574,4,1,425,'','',' ',' ',NULL,NULL,NULL,NULL,0,0,0,0,0),
 (575,4,1,426,'','',' ',' ',NULL,NULL,NULL,NULL,0,0,0,0,0),
 (576,4,1,427,'','',' ',' ',NULL,NULL,NULL,NULL,0,0,0,0,0),
 (577,4,1,428,'','',' ',' ',NULL,NULL,NULL,NULL,0,0,0,0,0),
 (578,4,1,429,'','',' ',' ',NULL,NULL,NULL,NULL,0,0,0,0,0),
 (579,4,1,430,'','',' ',' ',NULL,NULL,NULL,NULL,0,0,0,0,0),
 (580,4,1,431,'','',' ',' ',NULL,NULL,NULL,NULL,0,0,0,0,0),
 (581,4,1,432,'','',' ',' ',NULL,NULL,NULL,NULL,0,0,0,0,0),
 (582,4,1,433,'','',' ',' ',NULL,NULL,NULL,NULL,0,0,0,0,0),
 (583,4,1,434,'','',' ',' ',NULL,NULL,NULL,NULL,0,0,0,0,0),
 (584,4,1,435,'','',' ',' ',NULL,NULL,NULL,NULL,0,0,0,0,0),
 (585,4,1,436,'','',' ',' ',NULL,NULL,NULL,NULL,0,0,0,0,0),
 (586,4,1,437,'','',' ',' ',NULL,NULL,NULL,NULL,0,0,0,0,0),
 (587,4,1,438,'','',' ',' ',NULL,NULL,NULL,NULL,0,0,0,0,0),
 (588,4,1,439,'','',' ',' ',NULL,NULL,NULL,NULL,0,0,0,0,0),
 (589,4,1,440,'','',' ',' ',NULL,NULL,NULL,NULL,0,0,0,0,0),
 (590,4,1,441,'','',' ',' ',NULL,NULL,NULL,NULL,0,0,0,0,0),
 (591,4,1,442,'','',' ',' ',NULL,NULL,NULL,NULL,0,0,0,0,0),
 (592,4,1,443,'','',' ',' ',NULL,NULL,NULL,NULL,0,0,0,0,0),
 (593,4,1,444,'','',' ',' ',NULL,NULL,NULL,NULL,0,0,0,0,0),
 (594,4,1,445,'','',' ',' ',NULL,NULL,NULL,NULL,0,0,0,0,0),
 (595,4,1,446,'','',' ',' ',NULL,NULL,NULL,NULL,0,0,0,0,0),
 (596,4,1,447,'','',' ',' ',NULL,NULL,NULL,NULL,0,0,0,0,0),
 (597,4,1,448,'','',' ',' ',NULL,NULL,NULL,NULL,0,0,0,0,0),
 (598,4,1,449,'','',' ',' ',NULL,NULL,NULL,NULL,0,0,0,0,0),
 (599,4,1,450,'','',' ',' ',NULL,NULL,NULL,NULL,0,0,0,0,0),
 (600,4,1,451,'','',' ',' ',NULL,NULL,NULL,NULL,0,0,0,0,0),
 (601,4,1,452,'','',' ',' ',NULL,NULL,NULL,NULL,0,0,0,0,0),
 (602,4,1,453,'','',' ',' ',NULL,NULL,NULL,NULL,0,0,0,0,0),
 (603,4,1,454,'','',' ',' ',NULL,NULL,NULL,NULL,0,0,0,0,0),
 (604,4,1,455,'','',' ',' ',NULL,NULL,NULL,NULL,0,0,0,0,0),
 (605,4,1,456,'','',' ',' ',NULL,NULL,NULL,NULL,0,0,0,0,0),
 (606,4,1,457,'','',' ',' ',NULL,NULL,NULL,NULL,0,0,0,0,0),
 (607,4,1,458,'','',' ',' ',NULL,NULL,NULL,NULL,0,0,0,0,0),
 (608,4,1,459,'','',' ',' ',NULL,NULL,NULL,NULL,0,0,0,0,0),
 (609,4,1,460,'','',' ',' ',NULL,NULL,NULL,NULL,0,0,0,0,0),
 (610,4,1,461,'','',' ',' ',NULL,NULL,NULL,NULL,0,0,0,0,0),
 (611,4,1,462,'','',' ',' ',NULL,NULL,NULL,NULL,0,0,0,0,0),
 (612,4,1,463,'','',' ',' ',NULL,NULL,NULL,NULL,0,0,0,0,0),
 (613,4,1,464,'','',' ',' ',NULL,NULL,NULL,NULL,0,0,0,0,0),
 (614,4,1,465,'','',' ',' ',NULL,NULL,NULL,NULL,0,0,0,0,0),
 (615,4,1,466,'','',' ',' ',NULL,NULL,NULL,NULL,0,0,0,0,0),
 (616,4,1,467,'','',' ',' ',NULL,NULL,NULL,NULL,0,0,0,0,0),
 (617,5,1,77,'','',' ',' ',NULL,NULL,NULL,NULL,0,0,0,0,0),
 (618,5,1,78,'','',' ',' ',NULL,NULL,NULL,NULL,0,0,0,0,0),
 (619,5,1,79,'','',' ',' ',NULL,NULL,NULL,NULL,0,0,0,0,0),
 (620,5,1,80,'','',' ',' ',NULL,NULL,NULL,NULL,0,0,0,0,0),
 (621,5,1,81,'','',' ',' ',NULL,NULL,NULL,NULL,0,0,0,0,0),
 (622,5,1,82,'','',' ',' ',NULL,NULL,NULL,NULL,0,0,0,0,0),
 (623,5,1,83,'','',' ',' ',NULL,NULL,NULL,NULL,0,0,0,0,0),
 (624,5,1,84,'','',' ',' ',NULL,NULL,NULL,NULL,0,0,0,0,0),
 (625,5,1,85,'','',' ',' ',NULL,NULL,NULL,NULL,0,0,0,0,0),
 (626,5,1,86,'','',' ',' ',NULL,NULL,NULL,NULL,0,0,0,0,0),
 (627,5,1,87,'','',' ',' ',NULL,NULL,NULL,NULL,0,0,0,0,0),
 (628,5,1,88,'','',' ',' ',NULL,NULL,NULL,NULL,0,0,0,0,0),
 (629,5,1,89,'','',' ',' ',NULL,NULL,NULL,NULL,0,0,0,0,0),
 (630,5,1,90,'','',' ',' ',NULL,NULL,NULL,NULL,0,0,0,0,0),
 (631,5,1,91,'','',' ',' ',NULL,NULL,NULL,NULL,0,0,0,0,0),
 (632,5,1,92,'','',' ',' ',NULL,NULL,NULL,NULL,0,0,0,0,0),
 (633,5,1,93,'','',' ',' ',NULL,NULL,NULL,NULL,0,0,0,0,0),
 (634,5,1,94,'','',' ',' ',NULL,NULL,NULL,NULL,0,0,0,0,0),
 (635,5,1,95,'','',' ',' ',NULL,NULL,NULL,NULL,0,0,0,0,0),
 (636,5,1,96,'','',' ',' ',NULL,NULL,NULL,NULL,0,0,0,0,0),
 (637,5,1,97,'','',' ',' ',NULL,NULL,NULL,NULL,0,0,0,0,0),
 (638,5,1,98,'','',' ',' ',NULL,NULL,NULL,NULL,0,0,0,0,0),
 (639,5,1,99,'','',' ',' ',NULL,NULL,NULL,NULL,0,0,0,0,0),
 (640,5,1,100,'','',' ',' ',NULL,NULL,NULL,NULL,0,0,0,0,0),
 (641,5,1,101,'','',' ',' ',NULL,NULL,NULL,NULL,0,0,0,0,0),
 (642,5,1,102,'','',' ',' ',NULL,NULL,NULL,NULL,0,0,0,0,0),
 (643,5,1,103,'','',' ',' ',NULL,NULL,NULL,NULL,0,0,0,0,0),
 (644,5,1,104,'','',' ',' ',NULL,NULL,NULL,NULL,0,0,0,0,0),
 (645,5,1,105,'','',' ',' ',NULL,NULL,NULL,NULL,0,0,0,0,0),
 (646,5,1,106,'','',' ',' ',NULL,NULL,NULL,NULL,0,0,0,0,0),
 (647,5,1,107,'','',' ',' ',NULL,NULL,NULL,NULL,0,0,0,0,0),
 (648,5,1,108,'','',' ',' ',NULL,NULL,NULL,NULL,0,0,0,0,0),
 (649,5,1,109,'','',' ',' ',NULL,NULL,NULL,NULL,0,0,0,0,0),
 (650,5,1,110,'','',' ',' ',NULL,NULL,NULL,NULL,0,0,0,0,0),
 (651,5,1,111,'','',' ',' ',NULL,NULL,NULL,NULL,0,0,0,0,0),
 (652,5,1,112,'','',' ',' ',NULL,NULL,NULL,NULL,0,0,0,0,0),
 (653,5,1,113,'','',' ',' ',NULL,NULL,NULL,NULL,0,0,0,0,0),
 (654,5,1,114,'','',' ',' ',NULL,NULL,NULL,NULL,0,0,0,0,0),
 (655,5,1,115,'','',' ',' ',NULL,NULL,NULL,NULL,0,0,0,0,0),
 (656,5,1,116,'','',' ',' ',NULL,NULL,NULL,NULL,0,0,0,0,0),
 (657,5,1,117,'','',' ',' ',NULL,NULL,NULL,NULL,0,0,0,0,0),
 (658,5,1,118,'','',' ',' ',NULL,NULL,NULL,NULL,0,0,0,0,0),
 (659,5,1,119,'','',' ',' ',NULL,NULL,NULL,NULL,0,0,0,0,0),
 (660,5,1,120,'','',' ',' ',NULL,NULL,NULL,NULL,0,0,0,0,0),
 (661,5,1,121,'','',' ',' ',NULL,NULL,NULL,NULL,0,0,0,0,0),
 (662,5,1,122,'','',' ',' ',NULL,NULL,NULL,NULL,0,0,0,0,0),
 (663,5,1,123,'','',' ',' ',NULL,NULL,NULL,NULL,0,0,0,0,0),
 (664,5,1,124,'','',' ',' ',NULL,NULL,NULL,NULL,0,0,0,0,0),
 (665,5,1,125,'','',' ',' ',NULL,NULL,NULL,NULL,0,0,0,0,0),
 (666,5,1,126,'','',' ',' ',NULL,NULL,NULL,NULL,0,0,0,0,0),
 (667,5,1,127,'','',' ',' ',NULL,NULL,NULL,NULL,0,0,0,0,0),
 (668,5,1,128,'','',' ',' ',NULL,NULL,NULL,NULL,0,0,0,0,0),
 (669,5,1,129,'','',' ',' ',NULL,NULL,NULL,NULL,0,0,0,0,0),
 (670,5,1,130,'','',' ',' ',NULL,NULL,NULL,NULL,0,0,0,0,0),
 (671,5,1,131,'','',' ',' ',NULL,NULL,NULL,NULL,0,0,0,0,0),
 (672,5,1,132,'','',' ',' ',NULL,NULL,NULL,NULL,0,0,0,0,0),
 (673,5,1,133,'','',' ',' ',NULL,NULL,NULL,NULL,0,0,0,0,0),
 (674,5,1,134,'','',' ',' ',NULL,NULL,NULL,NULL,0,0,0,0,0),
 (675,5,1,135,'','',' ',' ',NULL,NULL,NULL,NULL,0,0,0,0,0),
 (676,5,1,136,'','',' ',' ',NULL,NULL,NULL,NULL,0,0,0,0,0),
 (677,5,1,137,'','',' ',' ',NULL,NULL,NULL,NULL,0,0,0,0,0),
 (678,5,1,138,'','',' ',' ',NULL,NULL,NULL,NULL,0,0,0,0,0),
 (679,5,1,139,'','',' ',' ',NULL,NULL,NULL,NULL,0,0,0,0,0),
 (680,5,1,140,'','',' ',' ',NULL,NULL,NULL,NULL,0,0,0,0,0),
 (681,5,1,141,'','',' ',' ',NULL,NULL,NULL,NULL,0,0,0,0,0),
 (682,5,1,142,'','',' ',' ',NULL,NULL,NULL,NULL,0,0,0,0,0),
 (683,5,1,143,'','',' ',' ',NULL,NULL,NULL,NULL,0,0,0,0,0),
 (684,5,1,144,'','',' ',' ',NULL,NULL,NULL,NULL,0,0,0,0,0),
 (685,5,1,145,'','',' ',' ',NULL,NULL,NULL,NULL,0,0,0,0,0),
 (686,5,1,146,'','',' ',' ',NULL,NULL,NULL,NULL,0,0,0,0,0),
 (687,5,1,147,'','',' ',' ',NULL,NULL,NULL,NULL,0,0,0,0,0),
 (688,5,1,148,'','',' ',' ',NULL,NULL,NULL,NULL,0,0,0,0,0),
 (689,5,1,149,'','',' ',' ',NULL,NULL,NULL,NULL,0,0,0,0,0),
 (690,5,1,150,'','',' ',' ',NULL,NULL,NULL,NULL,0,0,0,0,0),
 (691,5,1,151,'','',' ',' ',NULL,NULL,NULL,NULL,0,0,0,0,0),
 (692,5,1,152,'','',' ',' ',NULL,NULL,NULL,NULL,0,0,0,0,0),
 (693,5,1,153,'','',' ',' ',NULL,NULL,NULL,NULL,0,0,0,0,0),
 (694,5,1,154,'','',' ',' ',NULL,NULL,NULL,NULL,0,0,0,0,0),
 (695,5,1,155,'','',' ',' ',NULL,NULL,NULL,NULL,0,0,0,0,0),
 (696,5,1,156,'','',' ',' ',NULL,NULL,NULL,NULL,0,0,0,0,0),
 (697,5,1,157,'','',' ',' ',NULL,NULL,NULL,NULL,0,0,0,0,0),
 (698,5,1,158,'','',' ',' ',NULL,NULL,NULL,NULL,0,0,0,0,0),
 (699,5,1,159,'','',' ',' ',NULL,NULL,NULL,NULL,0,0,0,0,0),
 (700,5,1,160,'','',' ',' ',NULL,NULL,NULL,NULL,0,0,0,0,0),
 (701,5,1,161,'','',' ',' ',NULL,NULL,NULL,NULL,0,0,0,0,0),
 (702,5,1,162,'','',' ',' ',NULL,NULL,NULL,NULL,0,0,0,0,0),
 (703,5,1,163,'','',' ',' ',NULL,NULL,NULL,NULL,0,0,0,0,0),
 (704,5,1,164,'','',' ',' ',NULL,NULL,NULL,NULL,0,0,0,0,0),
 (705,5,1,165,'','',' ',' ',NULL,NULL,NULL,NULL,0,0,0,0,0),
 (706,5,1,166,'','',' ',' ',NULL,NULL,NULL,NULL,0,0,0,0,0),
 (707,5,1,167,'','',' ',' ',NULL,NULL,NULL,NULL,0,0,0,0,0),
 (708,5,1,168,'','',' ',' ',NULL,NULL,NULL,NULL,0,0,0,0,0),
 (709,5,1,169,'','',' ',' ',NULL,NULL,NULL,NULL,0,0,0,0,0),
 (710,5,1,170,'','',' ',' ',NULL,NULL,NULL,NULL,0,0,0,0,0),
 (711,5,1,171,'','',' ',' ',NULL,NULL,NULL,NULL,0,0,0,0,0),
 (712,5,1,172,'','',' ',' ',NULL,NULL,NULL,NULL,0,0,0,0,0),
 (713,5,1,173,'','',' ',' ',NULL,NULL,NULL,NULL,0,0,0,0,0),
 (714,5,1,174,'','',' ',' ',NULL,NULL,NULL,NULL,0,0,0,0,0),
 (715,5,1,175,'','',' ',' ',NULL,NULL,NULL,NULL,0,0,0,0,0),
 (716,5,1,176,'','',' ',' ',NULL,NULL,NULL,NULL,0,0,0,0,0),
 (717,5,1,177,'','',' ',' ',NULL,NULL,NULL,NULL,0,0,0,0,0),
 (718,5,1,178,'','',' ',' ',NULL,NULL,NULL,NULL,0,0,0,0,0),
 (719,5,1,179,'','',' ',' ',NULL,NULL,NULL,NULL,0,0,0,0,0),
 (720,5,1,180,'','',' ',' ',NULL,NULL,NULL,NULL,0,0,0,0,0),
 (721,5,1,181,'','',' ',' ',NULL,NULL,NULL,NULL,0,0,0,0,0),
 (722,5,1,182,'','',' ',' ',NULL,NULL,NULL,NULL,0,0,0,0,0),
 (723,5,1,183,'','',' ',' ',NULL,NULL,NULL,NULL,0,0,0,0,0),
 (724,5,1,184,'','',' ',' ',NULL,NULL,NULL,NULL,0,0,0,0,0),
 (725,5,1,185,'','',' ',' ',NULL,NULL,NULL,NULL,0,0,0,0,0),
 (726,5,1,186,'','',' ',' ',NULL,NULL,NULL,NULL,0,0,0,0,0),
 (727,5,1,187,'','',' ',' ',NULL,NULL,NULL,NULL,0,0,0,0,0),
 (728,5,1,188,'','',' ',' ',NULL,NULL,NULL,NULL,0,0,0,0,0),
 (729,5,1,189,'','',' ',' ',NULL,NULL,NULL,NULL,0,0,0,0,0),
 (730,5,1,190,'','',' ',' ',NULL,NULL,NULL,NULL,0,0,0,0,0),
 (731,5,1,191,'','',' ',' ',NULL,NULL,NULL,NULL,0,0,0,0,0),
 (732,5,1,192,'','',' ',' ',NULL,NULL,NULL,NULL,0,0,0,0,0),
 (733,5,1,193,'','',' ',' ',NULL,NULL,NULL,NULL,0,0,0,0,0),
 (734,5,1,194,'','',' ',' ',NULL,NULL,NULL,NULL,0,0,0,0,0),
 (735,5,1,195,'','',' ',' ',NULL,NULL,NULL,NULL,0,0,0,0,0),
 (736,5,1,196,'','',' ',' ',NULL,NULL,NULL,NULL,0,0,0,0,0),
 (737,5,1,197,'','',' ',' ',NULL,NULL,NULL,NULL,0,0,0,0,0),
 (738,5,1,198,'','',' ',' ',NULL,NULL,NULL,NULL,0,0,0,0,0),
 (739,5,1,199,'','',' ',' ',NULL,NULL,NULL,NULL,0,0,0,0,0),
 (740,5,1,200,'','',' ',' ',NULL,NULL,NULL,NULL,0,0,0,0,0),
 (741,5,1,201,'','',' ',' ',NULL,NULL,NULL,NULL,0,0,0,0,0),
 (742,5,1,202,'','',' ',' ',NULL,NULL,NULL,NULL,0,0,0,0,0),
 (743,5,1,203,'','',' ',' ',NULL,NULL,NULL,NULL,0,0,0,0,0),
 (744,5,1,204,'','',' ',' ',NULL,NULL,NULL,NULL,0,0,0,0,0),
 (745,5,1,205,'','',' ',' ',NULL,NULL,NULL,NULL,0,0,0,0,0),
 (746,5,1,206,'','',' ',' ',NULL,NULL,NULL,NULL,0,0,0,0,0),
 (747,5,1,207,'','',' ',' ',NULL,NULL,NULL,NULL,0,0,0,0,0),
 (748,5,1,208,'','',' ',' ',NULL,NULL,NULL,NULL,0,0,0,0,0),
 (749,5,1,209,'','',' ',' ',NULL,NULL,NULL,NULL,0,0,0,0,0),
 (750,5,1,210,'','',' ',' ',NULL,NULL,NULL,NULL,0,0,0,0,0),
 (751,5,1,211,'','',' ',' ',NULL,NULL,NULL,NULL,0,0,0,0,0),
 (752,5,1,212,'','',' ',' ',NULL,NULL,NULL,NULL,0,0,0,0,0),
 (753,5,1,213,'','',' ',' ',NULL,NULL,NULL,NULL,0,0,0,0,0),
 (754,5,1,214,'','',' ',' ',NULL,NULL,NULL,NULL,0,0,0,0,0),
 (755,5,1,215,'','',' ',' ',NULL,NULL,NULL,NULL,0,0,0,0,0),
 (756,5,1,216,'','',' ',' ',NULL,NULL,NULL,NULL,0,0,0,0,0),
 (757,5,1,217,'','',' ',' ',NULL,NULL,NULL,NULL,0,0,0,0,0),
 (758,5,1,218,'','',' ',' ',NULL,NULL,NULL,NULL,0,0,0,0,0),
 (759,5,1,219,'','',' ',' ',NULL,NULL,NULL,NULL,0,0,0,0,0),
 (760,5,1,220,'','',' ',' ',NULL,NULL,NULL,NULL,0,0,0,0,0),
 (761,5,1,221,'','',' ',' ',NULL,NULL,NULL,NULL,0,0,0,0,0),
 (762,5,1,222,'','',' ',' ',NULL,NULL,NULL,NULL,0,0,0,0,0),
 (763,5,1,223,'','',' ',' ',NULL,NULL,NULL,NULL,0,0,0,0,0),
 (764,5,1,224,'','',' ',' ',NULL,NULL,NULL,NULL,0,0,0,0,0),
 (765,5,1,225,'','',' ',' ',NULL,NULL,NULL,NULL,0,0,0,0,0),
 (766,5,1,226,'','',' ',' ',NULL,NULL,NULL,NULL,0,0,0,0,0),
 (767,5,1,227,'','',' ',' ',NULL,NULL,NULL,NULL,0,0,0,0,0),
 (768,5,1,228,'','',' ',' ',NULL,NULL,NULL,NULL,0,0,0,0,0),
 (769,5,1,229,'','',' ',' ',NULL,NULL,NULL,NULL,0,0,0,0,0),
 (770,5,1,230,'','',' ',' ',NULL,NULL,NULL,NULL,0,0,0,0,0),
 (771,5,1,231,'','',' ',' ',NULL,NULL,NULL,NULL,0,0,0,0,0),
 (772,5,1,232,'','',' ',' ',NULL,NULL,NULL,NULL,0,0,0,0,0),
 (773,5,1,233,'','',' ',' ',NULL,NULL,NULL,NULL,0,0,0,0,0),
 (774,5,1,234,'','',' ',' ',NULL,NULL,NULL,NULL,0,0,0,0,0),
 (775,5,1,235,'','',' ',' ',NULL,NULL,NULL,NULL,0,0,0,0,0),
 (776,5,1,236,'','',' ',' ',NULL,NULL,NULL,NULL,0,0,0,0,0),
 (777,5,1,237,'','',' ',' ',NULL,NULL,NULL,NULL,0,0,0,0,0),
 (778,5,1,238,'','',' ',' ',NULL,NULL,NULL,NULL,0,0,0,0,0),
 (779,5,1,239,'','',' ',' ',NULL,NULL,NULL,NULL,0,0,0,0,0),
 (780,5,1,240,'','',' ',' ',NULL,NULL,NULL,NULL,0,0,0,0,0),
 (781,5,1,241,'','',' ',' ',NULL,NULL,NULL,NULL,0,0,0,0,0),
 (782,5,1,242,'','',' ',' ',NULL,NULL,NULL,NULL,0,0,0,0,0),
 (783,5,1,243,'','',' ',' ',NULL,NULL,NULL,NULL,0,0,0,0,0),
 (784,5,1,244,'','',' ',' ',NULL,NULL,NULL,NULL,0,0,0,0,0),
 (785,5,1,245,'','',' ',' ',NULL,NULL,NULL,NULL,0,0,0,0,0),
 (786,5,1,246,'','',' ',' ',NULL,NULL,NULL,NULL,0,0,0,0,0),
 (787,5,1,247,'','',' ',' ',NULL,NULL,NULL,NULL,0,0,0,0,0),
 (788,5,1,248,'','',' ',' ',NULL,NULL,NULL,NULL,0,0,0,0,0),
 (789,5,1,249,'','',' ',' ',NULL,NULL,NULL,NULL,0,0,0,0,0),
 (790,5,1,250,'','',' ',' ',NULL,NULL,NULL,NULL,0,0,0,0,0),
 (791,5,1,251,'','',' ',' ',NULL,NULL,NULL,NULL,0,0,0,0,0),
 (792,5,1,252,'','',' ',' ',NULL,NULL,NULL,NULL,0,0,0,0,0),
 (793,5,1,253,'','',' ',' ',NULL,NULL,NULL,NULL,0,0,0,0,0),
 (794,5,1,254,'','',' ',' ',NULL,NULL,NULL,NULL,0,0,0,0,0),
 (795,5,1,255,'','',' ',' ',NULL,NULL,NULL,NULL,0,0,0,0,0),
 (796,5,1,256,'','',' ',' ',NULL,NULL,NULL,NULL,0,0,0,0,0),
 (797,5,1,257,'','',' ',' ',NULL,NULL,NULL,NULL,0,0,0,0,0),
 (798,5,1,258,'','',' ',' ',NULL,NULL,NULL,NULL,0,0,0,0,0),
 (799,5,1,259,'','',' ',' ',NULL,NULL,NULL,NULL,0,0,0,0,0),
 (800,5,1,260,'','',' ',' ',NULL,NULL,NULL,NULL,0,0,0,0,0),
 (801,5,1,261,'','',' ',' ',NULL,NULL,NULL,NULL,0,0,0,0,0),
 (802,5,1,262,'','',' ',' ',NULL,NULL,NULL,NULL,0,0,0,0,0),
 (803,5,1,263,'','',' ',' ',NULL,NULL,NULL,NULL,0,0,0,0,0),
 (804,5,1,264,'','',' ',' ',NULL,NULL,NULL,NULL,0,0,0,0,0),
 (805,5,1,265,'','',' ',' ',NULL,NULL,NULL,NULL,0,0,0,0,0),
 (806,5,1,266,'','',' ',' ',NULL,NULL,NULL,NULL,0,0,0,0,0),
 (807,5,1,267,'','',' ',' ',NULL,NULL,NULL,NULL,0,0,0,0,0),
 (808,5,1,268,'','',' ',' ',NULL,NULL,NULL,NULL,0,0,0,0,0),
 (809,5,1,269,'','',' ',' ',NULL,NULL,NULL,NULL,0,0,0,0,0),
 (810,5,1,270,'','',' ',' ',NULL,NULL,NULL,NULL,0,0,0,0,0),
 (811,5,1,271,'','',' ',' ',NULL,NULL,NULL,NULL,0,0,0,0,0),
 (812,5,1,272,'','',' ',' ',NULL,NULL,NULL,NULL,0,0,0,0,0),
 (813,5,1,273,'','',' ',' ',NULL,NULL,NULL,NULL,0,0,0,0,0),
 (814,5,1,274,'','',' ',' ',NULL,NULL,NULL,NULL,0,0,0,0,0),
 (815,5,1,275,'','',' ',' ',NULL,NULL,NULL,NULL,0,0,0,0,0),
 (816,5,1,276,'','',' ',' ',NULL,NULL,NULL,NULL,0,0,0,0,0),
 (817,5,1,277,'','',' ',' ',NULL,NULL,NULL,NULL,0,0,0,0,0),
 (818,5,1,278,'','',' ',' ',NULL,NULL,NULL,NULL,0,0,0,0,0),
 (819,5,1,279,'','',' ',' ',NULL,NULL,NULL,NULL,0,0,0,0,0),
 (820,5,1,280,'','',' ',' ',NULL,NULL,NULL,NULL,0,0,0,0,0),
 (821,5,1,281,'','',' ',' ',NULL,NULL,NULL,NULL,0,0,0,0,0),
 (822,5,1,282,'','',' ',' ',NULL,NULL,NULL,NULL,0,0,0,0,0),
 (823,5,1,283,'','',' ',' ',NULL,NULL,NULL,NULL,0,0,0,0,0),
 (824,5,1,284,'','',' ',' ',NULL,NULL,NULL,NULL,0,0,0,0,0),
 (825,5,1,285,'','',' ',' ',NULL,NULL,NULL,NULL,0,0,0,0,0),
 (826,5,1,286,'','',' ',' ',NULL,NULL,NULL,NULL,0,0,0,0,0),
 (827,5,1,287,'','',' ',' ',NULL,NULL,NULL,NULL,0,0,0,0,0),
 (828,5,1,288,'','',' ',' ',NULL,NULL,NULL,NULL,0,0,0,0,0),
 (829,5,1,289,'','',' ',' ',NULL,NULL,NULL,NULL,0,0,0,0,0),
 (830,5,1,290,'','',' ',' ',NULL,NULL,NULL,NULL,0,0,0,0,0),
 (831,5,1,291,'','',' ',' ',NULL,NULL,NULL,NULL,0,0,0,0,0),
 (832,5,1,292,'','',' ',' ',NULL,NULL,NULL,NULL,0,0,0,0,0),
 (833,5,1,293,'','',' ',' ',NULL,NULL,NULL,NULL,0,0,0,0,0),
 (834,5,1,294,'','',' ',' ',NULL,NULL,NULL,NULL,0,0,0,0,0),
 (835,5,1,295,'','',' ',' ',NULL,NULL,NULL,NULL,0,0,0,0,0),
 (836,5,1,296,'','',' ',' ',NULL,NULL,NULL,NULL,0,0,0,0,0),
 (837,5,1,297,'','',' ',' ',NULL,NULL,NULL,NULL,0,0,0,0,0),
 (838,5,1,298,'','',' ',' ',NULL,NULL,NULL,NULL,0,0,0,0,0),
 (839,5,1,299,'','',' ',' ',NULL,NULL,NULL,NULL,0,0,0,0,0),
 (840,5,1,300,'','',' ',' ',NULL,NULL,NULL,NULL,0,0,0,0,0),
 (841,5,1,301,'','',' ',' ',NULL,NULL,NULL,NULL,0,0,0,0,0),
 (842,5,1,302,'','',' ',' ',NULL,NULL,NULL,NULL,0,0,0,0,0),
 (843,5,1,303,'','',' ',' ',NULL,NULL,NULL,NULL,0,0,0,0,0),
 (844,5,1,304,'','',' ',' ',NULL,NULL,NULL,NULL,0,0,0,0,0),
 (845,5,1,305,'','',' ',' ',NULL,NULL,NULL,NULL,0,0,0,0,0),
 (846,5,1,306,'','',' ',' ',NULL,NULL,NULL,NULL,0,0,0,0,0),
 (847,5,1,307,'','',' ',' ',NULL,NULL,NULL,NULL,0,0,0,0,0),
 (848,5,1,308,'','',' ',' ',NULL,NULL,NULL,NULL,0,0,0,0,0),
 (849,5,1,309,'','',' ',' ',NULL,NULL,NULL,NULL,0,0,0,0,0),
 (850,5,1,310,'','',' ',' ',NULL,NULL,NULL,NULL,0,0,0,0,0),
 (851,5,1,311,'','',' ',' ',NULL,NULL,NULL,NULL,0,0,0,0,0),
 (852,5,1,312,'','',' ',' ',NULL,NULL,NULL,NULL,0,0,0,0,0),
 (853,5,1,313,'','',' ',' ',NULL,NULL,NULL,NULL,0,0,0,0,0),
 (854,5,1,314,'','',' ',' ',NULL,NULL,NULL,NULL,0,0,0,0,0),
 (855,5,1,315,'','',' ',' ',NULL,NULL,NULL,NULL,0,0,0,0,0),
 (856,5,1,316,'','',' ',' ',NULL,NULL,NULL,NULL,0,0,0,0,0),
 (857,5,1,317,'','',' ',' ',NULL,NULL,NULL,NULL,0,0,0,0,0),
 (858,5,1,318,'','',' ',' ',NULL,NULL,NULL,NULL,0,0,0,0,0),
 (859,5,1,319,'','',' ',' ',NULL,NULL,NULL,NULL,0,0,0,0,0),
 (860,5,1,320,'','',' ',' ',NULL,NULL,NULL,NULL,0,0,0,0,0),
 (861,5,1,321,'','',' ',' ',NULL,NULL,NULL,NULL,0,0,0,0,0),
 (862,5,1,322,'','',' ',' ',NULL,NULL,NULL,NULL,0,0,0,0,0),
 (863,5,1,323,'','',' ',' ',NULL,NULL,NULL,NULL,0,0,0,0,0),
 (864,5,1,324,'','',' ',' ',NULL,NULL,NULL,NULL,0,0,0,0,0),
 (865,5,1,325,'','',' ',' ',NULL,NULL,NULL,NULL,0,0,0,0,0),
 (866,5,1,326,'','',' ',' ',NULL,NULL,NULL,NULL,0,0,0,0,0),
 (867,5,1,327,'','',' ',' ',NULL,NULL,NULL,NULL,0,0,0,0,0),
 (868,5,1,328,'','',' ',' ',NULL,NULL,NULL,NULL,0,0,0,0,0),
 (869,5,1,329,'','',' ',' ',NULL,NULL,NULL,NULL,0,0,0,0,0),
 (870,5,1,330,'','',' ',' ',NULL,NULL,NULL,NULL,0,0,0,0,0),
 (871,5,1,331,'','',' ',' ',NULL,NULL,NULL,NULL,0,0,0,0,0),
 (872,5,1,332,'','',' ',' ',NULL,NULL,NULL,NULL,0,0,0,0,0),
 (873,5,1,333,'','',' ',' ',NULL,NULL,NULL,NULL,0,0,0,0,0),
 (874,5,1,334,'','',' ',' ',NULL,NULL,NULL,NULL,0,0,0,0,0),
 (875,5,1,335,'','',' ',' ',NULL,NULL,NULL,NULL,0,0,0,0,0),
 (876,5,1,336,'','',' ',' ',NULL,NULL,NULL,NULL,0,0,0,0,0),
 (877,5,1,337,'','',' ',' ',NULL,NULL,NULL,NULL,0,0,0,0,0),
 (878,5,1,338,'','',' ',' ',NULL,NULL,NULL,NULL,0,0,0,0,0),
 (879,5,1,339,'','',' ',' ',NULL,NULL,NULL,NULL,0,0,0,0,0),
 (880,5,1,340,'','',' ',' ',NULL,NULL,NULL,NULL,0,0,0,0,0),
 (881,5,1,341,'','',' ',' ',NULL,NULL,NULL,NULL,0,0,0,0,0),
 (882,5,1,342,'','',' ',' ',NULL,NULL,NULL,NULL,0,0,0,0,0),
 (883,5,1,343,'','',' ',' ',NULL,NULL,NULL,NULL,0,0,0,0,0),
 (884,5,1,344,'','',' ',' ',NULL,NULL,NULL,NULL,0,0,0,0,0),
 (885,5,1,345,'','',' ',' ',NULL,NULL,NULL,NULL,0,0,0,0,0),
 (886,5,1,346,'','',' ',' ',NULL,NULL,NULL,NULL,0,0,0,0,0),
 (887,5,1,347,'','',' ',' ',NULL,NULL,NULL,NULL,0,0,0,0,0),
 (888,5,1,348,'','',' ',' ',NULL,NULL,NULL,NULL,0,0,0,0,0),
 (889,5,1,349,'','',' ',' ',NULL,NULL,NULL,NULL,0,0,0,0,0),
 (890,5,1,350,'','',' ',' ',NULL,NULL,NULL,NULL,0,0,0,0,0),
 (891,5,1,351,'','',' ',' ',NULL,NULL,NULL,NULL,0,0,0,0,0),
 (892,5,1,352,'','',' ',' ',NULL,NULL,NULL,NULL,0,0,0,0,0),
 (893,5,1,353,'','',' ',' ',NULL,NULL,NULL,NULL,0,0,0,0,0),
 (894,5,1,354,'','',' ',' ',NULL,NULL,NULL,NULL,0,0,0,0,0),
 (895,5,1,355,'','',' ',' ',NULL,NULL,NULL,NULL,0,0,0,0,0),
 (896,5,1,356,'','',' ',' ',NULL,NULL,NULL,NULL,0,0,0,0,0),
 (897,5,1,357,'','',' ',' ',NULL,NULL,NULL,NULL,0,0,0,0,0),
 (898,5,1,358,'','',' ',' ',NULL,NULL,NULL,NULL,0,0,0,0,0),
 (899,5,1,359,'','',' ',' ',NULL,NULL,NULL,NULL,0,0,0,0,0),
 (900,5,1,360,'','',' ',' ',NULL,NULL,NULL,NULL,0,0,0,0,0),
 (901,5,1,361,'','',' ',' ',NULL,NULL,NULL,NULL,0,0,0,0,0),
 (902,5,1,362,'','',' ',' ',NULL,NULL,NULL,NULL,0,0,0,0,0),
 (903,5,1,363,'','',' ',' ',NULL,NULL,NULL,NULL,0,0,0,0,0),
 (904,5,1,364,'','',' ',' ',NULL,NULL,NULL,NULL,0,0,0,0,0),
 (905,5,1,365,'','',' ',' ',NULL,NULL,NULL,NULL,0,0,0,0,0),
 (906,5,1,366,'','',' ',' ',NULL,NULL,NULL,NULL,0,0,0,0,0),
 (907,5,1,367,'','',' ',' ',NULL,NULL,NULL,NULL,0,0,0,0,0),
 (908,5,1,368,'','',' ',' ',NULL,NULL,NULL,NULL,0,0,0,0,0),
 (909,5,1,369,'','',' ',' ',NULL,NULL,NULL,NULL,0,0,0,0,0),
 (910,5,1,370,'','',' ',' ',NULL,NULL,NULL,NULL,0,0,0,0,0),
 (911,5,1,371,'','',' ',' ',NULL,NULL,NULL,NULL,0,0,0,0,0),
 (912,5,1,372,'','',' ',' ',NULL,NULL,NULL,NULL,0,0,0,0,0),
 (913,5,1,373,'','',' ',' ',NULL,NULL,NULL,NULL,0,0,0,0,0),
 (914,5,1,374,'','',' ',' ',NULL,NULL,NULL,NULL,0,0,0,0,0),
 (915,5,1,375,'','',' ',' ',NULL,NULL,NULL,NULL,0,0,0,0,0),
 (916,5,1,376,'','',' ',' ',NULL,NULL,NULL,NULL,0,0,0,0,0),
 (917,5,1,377,'','',' ',' ',NULL,NULL,NULL,NULL,0,0,0,0,0),
 (918,5,1,378,'','',' ',' ',NULL,NULL,NULL,NULL,0,0,0,0,0),
 (919,5,1,379,'','',' ',' ',NULL,NULL,NULL,NULL,0,0,0,0,0),
 (920,5,1,380,'','',' ',' ',NULL,NULL,NULL,NULL,0,0,0,0,0),
 (921,5,1,381,'','',' ',' ',NULL,NULL,NULL,NULL,0,0,0,0,0),
 (922,5,1,382,'','',' ',' ',NULL,NULL,NULL,NULL,0,0,0,0,0),
 (923,5,1,383,'','',' ',' ',NULL,NULL,NULL,NULL,0,0,0,0,0),
 (924,5,1,384,'','',' ',' ',NULL,NULL,NULL,NULL,0,0,0,0,0),
 (925,5,1,385,'','',' ',' ',NULL,NULL,NULL,NULL,0,0,0,0,0),
 (926,5,1,386,'','',' ',' ',NULL,NULL,NULL,NULL,0,0,0,0,0),
 (927,5,1,387,'','',' ',' ',NULL,NULL,NULL,NULL,0,0,0,0,0),
 (928,5,1,388,'','',' ',' ',NULL,NULL,NULL,NULL,0,0,0,0,0),
 (929,5,1,389,'','',' ',' ',NULL,NULL,NULL,NULL,0,0,0,0,0),
 (930,5,1,390,'','',' ',' ',NULL,NULL,NULL,NULL,0,0,0,0,0),
 (931,5,1,391,'','',' ',' ',NULL,NULL,NULL,NULL,0,0,0,0,0),
 (932,5,1,392,'','',' ',' ',NULL,NULL,NULL,NULL,0,0,0,0,0),
 (933,5,1,393,'','',' ',' ',NULL,NULL,NULL,NULL,0,0,0,0,0),
 (934,5,1,394,'','',' ',' ',NULL,NULL,NULL,NULL,0,0,0,0,0),
 (935,5,1,395,'','',' ',' ',NULL,NULL,NULL,NULL,0,0,0,0,0),
 (936,5,1,396,'','',' ',' ',NULL,NULL,NULL,NULL,0,0,0,0,0),
 (937,5,1,397,'','',' ',' ',NULL,NULL,NULL,NULL,0,0,0,0,0),
 (938,5,1,398,'','',' ',' ',NULL,NULL,NULL,NULL,0,0,0,0,0),
 (939,5,1,399,'','',' ',' ',NULL,NULL,NULL,NULL,0,0,0,0,0),
 (940,5,1,400,'','',' ',' ',NULL,NULL,NULL,NULL,0,0,0,0,0),
 (941,5,1,401,'','',' ',' ',NULL,NULL,NULL,NULL,0,0,0,0,0),
 (942,5,1,402,'','',' ',' ',NULL,NULL,NULL,NULL,0,0,0,0,0),
 (943,5,1,403,'','',' ',' ',NULL,NULL,NULL,NULL,0,0,0,0,0),
 (944,5,1,404,'','',' ',' ',NULL,NULL,NULL,NULL,0,0,0,0,0),
 (945,5,1,405,'','',' ',' ',NULL,NULL,NULL,NULL,0,0,0,0,0),
 (946,5,1,406,'','',' ',' ',NULL,NULL,NULL,NULL,0,0,0,0,0),
 (947,5,1,407,'','',' ',' ',NULL,NULL,NULL,NULL,0,0,0,0,0),
 (948,5,1,408,'','',' ',' ',NULL,NULL,NULL,NULL,0,0,0,0,0),
 (949,5,1,409,'','',' ',' ',NULL,NULL,NULL,NULL,0,0,0,0,0),
 (950,5,1,410,'','',' ',' ',NULL,NULL,NULL,NULL,0,0,0,0,0),
 (951,5,1,411,'','',' ',' ',NULL,NULL,NULL,NULL,0,0,0,0,0),
 (952,5,1,412,'','',' ',' ',NULL,NULL,NULL,NULL,0,0,0,0,0),
 (953,5,1,413,'','',' ',' ',NULL,NULL,NULL,NULL,0,0,0,0,0),
 (954,5,1,414,'','',' ',' ',NULL,NULL,NULL,NULL,0,0,0,0,0),
 (955,5,1,415,'','',' ',' ',NULL,NULL,NULL,NULL,0,0,0,0,0),
 (956,5,1,416,'','',' ',' ',NULL,NULL,NULL,NULL,0,0,0,0,0),
 (957,5,1,417,'','',' ',' ',NULL,NULL,NULL,NULL,0,0,0,0,0),
 (958,5,1,418,'','',' ',' ',NULL,NULL,NULL,NULL,0,0,0,0,0),
 (959,5,1,419,'','',' ',' ',NULL,NULL,NULL,NULL,0,0,0,0,0),
 (960,5,1,420,'','',' ',' ',NULL,NULL,NULL,NULL,0,0,0,0,0),
 (961,5,1,421,'','',' ',' ',NULL,NULL,NULL,NULL,0,0,0,0,0),
 (962,5,1,422,'','',' ',' ',NULL,NULL,NULL,NULL,0,0,0,0,0),
 (963,5,1,423,'','',' ',' ',NULL,NULL,NULL,NULL,0,0,0,0,0),
 (964,5,1,424,'','',' ',' ',NULL,NULL,NULL,NULL,0,0,0,0,0),
 (965,5,1,425,'','',' ',' ',NULL,NULL,NULL,NULL,0,0,0,0,0),
 (966,5,1,426,'','',' ',' ',NULL,NULL,NULL,NULL,0,0,0,0,0),
 (967,5,1,427,'','',' ',' ',NULL,NULL,NULL,NULL,0,0,0,0,0),
 (968,5,1,428,'','',' ',' ',NULL,NULL,NULL,NULL,0,0,0,0,0),
 (969,5,1,429,'','',' ',' ',NULL,NULL,NULL,NULL,0,0,0,0,0),
 (970,5,1,430,'','',' ',' ',NULL,NULL,NULL,NULL,0,0,0,0,0),
 (971,5,1,431,'','',' ',' ',NULL,NULL,NULL,NULL,0,0,0,0,0),
 (972,5,1,432,'','',' ',' ',NULL,NULL,NULL,NULL,0,0,0,0,0),
 (973,5,1,433,'','',' ',' ',NULL,NULL,NULL,NULL,0,0,0,0,0),
 (974,5,1,434,'','',' ',' ',NULL,NULL,NULL,NULL,0,0,0,0,0),
 (975,5,1,435,'','',' ',' ',NULL,NULL,NULL,NULL,0,0,0,0,0),
 (976,5,1,436,'','',' ',' ',NULL,NULL,NULL,NULL,0,0,0,0,0),
 (977,5,1,437,'','',' ',' ',NULL,NULL,NULL,NULL,0,0,0,0,0),
 (978,5,1,438,'','',' ',' ',NULL,NULL,NULL,NULL,0,0,0,0,0),
 (979,5,1,439,'','',' ',' ',NULL,NULL,NULL,NULL,0,0,0,0,0),
 (980,5,1,440,'','',' ',' ',NULL,NULL,NULL,NULL,0,0,0,0,0),
 (981,5,1,441,'','',' ',' ',NULL,NULL,NULL,NULL,0,0,0,0,0),
 (982,5,1,442,'','',' ',' ',NULL,NULL,NULL,NULL,0,0,0,0,0),
 (983,5,1,443,'','',' ',' ',NULL,NULL,NULL,NULL,0,0,0,0,0),
 (984,5,1,444,'','',' ',' ',NULL,NULL,NULL,NULL,0,0,0,0,0),
 (985,5,1,445,'','',' ',' ',NULL,NULL,NULL,NULL,0,0,0,0,0),
 (986,5,1,446,'','',' ',' ',NULL,NULL,NULL,NULL,0,0,0,0,0),
 (987,5,1,447,'','',' ',' ',NULL,NULL,NULL,NULL,0,0,0,0,0),
 (988,5,1,448,'','',' ',' ',NULL,NULL,NULL,NULL,0,0,0,0,0),
 (989,5,1,449,'','',' ',' ',NULL,NULL,NULL,NULL,0,0,0,0,0),
 (990,5,1,450,'','',' ',' ',NULL,NULL,NULL,NULL,0,0,0,0,0),
 (991,5,1,451,'','',' ',' ',NULL,NULL,NULL,NULL,0,0,0,0,0),
 (992,5,1,452,'','',' ',' ',NULL,NULL,NULL,NULL,0,0,0,0,0),
 (993,5,1,453,'','',' ',' ',NULL,NULL,NULL,NULL,0,0,0,0,0),
 (994,5,1,454,'','',' ',' ',NULL,NULL,NULL,NULL,0,0,0,0,0),
 (995,5,1,455,'','',' ',' ',NULL,NULL,NULL,NULL,0,0,0,0,0),
 (996,5,1,456,'','',' ',' ',NULL,NULL,NULL,NULL,0,0,0,0,0),
 (997,5,1,457,'','',' ',' ',NULL,NULL,NULL,NULL,0,0,0,0,0),
 (998,5,1,458,'','',' ',' ',NULL,NULL,NULL,NULL,0,0,0,0,0),
 (999,5,1,459,'','',' ',' ',NULL,NULL,NULL,NULL,0,0,0,0,0),
 (1000,5,1,460,'','',' ',' ',NULL,NULL,NULL,NULL,0,0,0,0,0),
 (1001,5,1,461,'','',' ',' ',NULL,NULL,NULL,NULL,0,0,0,0,0),
 (1002,5,1,462,'','',' ',' ',NULL,NULL,NULL,NULL,0,0,0,0,0),
 (1003,5,1,463,'','',' ',' ',NULL,NULL,NULL,NULL,0,0,0,0,0),
 (1004,5,1,464,'','',' ',' ',NULL,NULL,NULL,NULL,0,0,0,0,0),
 (1005,5,1,465,'','',' ',' ',NULL,NULL,NULL,NULL,0,0,0,0,0),
 (1006,5,1,466,'','',' ',' ',NULL,NULL,NULL,NULL,0,0,0,0,0),
 (1007,5,1,467,'','',' ',' ',NULL,NULL,NULL,NULL,0,0,0,0,0),
 (1008,6,1,77,'','',' ',' ',NULL,NULL,NULL,NULL,0,0,0,0,0),
 (1009,6,1,78,'','',' ',' ',NULL,NULL,NULL,NULL,0,0,0,0,0),
 (1010,6,1,79,'','',' ',' ',NULL,NULL,NULL,NULL,0,0,0,0,0),
 (1011,6,1,80,'','',' ',' ',NULL,NULL,NULL,NULL,0,0,0,0,0),
 (1012,6,1,81,'','',' ',' ',NULL,NULL,NULL,NULL,0,0,0,0,0),
 (1013,6,1,82,'','',' ',' ',NULL,NULL,NULL,NULL,0,0,0,0,0),
 (1014,6,1,83,'','',' ',' ',NULL,NULL,NULL,NULL,0,0,0,0,0),
 (1015,6,1,84,'','',' ',' ',NULL,NULL,NULL,NULL,0,0,0,0,0),
 (1016,6,1,85,'','',' ',' ',NULL,NULL,NULL,NULL,0,0,0,0,0),
 (1017,6,1,86,'','',' ',' ',NULL,NULL,NULL,NULL,0,0,0,0,0),
 (1018,6,1,87,'','',' ',' ',NULL,NULL,NULL,NULL,0,0,0,0,0),
 (1019,6,1,88,'','',' ',' ',NULL,NULL,NULL,NULL,0,0,0,0,0),
 (1020,6,1,89,'','',' ',' ',NULL,NULL,NULL,NULL,0,0,0,0,0),
 (1021,6,1,90,'','',' ',' ',NULL,NULL,NULL,NULL,0,0,0,0,0),
 (1022,6,1,91,'','',' ',' ',NULL,NULL,NULL,NULL,0,0,0,0,0),
 (1023,6,1,92,'','',' ',' ',NULL,NULL,NULL,NULL,0,0,0,0,0),
 (1024,6,1,93,'','',' ',' ',NULL,NULL,NULL,NULL,0,0,0,0,0),
 (1025,6,1,94,'','',' ',' ',NULL,NULL,NULL,NULL,0,0,0,0,0),
 (1026,6,1,95,'','',' ',' ',NULL,NULL,NULL,NULL,0,0,0,0,0),
 (1027,6,1,96,'','',' ',' ',NULL,NULL,NULL,NULL,0,0,0,0,0),
 (1028,6,1,97,'','',' ',' ',NULL,NULL,NULL,NULL,0,0,0,0,0),
 (1029,6,1,98,'','',' ',' ',NULL,NULL,NULL,NULL,0,0,0,0,0),
 (1030,6,1,99,'','',' ',' ',NULL,NULL,NULL,NULL,0,0,0,0,0),
 (1031,6,1,100,'','',' ',' ',NULL,NULL,NULL,NULL,0,0,0,0,0),
 (1032,6,1,101,'','',' ',' ',NULL,NULL,NULL,NULL,0,0,0,0,0),
 (1033,6,1,102,'','',' ',' ',NULL,NULL,NULL,NULL,0,0,0,0,0),
 (1034,6,1,103,'','',' ',' ',NULL,NULL,NULL,NULL,0,0,0,0,0),
 (1035,6,1,104,'','',' ',' ',NULL,NULL,NULL,NULL,0,0,0,0,0),
 (1036,6,1,105,'','',' ',' ',NULL,NULL,NULL,NULL,0,0,0,0,0),
 (1037,6,1,106,'','',' ',' ',NULL,NULL,NULL,NULL,0,0,0,0,0),
 (1038,6,1,107,'','',' ',' ',NULL,NULL,NULL,NULL,0,0,0,0,0),
 (1039,6,1,108,'','',' ',' ',NULL,NULL,NULL,NULL,0,0,0,0,0),
 (1040,6,1,109,'','',' ',' ',NULL,NULL,NULL,NULL,0,0,0,0,0),
 (1041,6,1,110,'','',' ',' ',NULL,NULL,NULL,NULL,0,0,0,0,0),
 (1042,6,1,111,'','',' ',' ',NULL,NULL,NULL,NULL,0,0,0,0,0),
 (1043,6,1,112,'','',' ',' ',NULL,NULL,NULL,NULL,0,0,0,0,0),
 (1044,6,1,113,'','',' ',' ',NULL,NULL,NULL,NULL,0,0,0,0,0),
 (1045,6,1,114,'','',' ',' ',NULL,NULL,NULL,NULL,0,0,0,0,0),
 (1046,6,1,115,'','',' ',' ',NULL,NULL,NULL,NULL,0,0,0,0,0),
 (1047,6,1,116,'','',' ',' ',NULL,NULL,NULL,NULL,0,0,0,0,0),
 (1048,6,1,117,'','',' ',' ',NULL,NULL,NULL,NULL,0,0,0,0,0),
 (1049,6,1,118,'','',' ',' ',NULL,NULL,NULL,NULL,0,0,0,0,0),
 (1050,6,1,119,'','',' ',' ',NULL,NULL,NULL,NULL,0,0,0,0,0),
 (1051,6,1,120,'','',' ',' ',NULL,NULL,NULL,NULL,0,0,0,0,0),
 (1052,6,1,121,'','',' ',' ',NULL,NULL,NULL,NULL,0,0,0,0,0),
 (1053,6,1,122,'','',' ',' ',NULL,NULL,NULL,NULL,0,0,0,0,0),
 (1054,6,1,123,'','',' ',' ',NULL,NULL,NULL,NULL,0,0,0,0,0),
 (1055,6,1,124,'','',' ',' ',NULL,NULL,NULL,NULL,0,0,0,0,0),
 (1056,6,1,125,'','',' ',' ',NULL,NULL,NULL,NULL,0,0,0,0,0),
 (1057,6,1,126,'','',' ',' ',NULL,NULL,NULL,NULL,0,0,0,0,0),
 (1058,6,1,127,'','',' ',' ',NULL,NULL,NULL,NULL,0,0,0,0,0),
 (1059,6,1,128,'','',' ',' ',NULL,NULL,NULL,NULL,0,0,0,0,0),
 (1060,6,1,129,'','',' ',' ',NULL,NULL,NULL,NULL,0,0,0,0,0),
 (1061,6,1,130,'','',' ',' ',NULL,NULL,NULL,NULL,0,0,0,0,0),
 (1062,6,1,131,'','',' ',' ',NULL,NULL,NULL,NULL,0,0,0,0,0),
 (1063,6,1,132,'','',' ',' ',NULL,NULL,NULL,NULL,0,0,0,0,0),
 (1064,6,1,133,'','',' ',' ',NULL,NULL,NULL,NULL,0,0,0,0,0),
 (1065,6,1,134,'','',' ',' ',NULL,NULL,NULL,NULL,0,0,0,0,0),
 (1066,6,1,135,'','',' ',' ',NULL,NULL,NULL,NULL,0,0,0,0,0),
 (1067,6,1,136,'','',' ',' ',NULL,NULL,NULL,NULL,0,0,0,0,0),
 (1068,6,1,137,'','',' ',' ',NULL,NULL,NULL,NULL,0,0,0,0,0),
 (1069,6,1,138,'','',' ',' ',NULL,NULL,NULL,NULL,0,0,0,0,0);
INSERT INTO `assignment_users` (`id`,`assignment_id`,`user_type`,`user_id`,`shuffled_qn_ids`,`answered_ids`,`qns_time_spent`,`qns_visited`,`time_test_init`,`time_test_start`,`time_test_lastqn_answered`,`time_test_end`,`count_qns_answered`,`count_qns_correct`,`count_qns_visited`,`count_test_page_away`,`count_test_app_away`) VALUES 
 (1070,6,1,139,'','',' ',' ',NULL,NULL,NULL,NULL,0,0,0,0,0),
 (1071,6,1,140,'','',' ',' ',NULL,NULL,NULL,NULL,0,0,0,0,0),
 (1072,6,1,141,'','',' ',' ',NULL,NULL,NULL,NULL,0,0,0,0,0),
 (1073,6,1,142,'','',' ',' ',NULL,NULL,NULL,NULL,0,0,0,0,0),
 (1074,6,1,143,'','',' ',' ',NULL,NULL,NULL,NULL,0,0,0,0,0),
 (1075,6,1,144,'','',' ',' ',NULL,NULL,NULL,NULL,0,0,0,0,0),
 (1076,6,1,145,'','',' ',' ',NULL,NULL,NULL,NULL,0,0,0,0,0),
 (1077,6,1,146,'','',' ',' ',NULL,NULL,NULL,NULL,0,0,0,0,0),
 (1078,6,1,147,'','',' ',' ',NULL,NULL,NULL,NULL,0,0,0,0,0),
 (1079,6,1,148,'','',' ',' ',NULL,NULL,NULL,NULL,0,0,0,0,0),
 (1080,6,1,149,'','',' ',' ',NULL,NULL,NULL,NULL,0,0,0,0,0),
 (1081,6,1,150,'','',' ',' ',NULL,NULL,NULL,NULL,0,0,0,0,0),
 (1082,6,1,151,'','',' ',' ',NULL,NULL,NULL,NULL,0,0,0,0,0),
 (1083,6,1,152,'','',' ',' ',NULL,NULL,NULL,NULL,0,0,0,0,0),
 (1084,6,1,153,'','',' ',' ',NULL,NULL,NULL,NULL,0,0,0,0,0),
 (1085,6,1,154,'','',' ',' ',NULL,NULL,NULL,NULL,0,0,0,0,0),
 (1086,6,1,155,'','',' ',' ',NULL,NULL,NULL,NULL,0,0,0,0,0),
 (1087,6,1,156,'','',' ',' ',NULL,NULL,NULL,NULL,0,0,0,0,0),
 (1088,6,1,157,'','',' ',' ',NULL,NULL,NULL,NULL,0,0,0,0,0),
 (1089,6,1,158,'','',' ',' ',NULL,NULL,NULL,NULL,0,0,0,0,0),
 (1090,6,1,159,'','',' ',' ',NULL,NULL,NULL,NULL,0,0,0,0,0),
 (1091,6,1,160,'','',' ',' ',NULL,NULL,NULL,NULL,0,0,0,0,0),
 (1092,6,1,161,'','',' ',' ',NULL,NULL,NULL,NULL,0,0,0,0,0),
 (1093,6,1,162,'','',' ',' ',NULL,NULL,NULL,NULL,0,0,0,0,0),
 (1094,6,1,163,'','',' ',' ',NULL,NULL,NULL,NULL,0,0,0,0,0),
 (1095,6,1,164,'','',' ',' ',NULL,NULL,NULL,NULL,0,0,0,0,0),
 (1096,6,1,165,'','',' ',' ',NULL,NULL,NULL,NULL,0,0,0,0,0),
 (1097,6,1,166,'','',' ',' ',NULL,NULL,NULL,NULL,0,0,0,0,0),
 (1098,6,1,167,'','',' ',' ',NULL,NULL,NULL,NULL,0,0,0,0,0),
 (1099,6,1,168,'','',' ',' ',NULL,NULL,NULL,NULL,0,0,0,0,0),
 (1100,6,1,169,'','',' ',' ',NULL,NULL,NULL,NULL,0,0,0,0,0),
 (1101,6,1,170,'','',' ',' ',NULL,NULL,NULL,NULL,0,0,0,0,0),
 (1102,6,1,171,'','',' ',' ',NULL,NULL,NULL,NULL,0,0,0,0,0),
 (1103,6,1,172,'','',' ',' ',NULL,NULL,NULL,NULL,0,0,0,0,0),
 (1104,6,1,173,'','',' ',' ',NULL,NULL,NULL,NULL,0,0,0,0,0),
 (1105,6,1,174,'','',' ',' ',NULL,NULL,NULL,NULL,0,0,0,0,0),
 (1106,6,1,175,'','',' ',' ',NULL,NULL,NULL,NULL,0,0,0,0,0),
 (1107,6,1,176,'','',' ',' ',NULL,NULL,NULL,NULL,0,0,0,0,0),
 (1108,6,1,177,'','',' ',' ',NULL,NULL,NULL,NULL,0,0,0,0,0),
 (1109,6,1,178,'','',' ',' ',NULL,NULL,NULL,NULL,0,0,0,0,0),
 (1110,6,1,179,'','',' ',' ',NULL,NULL,NULL,NULL,0,0,0,0,0),
 (1111,6,1,180,'','',' ',' ',NULL,NULL,NULL,NULL,0,0,0,0,0),
 (1112,6,1,181,'','',' ',' ',NULL,NULL,NULL,NULL,0,0,0,0,0),
 (1113,6,1,182,'','',' ',' ',NULL,NULL,NULL,NULL,0,0,0,0,0),
 (1114,6,1,183,'','',' ',' ',NULL,NULL,NULL,NULL,0,0,0,0,0),
 (1115,6,1,184,'','',' ',' ',NULL,NULL,NULL,NULL,0,0,0,0,0),
 (1116,6,1,185,'','',' ',' ',NULL,NULL,NULL,NULL,0,0,0,0,0),
 (1117,6,1,186,'','',' ',' ',NULL,NULL,NULL,NULL,0,0,0,0,0),
 (1118,6,1,187,'','',' ',' ',NULL,NULL,NULL,NULL,0,0,0,0,0),
 (1119,6,1,188,'','',' ',' ',NULL,NULL,NULL,NULL,0,0,0,0,0),
 (1120,6,1,189,'','',' ',' ',NULL,NULL,NULL,NULL,0,0,0,0,0),
 (1121,6,1,190,'','',' ',' ',NULL,NULL,NULL,NULL,0,0,0,0,0),
 (1122,6,1,191,'','',' ',' ',NULL,NULL,NULL,NULL,0,0,0,0,0),
 (1123,6,1,192,'','',' ',' ',NULL,NULL,NULL,NULL,0,0,0,0,0),
 (1124,6,1,193,'','',' ',' ',NULL,NULL,NULL,NULL,0,0,0,0,0),
 (1125,6,1,194,'','',' ',' ',NULL,NULL,NULL,NULL,0,0,0,0,0),
 (1126,6,1,195,'','',' ',' ',NULL,NULL,NULL,NULL,0,0,0,0,0),
 (1127,6,1,196,'','',' ',' ',NULL,NULL,NULL,NULL,0,0,0,0,0),
 (1128,6,1,197,'','',' ',' ',NULL,NULL,NULL,NULL,0,0,0,0,0),
 (1129,6,1,198,'','',' ',' ',NULL,NULL,NULL,NULL,0,0,0,0,0),
 (1130,6,1,199,'','',' ',' ',NULL,NULL,NULL,NULL,0,0,0,0,0),
 (1131,6,1,200,'','',' ',' ',NULL,NULL,NULL,NULL,0,0,0,0,0),
 (1132,6,1,201,'','',' ',' ',NULL,NULL,NULL,NULL,0,0,0,0,0),
 (1133,6,1,202,'','',' ',' ',NULL,NULL,NULL,NULL,0,0,0,0,0),
 (1134,6,1,203,'','',' ',' ',NULL,NULL,NULL,NULL,0,0,0,0,0),
 (1135,6,1,204,'','',' ',' ',NULL,NULL,NULL,NULL,0,0,0,0,0),
 (1136,6,1,205,'','',' ',' ',NULL,NULL,NULL,NULL,0,0,0,0,0),
 (1137,6,1,206,'','',' ',' ',NULL,NULL,NULL,NULL,0,0,0,0,0),
 (1138,6,1,207,'','',' ',' ',NULL,NULL,NULL,NULL,0,0,0,0,0),
 (1139,6,1,208,'','',' ',' ',NULL,NULL,NULL,NULL,0,0,0,0,0),
 (1140,6,1,209,'','',' ',' ',NULL,NULL,NULL,NULL,0,0,0,0,0),
 (1141,6,1,210,'','',' ',' ',NULL,NULL,NULL,NULL,0,0,0,0,0),
 (1142,6,1,211,'','',' ',' ',NULL,NULL,NULL,NULL,0,0,0,0,0),
 (1143,6,1,212,'','',' ',' ',NULL,NULL,NULL,NULL,0,0,0,0,0),
 (1144,6,1,213,'','',' ',' ',NULL,NULL,NULL,NULL,0,0,0,0,0),
 (1145,6,1,214,'','',' ',' ',NULL,NULL,NULL,NULL,0,0,0,0,0),
 (1146,6,1,215,'','',' ',' ',NULL,NULL,NULL,NULL,0,0,0,0,0),
 (1147,6,1,216,'','',' ',' ',NULL,NULL,NULL,NULL,0,0,0,0,0),
 (1148,6,1,217,'','',' ',' ',NULL,NULL,NULL,NULL,0,0,0,0,0),
 (1149,6,1,218,'','',' ',' ',NULL,NULL,NULL,NULL,0,0,0,0,0),
 (1150,6,1,219,'','',' ',' ',NULL,NULL,NULL,NULL,0,0,0,0,0),
 (1151,6,1,220,'','',' ',' ',NULL,NULL,NULL,NULL,0,0,0,0,0),
 (1152,6,1,221,'','',' ',' ',NULL,NULL,NULL,NULL,0,0,0,0,0),
 (1153,6,1,222,'','',' ',' ',NULL,NULL,NULL,NULL,0,0,0,0,0),
 (1154,6,1,223,'','',' ',' ',NULL,NULL,NULL,NULL,0,0,0,0,0),
 (1155,6,1,224,'','',' ',' ',NULL,NULL,NULL,NULL,0,0,0,0,0),
 (1156,6,1,225,'','',' ',' ',NULL,NULL,NULL,NULL,0,0,0,0,0),
 (1157,6,1,226,'','',' ',' ',NULL,NULL,NULL,NULL,0,0,0,0,0),
 (1158,6,1,227,'','',' ',' ',NULL,NULL,NULL,NULL,0,0,0,0,0),
 (1159,6,1,228,'','',' ',' ',NULL,NULL,NULL,NULL,0,0,0,0,0),
 (1160,6,1,229,'','',' ',' ',NULL,NULL,NULL,NULL,0,0,0,0,0),
 (1161,6,1,230,'','',' ',' ',NULL,NULL,NULL,NULL,0,0,0,0,0),
 (1162,6,1,231,'','',' ',' ',NULL,NULL,NULL,NULL,0,0,0,0,0),
 (1163,6,1,232,'','',' ',' ',NULL,NULL,NULL,NULL,0,0,0,0,0),
 (1164,6,1,233,'','',' ',' ',NULL,NULL,NULL,NULL,0,0,0,0,0),
 (1165,6,1,234,'','',' ',' ',NULL,NULL,NULL,NULL,0,0,0,0,0),
 (1166,6,1,235,'','',' ',' ',NULL,NULL,NULL,NULL,0,0,0,0,0),
 (1167,6,1,236,'','',' ',' ',NULL,NULL,NULL,NULL,0,0,0,0,0),
 (1168,6,1,237,'','',' ',' ',NULL,NULL,NULL,NULL,0,0,0,0,0),
 (1169,6,1,238,'','',' ',' ',NULL,NULL,NULL,NULL,0,0,0,0,0),
 (1170,6,1,239,'','',' ',' ',NULL,NULL,NULL,NULL,0,0,0,0,0),
 (1171,6,1,240,'','',' ',' ',NULL,NULL,NULL,NULL,0,0,0,0,0),
 (1172,6,1,241,'','',' ',' ',NULL,NULL,NULL,NULL,0,0,0,0,0),
 (1173,6,1,242,'','',' ',' ',NULL,NULL,NULL,NULL,0,0,0,0,0),
 (1174,6,1,243,'','',' ',' ',NULL,NULL,NULL,NULL,0,0,0,0,0),
 (1175,6,1,244,'','',' ',' ',NULL,NULL,NULL,NULL,0,0,0,0,0),
 (1176,6,1,245,'','',' ',' ',NULL,NULL,NULL,NULL,0,0,0,0,0),
 (1177,6,1,246,'','',' ',' ',NULL,NULL,NULL,NULL,0,0,0,0,0),
 (1178,6,1,247,'','',' ',' ',NULL,NULL,NULL,NULL,0,0,0,0,0),
 (1179,6,1,248,'','',' ',' ',NULL,NULL,NULL,NULL,0,0,0,0,0),
 (1180,6,1,249,'','',' ',' ',NULL,NULL,NULL,NULL,0,0,0,0,0),
 (1181,6,1,250,'','',' ',' ',NULL,NULL,NULL,NULL,0,0,0,0,0),
 (1182,6,1,251,'','',' ',' ',NULL,NULL,NULL,NULL,0,0,0,0,0),
 (1183,6,1,252,'','',' ',' ',NULL,NULL,NULL,NULL,0,0,0,0,0),
 (1184,6,1,253,'','',' ',' ',NULL,NULL,NULL,NULL,0,0,0,0,0),
 (1185,6,1,254,'','',' ',' ',NULL,NULL,NULL,NULL,0,0,0,0,0),
 (1186,6,1,255,'','',' ',' ',NULL,NULL,NULL,NULL,0,0,0,0,0),
 (1187,6,1,256,'','',' ',' ',NULL,NULL,NULL,NULL,0,0,0,0,0),
 (1188,6,1,257,'','',' ',' ',NULL,NULL,NULL,NULL,0,0,0,0,0),
 (1189,6,1,258,'','',' ',' ',NULL,NULL,NULL,NULL,0,0,0,0,0),
 (1190,6,1,259,'','',' ',' ',NULL,NULL,NULL,NULL,0,0,0,0,0),
 (1191,6,1,260,'','',' ',' ',NULL,NULL,NULL,NULL,0,0,0,0,0),
 (1192,6,1,261,'','',' ',' ',NULL,NULL,NULL,NULL,0,0,0,0,0),
 (1193,6,1,262,'','',' ',' ',NULL,NULL,NULL,NULL,0,0,0,0,0),
 (1194,6,1,263,'','',' ',' ',NULL,NULL,NULL,NULL,0,0,0,0,0),
 (1195,6,1,264,'','',' ',' ',NULL,NULL,NULL,NULL,0,0,0,0,0),
 (1196,6,1,265,'','',' ',' ',NULL,NULL,NULL,NULL,0,0,0,0,0),
 (1197,6,1,266,'','',' ',' ',NULL,NULL,NULL,NULL,0,0,0,0,0),
 (1198,6,1,267,'','',' ',' ',NULL,NULL,NULL,NULL,0,0,0,0,0),
 (1199,6,1,268,'','',' ',' ',NULL,NULL,NULL,NULL,0,0,0,0,0),
 (1200,6,1,269,'','',' ',' ',NULL,NULL,NULL,NULL,0,0,0,0,0),
 (1201,6,1,270,'','',' ',' ',NULL,NULL,NULL,NULL,0,0,0,0,0),
 (1202,6,1,271,'','',' ',' ',NULL,NULL,NULL,NULL,0,0,0,0,0),
 (1203,6,1,272,'','',' ',' ',NULL,NULL,NULL,NULL,0,0,0,0,0),
 (1204,6,1,273,'','',' ',' ',NULL,NULL,NULL,NULL,0,0,0,0,0),
 (1205,6,1,274,'','',' ',' ',NULL,NULL,NULL,NULL,0,0,0,0,0),
 (1206,6,1,275,'','',' ',' ',NULL,NULL,NULL,NULL,0,0,0,0,0),
 (1207,6,1,276,'','',' ',' ',NULL,NULL,NULL,NULL,0,0,0,0,0),
 (1208,6,1,277,'','',' ',' ',NULL,NULL,NULL,NULL,0,0,0,0,0),
 (1209,6,1,278,'','',' ',' ',NULL,NULL,NULL,NULL,0,0,0,0,0),
 (1210,6,1,279,'','',' ',' ',NULL,NULL,NULL,NULL,0,0,0,0,0),
 (1211,6,1,280,'','',' ',' ',NULL,NULL,NULL,NULL,0,0,0,0,0),
 (1212,6,1,281,'','',' ',' ',NULL,NULL,NULL,NULL,0,0,0,0,0),
 (1213,6,1,282,'','',' ',' ',NULL,NULL,NULL,NULL,0,0,0,0,0),
 (1214,6,1,283,'','',' ',' ',NULL,NULL,NULL,NULL,0,0,0,0,0),
 (1215,6,1,284,'','',' ',' ',NULL,NULL,NULL,NULL,0,0,0,0,0),
 (1216,6,1,285,'','',' ',' ',NULL,NULL,NULL,NULL,0,0,0,0,0),
 (1217,6,1,286,'','',' ',' ',NULL,NULL,NULL,NULL,0,0,0,0,0),
 (1218,6,1,287,'','',' ',' ',NULL,NULL,NULL,NULL,0,0,0,0,0),
 (1219,6,1,288,'','',' ',' ',NULL,NULL,NULL,NULL,0,0,0,0,0),
 (1220,6,1,289,'','',' ',' ',NULL,NULL,NULL,NULL,0,0,0,0,0),
 (1221,6,1,290,'','',' ',' ',NULL,NULL,NULL,NULL,0,0,0,0,0),
 (1222,6,1,291,'','',' ',' ',NULL,NULL,NULL,NULL,0,0,0,0,0),
 (1223,6,1,292,'','',' ',' ',NULL,NULL,NULL,NULL,0,0,0,0,0),
 (1224,6,1,293,'','',' ',' ',NULL,NULL,NULL,NULL,0,0,0,0,0),
 (1225,6,1,294,'','',' ',' ',NULL,NULL,NULL,NULL,0,0,0,0,0),
 (1226,6,1,295,'','',' ',' ',NULL,NULL,NULL,NULL,0,0,0,0,0),
 (1227,6,1,296,'','',' ',' ',NULL,NULL,NULL,NULL,0,0,0,0,0),
 (1228,6,1,297,'','',' ',' ',NULL,NULL,NULL,NULL,0,0,0,0,0),
 (1229,6,1,298,'','',' ',' ',NULL,NULL,NULL,NULL,0,0,0,0,0),
 (1230,6,1,299,'','',' ',' ',NULL,NULL,NULL,NULL,0,0,0,0,0),
 (1231,6,1,300,'','',' ',' ',NULL,NULL,NULL,NULL,0,0,0,0,0),
 (1232,6,1,301,'','',' ',' ',NULL,NULL,NULL,NULL,0,0,0,0,0),
 (1233,6,1,302,'','',' ',' ',NULL,NULL,NULL,NULL,0,0,0,0,0),
 (1234,6,1,303,'','',' ',' ',NULL,NULL,NULL,NULL,0,0,0,0,0),
 (1235,6,1,304,'','',' ',' ',NULL,NULL,NULL,NULL,0,0,0,0,0),
 (1236,6,1,305,'','',' ',' ',NULL,NULL,NULL,NULL,0,0,0,0,0),
 (1237,6,1,306,'','',' ',' ',NULL,NULL,NULL,NULL,0,0,0,0,0),
 (1238,6,1,307,'','',' ',' ',NULL,NULL,NULL,NULL,0,0,0,0,0),
 (1239,6,1,308,'','',' ',' ',NULL,NULL,NULL,NULL,0,0,0,0,0),
 (1240,6,1,309,'','',' ',' ',NULL,NULL,NULL,NULL,0,0,0,0,0),
 (1241,6,1,310,'','',' ',' ',NULL,NULL,NULL,NULL,0,0,0,0,0),
 (1242,6,1,311,'','',' ',' ',NULL,NULL,NULL,NULL,0,0,0,0,0),
 (1243,6,1,312,'','',' ',' ',NULL,NULL,NULL,NULL,0,0,0,0,0),
 (1244,6,1,313,'','',' ',' ',NULL,NULL,NULL,NULL,0,0,0,0,0),
 (1245,6,1,314,'','',' ',' ',NULL,NULL,NULL,NULL,0,0,0,0,0),
 (1246,6,1,315,'','',' ',' ',NULL,NULL,NULL,NULL,0,0,0,0,0),
 (1247,6,1,316,'','',' ',' ',NULL,NULL,NULL,NULL,0,0,0,0,0),
 (1248,6,1,317,'','',' ',' ',NULL,NULL,NULL,NULL,0,0,0,0,0),
 (1249,6,1,318,'','',' ',' ',NULL,NULL,NULL,NULL,0,0,0,0,0),
 (1250,6,1,319,'','',' ',' ',NULL,NULL,NULL,NULL,0,0,0,0,0),
 (1251,6,1,320,'','',' ',' ',NULL,NULL,NULL,NULL,0,0,0,0,0),
 (1252,6,1,321,'','',' ',' ',NULL,NULL,NULL,NULL,0,0,0,0,0),
 (1253,6,1,322,'','',' ',' ',NULL,NULL,NULL,NULL,0,0,0,0,0),
 (1254,6,1,323,'','',' ',' ',NULL,NULL,NULL,NULL,0,0,0,0,0),
 (1255,6,1,324,'','',' ',' ',NULL,NULL,NULL,NULL,0,0,0,0,0),
 (1256,6,1,325,'','',' ',' ',NULL,NULL,NULL,NULL,0,0,0,0,0),
 (1257,6,1,326,'','',' ',' ',NULL,NULL,NULL,NULL,0,0,0,0,0),
 (1258,6,1,327,'','',' ',' ',NULL,NULL,NULL,NULL,0,0,0,0,0),
 (1259,6,1,328,'','',' ',' ',NULL,NULL,NULL,NULL,0,0,0,0,0),
 (1260,6,1,329,'','',' ',' ',NULL,NULL,NULL,NULL,0,0,0,0,0),
 (1261,6,1,330,'','',' ',' ',NULL,NULL,NULL,NULL,0,0,0,0,0),
 (1262,6,1,331,'','',' ',' ',NULL,NULL,NULL,NULL,0,0,0,0,0),
 (1263,6,1,332,'','',' ',' ',NULL,NULL,NULL,NULL,0,0,0,0,0),
 (1264,6,1,333,'','',' ',' ',NULL,NULL,NULL,NULL,0,0,0,0,0),
 (1265,6,1,334,'','',' ',' ',NULL,NULL,NULL,NULL,0,0,0,0,0),
 (1266,6,1,335,'','',' ',' ',NULL,NULL,NULL,NULL,0,0,0,0,0),
 (1267,6,1,336,'','',' ',' ',NULL,NULL,NULL,NULL,0,0,0,0,0),
 (1268,6,1,337,'','',' ',' ',NULL,NULL,NULL,NULL,0,0,0,0,0),
 (1269,6,1,338,'','',' ',' ',NULL,NULL,NULL,NULL,0,0,0,0,0),
 (1270,6,1,339,'','',' ',' ',NULL,NULL,NULL,NULL,0,0,0,0,0),
 (1271,6,1,340,'','',' ',' ',NULL,NULL,NULL,NULL,0,0,0,0,0),
 (1272,6,1,341,'','',' ',' ',NULL,NULL,NULL,NULL,0,0,0,0,0),
 (1273,6,1,342,'','',' ',' ',NULL,NULL,NULL,NULL,0,0,0,0,0),
 (1274,6,1,343,'','',' ',' ',NULL,NULL,NULL,NULL,0,0,0,0,0),
 (1275,6,1,344,'','',' ',' ',NULL,NULL,NULL,NULL,0,0,0,0,0),
 (1276,6,1,345,'','',' ',' ',NULL,NULL,NULL,NULL,0,0,0,0,0),
 (1277,6,1,346,'','',' ',' ',NULL,NULL,NULL,NULL,0,0,0,0,0),
 (1278,6,1,347,'','',' ',' ',NULL,NULL,NULL,NULL,0,0,0,0,0),
 (1279,6,1,348,'','',' ',' ',NULL,NULL,NULL,NULL,0,0,0,0,0),
 (1280,6,1,349,'','',' ',' ',NULL,NULL,NULL,NULL,0,0,0,0,0),
 (1281,6,1,350,'','',' ',' ',NULL,NULL,NULL,NULL,0,0,0,0,0),
 (1282,6,1,351,'','',' ',' ',NULL,NULL,NULL,NULL,0,0,0,0,0),
 (1283,6,1,352,'','',' ',' ',NULL,NULL,NULL,NULL,0,0,0,0,0),
 (1284,6,1,353,'','',' ',' ',NULL,NULL,NULL,NULL,0,0,0,0,0),
 (1285,6,1,354,'','',' ',' ',NULL,NULL,NULL,NULL,0,0,0,0,0),
 (1286,6,1,355,'','',' ',' ',NULL,NULL,NULL,NULL,0,0,0,0,0),
 (1287,6,1,356,'','',' ',' ',NULL,NULL,NULL,NULL,0,0,0,0,0),
 (1288,6,1,357,'','',' ',' ',NULL,NULL,NULL,NULL,0,0,0,0,0),
 (1289,6,1,358,'','',' ',' ',NULL,NULL,NULL,NULL,0,0,0,0,0),
 (1290,6,1,359,'','',' ',' ',NULL,NULL,NULL,NULL,0,0,0,0,0),
 (1291,6,1,360,'','',' ',' ',NULL,NULL,NULL,NULL,0,0,0,0,0),
 (1292,6,1,361,'','',' ',' ',NULL,NULL,NULL,NULL,0,0,0,0,0),
 (1293,6,1,362,'','',' ',' ',NULL,NULL,NULL,NULL,0,0,0,0,0),
 (1294,6,1,363,'','',' ',' ',NULL,NULL,NULL,NULL,0,0,0,0,0),
 (1295,6,1,364,'','',' ',' ',NULL,NULL,NULL,NULL,0,0,0,0,0),
 (1296,6,1,365,'','',' ',' ',NULL,NULL,NULL,NULL,0,0,0,0,0),
 (1297,6,1,366,'','',' ',' ',NULL,NULL,NULL,NULL,0,0,0,0,0),
 (1298,6,1,367,'','',' ',' ',NULL,NULL,NULL,NULL,0,0,0,0,0),
 (1299,6,1,368,'','',' ',' ',NULL,NULL,NULL,NULL,0,0,0,0,0),
 (1300,6,1,369,'','',' ',' ',NULL,NULL,NULL,NULL,0,0,0,0,0),
 (1301,6,1,370,'','',' ',' ',NULL,NULL,NULL,NULL,0,0,0,0,0),
 (1302,6,1,371,'','',' ',' ',NULL,NULL,NULL,NULL,0,0,0,0,0),
 (1303,6,1,372,'','',' ',' ',NULL,NULL,NULL,NULL,0,0,0,0,0),
 (1304,6,1,373,'','',' ',' ',NULL,NULL,NULL,NULL,0,0,0,0,0),
 (1305,6,1,374,'','',' ',' ',NULL,NULL,NULL,NULL,0,0,0,0,0),
 (1306,6,1,375,'','',' ',' ',NULL,NULL,NULL,NULL,0,0,0,0,0),
 (1307,6,1,376,'','',' ',' ',NULL,NULL,NULL,NULL,0,0,0,0,0),
 (1308,6,1,377,'','',' ',' ',NULL,NULL,NULL,NULL,0,0,0,0,0),
 (1309,6,1,378,'','',' ',' ',NULL,NULL,NULL,NULL,0,0,0,0,0),
 (1310,6,1,379,'','',' ',' ',NULL,NULL,NULL,NULL,0,0,0,0,0),
 (1311,6,1,380,'','',' ',' ',NULL,NULL,NULL,NULL,0,0,0,0,0),
 (1312,6,1,381,'','',' ',' ',NULL,NULL,NULL,NULL,0,0,0,0,0),
 (1313,6,1,382,'','',' ',' ',NULL,NULL,NULL,NULL,0,0,0,0,0),
 (1314,6,1,383,'','',' ',' ',NULL,NULL,NULL,NULL,0,0,0,0,0),
 (1315,6,1,384,'','',' ',' ',NULL,NULL,NULL,NULL,0,0,0,0,0),
 (1316,6,1,385,'','',' ',' ',NULL,NULL,NULL,NULL,0,0,0,0,0),
 (1317,6,1,386,'','',' ',' ',NULL,NULL,NULL,NULL,0,0,0,0,0),
 (1318,6,1,387,'','',' ',' ',NULL,NULL,NULL,NULL,0,0,0,0,0),
 (1319,6,1,388,'','',' ',' ',NULL,NULL,NULL,NULL,0,0,0,0,0),
 (1320,6,1,389,'','',' ',' ',NULL,NULL,NULL,NULL,0,0,0,0,0),
 (1321,6,1,390,'','',' ',' ',NULL,NULL,NULL,NULL,0,0,0,0,0),
 (1322,6,1,391,'','',' ',' ',NULL,NULL,NULL,NULL,0,0,0,0,0),
 (1323,6,1,392,'','',' ',' ',NULL,NULL,NULL,NULL,0,0,0,0,0),
 (1324,6,1,393,'','',' ',' ',NULL,NULL,NULL,NULL,0,0,0,0,0),
 (1325,6,1,394,'','',' ',' ',NULL,NULL,NULL,NULL,0,0,0,0,0),
 (1326,6,1,395,'','',' ',' ',NULL,NULL,NULL,NULL,0,0,0,0,0),
 (1327,6,1,396,'','',' ',' ',NULL,NULL,NULL,NULL,0,0,0,0,0),
 (1328,6,1,397,'','',' ',' ',NULL,NULL,NULL,NULL,0,0,0,0,0),
 (1329,6,1,398,'','',' ',' ',NULL,NULL,NULL,NULL,0,0,0,0,0),
 (1330,6,1,399,'','',' ',' ',NULL,NULL,NULL,NULL,0,0,0,0,0),
 (1331,6,1,400,'','',' ',' ',NULL,NULL,NULL,NULL,0,0,0,0,0),
 (1332,6,1,401,'','',' ',' ',NULL,NULL,NULL,NULL,0,0,0,0,0),
 (1333,6,1,402,'','',' ',' ',NULL,NULL,NULL,NULL,0,0,0,0,0),
 (1334,6,1,403,'','',' ',' ',NULL,NULL,NULL,NULL,0,0,0,0,0),
 (1335,6,1,404,'','',' ',' ',NULL,NULL,NULL,NULL,0,0,0,0,0),
 (1336,6,1,405,'','',' ',' ',NULL,NULL,NULL,NULL,0,0,0,0,0),
 (1337,6,1,406,'','',' ',' ',NULL,NULL,NULL,NULL,0,0,0,0,0),
 (1338,6,1,407,'','',' ',' ',NULL,NULL,NULL,NULL,0,0,0,0,0),
 (1339,6,1,408,'','',' ',' ',NULL,NULL,NULL,NULL,0,0,0,0,0),
 (1340,6,1,409,'','',' ',' ',NULL,NULL,NULL,NULL,0,0,0,0,0),
 (1341,6,1,410,'','',' ',' ',NULL,NULL,NULL,NULL,0,0,0,0,0),
 (1342,6,1,411,'','',' ',' ',NULL,NULL,NULL,NULL,0,0,0,0,0),
 (1343,6,1,412,'','',' ',' ',NULL,NULL,NULL,NULL,0,0,0,0,0),
 (1344,6,1,413,'','',' ',' ',NULL,NULL,NULL,NULL,0,0,0,0,0),
 (1345,6,1,414,'','',' ',' ',NULL,NULL,NULL,NULL,0,0,0,0,0),
 (1346,6,1,415,'','',' ',' ',NULL,NULL,NULL,NULL,0,0,0,0,0),
 (1347,6,1,416,'','',' ',' ',NULL,NULL,NULL,NULL,0,0,0,0,0),
 (1348,6,1,417,'','',' ',' ',NULL,NULL,NULL,NULL,0,0,0,0,0),
 (1349,6,1,418,'','',' ',' ',NULL,NULL,NULL,NULL,0,0,0,0,0),
 (1350,6,1,419,'','',' ',' ',NULL,NULL,NULL,NULL,0,0,0,0,0),
 (1351,6,1,420,'','',' ',' ',NULL,NULL,NULL,NULL,0,0,0,0,0),
 (1352,6,1,421,'','',' ',' ',NULL,NULL,NULL,NULL,0,0,0,0,0),
 (1353,6,1,422,'','',' ',' ',NULL,NULL,NULL,NULL,0,0,0,0,0),
 (1354,6,1,423,'','',' ',' ',NULL,NULL,NULL,NULL,0,0,0,0,0),
 (1355,6,1,424,'','',' ',' ',NULL,NULL,NULL,NULL,0,0,0,0,0),
 (1356,6,1,425,'','',' ',' ',NULL,NULL,NULL,NULL,0,0,0,0,0),
 (1357,6,1,426,'','',' ',' ',NULL,NULL,NULL,NULL,0,0,0,0,0),
 (1358,6,1,427,'','',' ',' ',NULL,NULL,NULL,NULL,0,0,0,0,0),
 (1359,6,1,428,'','',' ',' ',NULL,NULL,NULL,NULL,0,0,0,0,0),
 (1360,6,1,429,'','',' ',' ',NULL,NULL,NULL,NULL,0,0,0,0,0),
 (1361,6,1,430,'','',' ',' ',NULL,NULL,NULL,NULL,0,0,0,0,0),
 (1362,6,1,431,'','',' ',' ',NULL,NULL,NULL,NULL,0,0,0,0,0),
 (1363,6,1,432,'','',' ',' ',NULL,NULL,NULL,NULL,0,0,0,0,0),
 (1364,6,1,433,'','',' ',' ',NULL,NULL,NULL,NULL,0,0,0,0,0),
 (1365,6,1,434,'','',' ',' ',NULL,NULL,NULL,NULL,0,0,0,0,0),
 (1366,6,1,435,'','',' ',' ',NULL,NULL,NULL,NULL,0,0,0,0,0),
 (1367,6,1,436,'','',' ',' ',NULL,NULL,NULL,NULL,0,0,0,0,0),
 (1368,6,1,437,'','',' ',' ',NULL,NULL,NULL,NULL,0,0,0,0,0),
 (1369,6,1,438,'','',' ',' ',NULL,NULL,NULL,NULL,0,0,0,0,0),
 (1370,6,1,439,'','',' ',' ',NULL,NULL,NULL,NULL,0,0,0,0,0),
 (1371,6,1,440,'','',' ',' ',NULL,NULL,NULL,NULL,0,0,0,0,0),
 (1372,6,1,441,'','',' ',' ',NULL,NULL,NULL,NULL,0,0,0,0,0),
 (1373,6,1,442,'','',' ',' ',NULL,NULL,NULL,NULL,0,0,0,0,0),
 (1374,6,1,443,'','',' ',' ',NULL,NULL,NULL,NULL,0,0,0,0,0),
 (1375,6,1,444,'','',' ',' ',NULL,NULL,NULL,NULL,0,0,0,0,0),
 (1376,6,1,445,'','',' ',' ',NULL,NULL,NULL,NULL,0,0,0,0,0),
 (1377,6,1,446,'','',' ',' ',NULL,NULL,NULL,NULL,0,0,0,0,0),
 (1378,6,1,447,'','',' ',' ',NULL,NULL,NULL,NULL,0,0,0,0,0),
 (1379,6,1,448,'','',' ',' ',NULL,NULL,NULL,NULL,0,0,0,0,0),
 (1380,6,1,449,'','',' ',' ',NULL,NULL,NULL,NULL,0,0,0,0,0),
 (1381,6,1,450,'','',' ',' ',NULL,NULL,NULL,NULL,0,0,0,0,0),
 (1382,6,1,451,'','',' ',' ',NULL,NULL,NULL,NULL,0,0,0,0,0),
 (1383,6,1,452,'','',' ',' ',NULL,NULL,NULL,NULL,0,0,0,0,0),
 (1384,6,1,453,'','',' ',' ',NULL,NULL,NULL,NULL,0,0,0,0,0),
 (1385,6,1,454,'','',' ',' ',NULL,NULL,NULL,NULL,0,0,0,0,0),
 (1386,6,1,455,'','',' ',' ',NULL,NULL,NULL,NULL,0,0,0,0,0),
 (1387,6,1,456,'','',' ',' ',NULL,NULL,NULL,NULL,0,0,0,0,0),
 (1388,6,1,457,'','',' ',' ',NULL,NULL,NULL,NULL,0,0,0,0,0),
 (1389,6,1,458,'','',' ',' ',NULL,NULL,NULL,NULL,0,0,0,0,0),
 (1390,6,1,459,'','',' ',' ',NULL,NULL,NULL,NULL,0,0,0,0,0),
 (1391,6,1,460,'','',' ',' ',NULL,NULL,NULL,NULL,0,0,0,0,0),
 (1392,6,1,461,'','',' ',' ',NULL,NULL,NULL,NULL,0,0,0,0,0),
 (1393,6,1,462,'','',' ',' ',NULL,NULL,NULL,NULL,0,0,0,0,0),
 (1394,6,1,463,'','',' ',' ',NULL,NULL,NULL,NULL,0,0,0,0,0),
 (1395,6,1,464,'','',' ',' ',NULL,NULL,NULL,NULL,0,0,0,0,0),
 (1396,6,1,465,'','',' ',' ',NULL,NULL,NULL,NULL,0,0,0,0,0),
 (1397,6,1,466,'','',' ',' ',NULL,NULL,NULL,NULL,0,0,0,0,0),
 (1398,6,1,467,'','',' ',' ',NULL,NULL,NULL,NULL,0,0,0,0,0);
/*!40000 ALTER TABLE `assignment_users` ENABLE KEYS */;


--
-- Definition of table `assignments`
--

DROP TABLE IF EXISTS `assignments`;
CREATE TABLE `assignments` (
  `id` int(11) NOT NULL AUTO_INCREMENT,
  `quiz_id` int(11) NOT NULL DEFAULT '0',
  `org_quiz_id` int(11) NOT NULL DEFAULT '0',
  `results_mode` int(11) NOT NULL DEFAULT '0',
  `added_date` datetime NOT NULL DEFAULT '0000-00-00 00:00:00',
  `quiz_time` int(11) NOT NULL DEFAULT '0',
  `show_results` int(11) NOT NULL DEFAULT '0',
  `pass_score` decimal(10,2) NOT NULL DEFAULT '0.00',
  `quiz_type` int(11) NOT NULL DEFAULT '0',
  `status` int(11) NOT NULL DEFAULT '0',
  PRIMARY KEY (`id`)
) ENGINE=InnoDB AUTO_INCREMENT=7 DEFAULT CHARSET=latin1;

--
-- Dumping data for table `assignments`
--

/*!40000 ALTER TABLE `assignments` DISABLE KEYS */;
INSERT INTO `assignments` (`id`,`quiz_id`,`org_quiz_id`,`results_mode`,`added_date`,`quiz_time`,`show_results`,`pass_score`,`quiz_type`,`status`) VALUES 
 (1,1,1,1,'2024-01-27 10:45:19',15,1,'20.00',1,0),
 (2,2,2,1,'2024-01-27 10:45:19',15,1,'20.00',1,0),
 (3,3,3,1,'2024-01-27 10:45:19',15,1,'20.00',1,0),
 (4,1,1,1,'2024-01-27 10:45:20',15,1,'20.00',1,0),
 (5,2,2,1,'2024-01-27 10:45:20',15,1,'20.00',1,0),
 (6,3,3,1,'2024-01-27 10:45:21',15,1,'20.00',1,0);
/*!40000 ALTER TABLE `assignments` ENABLE KEYS */;


--
-- Definition of table `cats`
--

DROP TABLE IF EXISTS `cats`;
CREATE TABLE `cats` (
  `id` int(11) NOT NULL AUTO_INCREMENT,
  `cat_name` varchar(255) NOT NULL,
  PRIMARY KEY (`id`)
) ENGINE=InnoDB AUTO_INCREMENT=4 DEFAULT CHARSET=latin1;

--
-- Dumping data for table `cats`
--

/*!40000 ALTER TABLE `cats` DISABLE KEYS */;
INSERT INTO `cats` (`id`,`cat_name`) VALUES 
 (1,'Assessment Test #002-Part A'),
 (2,'Assessment Test #002-Part B'),
 (3,'Assessment Test #002-Part C');
/*!40000 ALTER TABLE `cats` ENABLE KEYS */;


--
-- Definition of table `imported_users`
--

DROP TABLE IF EXISTS `imported_users`;
CREATE TABLE `imported_users` (
  `id` int(11) NOT NULL AUTO_INCREMENT,
  `name` varchar(250) NOT NULL DEFAULT '',
  `surname` varchar(255) NOT NULL DEFAULT '',
  `user_name` varchar(150) NOT NULL DEFAULT '',
  `password` varchar(150) NOT NULL DEFAULT '',
  PRIMARY KEY (`id`)
) ENGINE=MyISAM AUTO_INCREMENT=3 DEFAULT CHARSET=latin1;

--
-- Dumping data for table `imported_users`
--

/*!40000 ALTER TABLE `imported_users` DISABLE KEYS */;
INSERT INTO `imported_users` (`id`,`name`,`surname`,`user_name`,`password`) VALUES 
 (1,'test1','test2','user1','ee11cbb19052e40b07aac0ca060c23ee'),
 (2,'test2','test2','user2','ee11cbb19052e40b07aac0ca060c23ee');
/*!40000 ALTER TABLE `imported_users` ENABLE KEYS */;


--
-- Definition of table `maxedu_cp_loadmax`
--

DROP TABLE IF EXISTS `maxedu_cp_loadmax`;
CREATE TABLE `maxedu_cp_loadmax` (
  `id` int(10) unsigned NOT NULL AUTO_INCREMENT,
  `loadtext` varchar(50) NOT NULL,
  `loadval` double NOT NULL DEFAULT '0',
  `loadtime` datetime NOT NULL,
  PRIMARY KEY (`id`)
) ENGINE=InnoDB AUTO_INCREMENT=817 DEFAULT CHARSET=latin1;

--
-- Dumping data for table `maxedu_cp_loadmax`
--

/*!40000 ALTER TABLE `maxedu_cp_loadmax` DISABLE KEYS */;
INSERT INTO `maxedu_cp_loadmax` (`id`,`loadtext`,`loadval`,`loadtime`) VALUES 
 (1,'[0,0.01,0.05]',0.05,'2020-07-21 03:03:56'),
 (2,'[0.08,0.03,0.05]',0.08,'2020-07-21 03:05:36'),
 (3,'[0.08,0.1,0.08]',0.1,'2020-07-21 05:05:46'),
 (4,'[0.12,0.11,0.08]',0.12,'2020-07-21 05:06:24'),
 (5,'[0.21,0.12,0.09]',0.21,'2020-07-21 05:07:20'),
 (6,'[0.27,0.14,0.09]',0.27,'2020-07-21 05:07:25'),
 (7,'[0.47,0.18,0.11]',0.47,'2020-07-21 05:12:10'),
 (8,'[0,0.01,0.05]',0.05,'2020-07-21 06:54:37'),
 (9,'[0.07,0.03,0.05]',0.07,'2020-07-21 08:19:46'),
 (10,'[0.14,0.16,0.1]',0.16,'2020-07-21 09:19:03'),
 (11,'[0.04,0.1,0.09]',0.1,'2020-07-21 10:29:42'),
 (12,'[0.15,0.11,0.1]',0.15,'2020-07-21 10:30:45'),
 (13,'[0.29,0.14,0.11]',0.29,'2020-07-21 10:30:53'),
 (14,'[0.35,0.11,0.09]',0.35,'2020-07-21 10:56:10'),
 (15,'[0.01,0.06,0.07]',0.07,'2020-07-21 11:00:01'),
 (16,'[0.08,0.06,0.07]',0.08,'2020-07-21 11:02:06'),
 (17,'[0.13,0.07,0.07]',0.13,'2020-07-21 11:02:31'),
 (18,'[0.17,0.07,0.06]',0.17,'2020-07-21 11:08:04'),
 (19,'[0.18,0.1,0.06]',0.18,'2020-07-21 11:12:18'),
 (20,'[0.22,0.11,0.08]',0.22,'2020-07-21 11:25:37'),
 (21,'[0.27,0.12,0.09]',0.27,'2020-07-21 11:25:45'),
 (22,'[0.29,0.13,0.09]',0.29,'2020-07-21 11:26:01'),
 (23,'[0.09,0.08,0.07]',0.09,'2020-07-22 02:21:04'),
 (24,'[0.33,0.1,0.07]',0.33,'2020-07-22 02:28:04'),
 (25,'[0.39,0.12,0.07]',0.39,'2020-07-22 02:28:12'),
 (26,'[0.68,0.18,0.09]',0.68,'2020-07-22 02:28:16'),
 (27,'[0.02,0.05,0.05]',0.05,'2020-07-22 09:40:09'),
 (28,'[0.11,0.06,0.05]',0.11,'2020-07-22 11:25:48'),
 (29,'[0.15,0.08,0.05]',0.15,'2020-07-22 11:27:26'),
 (30,'[0.25,0.11,0.06]',0.25,'2020-07-22 11:30:00'),
 (31,'[0.29,0.13,0.07]',0.29,'2020-07-22 11:31:37'),
 (32,'[0.09,0.07,0.05]',0.09,'2020-07-22 12:48:04'),
 (33,'[0.15,0.08,0.06]',0.15,'2020-07-22 12:48:11'),
 (34,'[0,0.01,0.05]',0.05,'2020-07-23 02:10:30'),
 (35,'[0.08,0.03,0.05]',0.08,'2020-07-23 02:11:17'),
 (36,'[0.16,0.05,0.06]',0.16,'2020-07-23 02:21:49'),
 (37,'[0.33,0.09,0.07]',0.33,'2020-07-23 02:25:01'),
 (38,'[0.38,0.13,0.07]',0.38,'2020-07-23 02:28:23'),
 (39,'[0.43,0.14,0.08]',0.43,'2020-07-23 02:28:27'),
 (40,'[0.44,0.16,0.08]',0.44,'2020-07-23 02:28:39'),
 (41,'[0.49,0.17,0.09]',0.49,'2020-07-23 02:28:43'),
 (42,'[0.61,0.2,0.1]',0.61,'2020-07-23 02:28:47'),
 (43,'[0.64,0.21,0.1]',0.64,'2020-07-23 02:28:51'),
 (44,'[0.02,0.02,0.05]',0.05,'2020-07-23 04:13:58'),
 (45,'[0.08,0.03,0.05]',0.08,'2020-07-23 04:20:00'),
 (46,'[0.1,0.04,0.05]',0.1,'2020-07-23 04:21:32'),
 (47,'[0.08,0.08,0.06]',0.08,'2020-07-23 09:20:15'),
 (48,'[0.06,0.07,0.06]',0.07,'2020-07-23 13:58:02'),
 (49,'[0.01,0.05,0.05]',0.05,'2020-07-23 14:00:01'),
 (50,'[0.08,0.05,0.05]',0.08,'2020-07-23 14:01:50'),
 (51,'[0.13,0.06,0.05]',0.13,'2020-07-23 14:02:16'),
 (52,'[0.2,0.08,0.06]',0.2,'2020-07-23 14:02:21'),
 (53,'[0.02,0.02,0.05]',0.05,'2020-07-23 18:16:38'),
 (54,'[0.08,0.03,0.05]',0.08,'2020-07-23 18:25:04'),
 (55,'[0.14,0.05,0.05]',0.14,'2020-07-23 18:45:18'),
 (56,'[0.17,0.06,0.06]',0.17,'2020-07-23 18:45:49'),
 (57,'[0.23,0.08,0.06]',0.23,'2020-07-23 18:46:37'),
 (58,'[0,0.01,0.05]',0.05,'2020-07-23 21:07:14'),
 (59,'[0.01,0.06,0.06]',0.06,'2020-07-24 02:32:36'),
 (60,'[0.08,0.04,0.05]',0.08,'2020-07-24 02:37:02'),
 (61,'[0.12,0.06,0.05]',0.12,'2020-07-24 02:37:52'),
 (62,'[0.14,0.07,0.05]',0.14,'2020-07-24 02:38:28'),
 (63,'[0.04,0.03,0.05]',0.05,'2020-07-24 06:47:09'),
 (64,'[0.1,0.04,0.05]',0.1,'2020-07-24 06:47:35'),
 (65,'[0,0.01,0.05]',0.05,'2020-07-24 08:24:03'),
 (66,'[0.09,0.04,0.05]',0.09,'2020-07-24 08:31:27'),
 (67,'[0,0.01,0.05]',0.05,'2020-07-24 09:01:24'),
 (68,'[0.14,0.05,0.06]',0.14,'2020-07-24 09:03:19'),
 (69,'[0,0.01,0.05]',0.05,'2020-07-24 10:33:13'),
 (70,'[0.16,0.05,0.06]',0.16,'2020-07-24 10:36:54'),
 (71,'[0.22,0.06,0.06]',0.22,'2020-07-24 10:37:04'),
 (72,'[0.03,0.22,0.16]',0.22,'2020-07-25 02:33:25'),
 (73,'[0.29,0.14,0.14]',0.29,'2020-07-25 02:38:42'),
 (74,'[0.34,0.16,0.15]',0.34,'2020-07-25 02:38:46'),
 (75,'[0,0.01,0.05]',0.05,'2020-07-25 03:09:15'),
 (76,'[0.06,0.06,0.05]',0.06,'2020-07-25 04:29:16'),
 (77,'[0.1,0.06,0.05]',0.1,'2020-07-25 07:58:04'),
 (78,'[0,0.01,0.05]',0.05,'2020-07-25 10:46:33'),
 (79,'[0,0.01,0.05]',0.05,'2020-07-25 12:08:55'),
 (80,'[0,0.01,0.05]',0.05,'2020-07-25 14:09:35'),
 (81,'[0.08,0.09,0.07]',0.09,'2020-07-26 04:24:18'),
 (82,'[0.06,0.06,0.05]',0.06,'2020-07-26 05:27:44'),
 (83,'[0.1,0.07,0.05]',0.1,'2020-07-26 05:29:02'),
 (84,'[0.11,0.09,0.06]',0.11,'2020-07-26 09:01:25'),
 (85,'[0.15,0.08,0.05]',0.15,'2020-07-26 09:04:30'),
 (86,'[0.16,0.07,0.06]',0.16,'2020-07-26 09:08:47'),
 (87,'[0.19,0.09,0.06]',0.19,'2020-07-26 09:10:02'),
 (88,'[0.25,0.11,0.06]',0.25,'2020-07-26 09:30:43'),
 (89,'[0.02,0.04,0.05]',0.05,'2020-07-26 10:16:37'),
 (90,'[0.08,0.03,0.05]',0.08,'2020-07-26 10:20:17'),
 (91,'[0.13,0.05,0.05]',0.13,'2020-07-26 10:20:46'),
 (92,'[0,0.01,0.05]',0.05,'2020-07-26 12:05:48'),
 (93,'[0.12,0.04,0.05]',0.12,'2020-07-26 12:17:57'),
 (94,'[0,0.01,0.05]',0.05,'2020-08-07 02:55:10'),
 (95,'[0.03,0.04,0.05]',0.05,'2020-08-07 03:16:08'),
 (96,'[0,0.02,0.05]',0.05,'2020-08-07 04:35:01'),
 (97,'[0,0.02,0.05]',0.05,'2020-08-07 07:41:20'),
 (98,'[0,0.01,0.05]',0.05,'2020-08-07 11:25:40'),
 (99,'[0,0.01,0.05]',0.05,'2020-08-08 02:59:50'),
 (100,'[0,0.01,0.05]',0.05,'2020-08-08 03:00:00'),
 (101,'[0.08,0.03,0.05]',0.08,'2020-08-08 03:01:59'),
 (102,'[0.12,0.04,0.05]',0.12,'2020-08-08 03:02:39'),
 (103,'[0,0.01,0.05]',0.05,'2020-08-08 11:07:23'),
 (104,'[0,0.01,0.05]',0.05,'2020-08-08 13:31:53'),
 (105,'[0.08,0.03,0.05]',0.08,'2020-08-08 13:35:08'),
 (106,'[0.02,0.02,0.05]',0.05,'2020-08-09 10:22:48'),
 (107,'[0,0.01,0.05]',0.05,'2020-08-09 14:26:36'),
 (108,'[0,0.13,0.14]',0.14,'2020-08-10 02:36:03'),
 (109,'[0,0.01,0.05]',0.05,'2020-08-10 03:08:15'),
 (110,'[0.08,0.03,0.05]',0.08,'2020-08-10 03:08:18'),
 (111,'[0.38,0.14,0.09]',0.38,'2020-08-10 03:35:15'),
 (112,'[0.1,0.07,0.05]',0.1,'2020-08-10 05:03:33'),
 (113,'[0.14,0.08,0.06]',0.14,'2020-08-10 05:04:04'),
 (114,'[0.25,0.1,0.06]',0.25,'2020-08-10 05:06:20'),
 (115,'[0.28,0.12,0.07]',0.28,'2020-08-10 05:07:03'),
 (116,'[0.03,0.05,0.05]',0.05,'2020-08-10 06:57:58'),
 (117,'[0.09,0.06,0.05]',0.09,'2020-08-10 06:58:56'),
 (118,'[0.13,0.07,0.05]',0.13,'2020-08-10 06:59:24'),
 (119,'[0.08,0.06,0.05]',0.08,'2020-08-10 07:00:02'),
 (120,'[0.1,0.06,0.05]',0.1,'2020-08-10 07:01:30'),
 (121,'[0.13,0.07,0.05]',0.13,'2020-08-10 07:02:10'),
 (122,'[0.03,0.04,0.05]',0.05,'2020-08-10 09:10:20'),
 (123,'[0,0.01,0.05]',0.05,'2020-08-10 11:05:12'),
 (124,'[0.08,0.03,0.05]',0.08,'2020-08-10 11:15:09'),
 (125,'[0.13,0.04,0.05]',0.13,'2020-08-11 03:10:15'),
 (126,'[0.16,0.06,0.06]',0.16,'2020-08-11 03:53:55'),
 (127,'[0.18,0.09,0.06]',0.18,'2020-08-11 03:56:40'),
 (128,'[0.05,0.06,0.05]',0.06,'2020-08-11 04:00:00'),
 (129,'[0.24,0.06,0.06]',0.24,'2020-08-11 04:39:58'),
 (130,'[0.16,0.07,0.06]',0.16,'2020-08-11 07:24:07'),
 (131,'[0.18,0.11,0.07]',0.18,'2020-08-11 09:54:41'),
 (132,'[0.2,0.12,0.07]',0.2,'2020-08-11 09:55:05'),
 (133,'[0,0.03,0.05]',0.05,'2020-08-11 10:19:49'),
 (134,'[0,0.01,0.05]',0.05,'2020-08-11 11:10:23'),
 (135,'[0,0.03,0.05]',0.05,'2020-08-12 13:52:32'),
 (136,'[0.08,0.04,0.05]',0.08,'2020-08-12 13:53:58'),
 (137,'[0.1,0.05,0.05]',0.1,'2020-08-12 13:55:17'),
 (138,'[0.11,0.06,0.05]',0.11,'2020-08-12 13:56:22'),
 (139,'[0.12,0.06,0.05]',0.12,'2020-08-12 13:57:23'),
 (140,'[0.01,0.04,0.05]',0.05,'2020-08-12 14:00:00'),
 (141,'[0.08,0.04,0.05]',0.08,'2020-08-12 14:02:32'),
 (142,'[0.09,0.03,0.05]',0.09,'2020-08-12 14:24:23'),
 (143,'[0.17,0.05,0.06]',0.17,'2020-08-12 14:29:36'),
 (144,'[0.24,0.09,0.06]',0.24,'2020-08-12 14:46:34'),
 (145,'[0.27,0.1,0.06]',0.27,'2020-08-12 14:46:46'),
 (146,'[0.03,0.04,0.05]',0.05,'2020-08-12 15:00:02'),
 (147,'[0.08,0.04,0.05]',0.08,'2020-08-12 15:03:42'),
 (148,'[0.13,0.05,0.05]',0.13,'2020-08-12 15:04:07'),
 (149,'[0.19,0.08,0.06]',0.19,'2020-08-12 15:09:02'),
 (150,'[0.25,0.07,0.06]',0.25,'2020-08-12 15:25:14'),
 (151,'[0.35,0.11,0.07]',0.35,'2020-08-12 15:26:04'),
 (152,'[0.57,0.17,0.09]',0.57,'2020-08-12 15:46:00'),
 (153,'[0.67,0.24,0.12]',0.67,'2020-08-12 15:55:35'),
 (154,'[0.7,0.25,0.13]',0.7,'2020-08-12 15:55:39'),
 (155,'[0.05,0.12,0.11]',0.12,'2020-08-12 16:00:02'),
 (156,'[0.13,0.14,0.11]',0.14,'2020-08-12 16:00:06'),
 (157,'[0.18,0.14,0.12]',0.18,'2020-08-12 16:00:19'),
 (158,'[0.25,0.11,0.1]',0.25,'2020-08-12 16:09:08'),
 (159,'[0.29,0.12,0.11]',0.29,'2020-08-12 16:09:20'),
 (160,'[0,0.01,0.05]',0.05,'2020-08-12 21:31:08'),
 (161,'[0.01,0.07,0.07]',0.07,'2020-08-13 14:07:34'),
 (162,'[0.08,0.08,0.07]',0.08,'2020-08-13 14:08:44'),
 (163,'[0.11,0.08,0.07]',0.11,'2020-08-13 14:09:44'),
 (164,'[0,0.01,0.05]',0.05,'2020-08-13 21:34:02'),
 (165,'[0.08,0.03,0.05]',0.08,'2020-08-13 21:34:05'),
 (166,'[0.14,0.05,0.05]',0.14,'2020-08-13 21:34:25'),
 (167,'[0.02,0.02,0.05]',0.05,'2020-08-14 13:37:48'),
 (168,'[0.08,0.03,0.05]',0.08,'2020-08-14 13:39:02'),
 (169,'[0.14,0.05,0.05]',0.14,'2020-08-14 13:39:22'),
 (170,'[0.2,0.06,0.06]',0.2,'2020-08-14 13:39:30'),
 (171,'[0.3,0.09,0.07]',0.3,'2020-08-14 13:39:50'),
 (172,'[0,0.02,0.05]',0.05,'2020-08-14 14:00:00'),
 (173,'[0.08,0.03,0.05]',0.08,'2020-08-14 14:01:51'),
 (174,'[0.13,0.04,0.05]',0.13,'2020-08-14 14:02:20'),
 (175,'[0.06,0.08,0.12]',0.12,'2020-08-14 19:12:15'),
 (176,'[0.2,0.13,0.14]',0.2,'2020-08-14 19:18:52'),
 (177,'[0.26,0.14,0.14]',0.26,'2020-08-14 19:18:55'),
 (178,'[0,0.01,0.05]',0.05,'2020-08-14 20:24:01'),
 (179,'[0.08,0.03,0.05]',0.08,'2020-08-14 20:25:09'),
 (180,'[0.09,0.04,0.05]',0.09,'2020-08-14 20:50:08'),
 (181,'[0.01,0.02,0.05]',0.05,'2020-08-14 21:00:00'),
 (182,'[0.08,0.03,0.05]',0.08,'2020-08-14 21:02:45'),
 (183,'[0.13,0.04,0.05]',0.13,'2020-08-14 21:03:21'),
 (184,'[0.16,0.05,0.06]',0.16,'2020-08-14 21:38:32'),
 (185,'[0,0.01,0.05]',0.05,'2020-08-14 22:00:02'),
 (186,'[4.89,-1,3.79]',4.89,'2020-10-10 16:40:54'),
 (187,'[3.09,-1,5.33]',5.33,'2020-10-10 16:40:56'),
 (188,'[3.37,-1,6.91]',6.91,'2020-10-15 12:44:38'),
 (189,'[1.57,1.72,1.81]',1.81,'2020-11-12 18:43:32'),
 (190,'[1.06,1.36,1.42]',1.42,'2020-11-13 07:01:01'),
 (191,'[1.44,1.45,1.48]',1.48,'2020-11-13 08:59:28'),
 (192,'[1.48,1.46,1.49]',1.49,'2020-11-13 08:59:32'),
 (193,'[1.52,1.47,1.49]',1.52,'2020-11-13 08:59:37'),
 (194,'[1.8,1.52,1.51]',1.8,'2020-11-13 08:59:43'),
 (195,'[1.82,1.53,1.51]',1.82,'2020-11-13 08:59:46'),
 (196,'[1.91,1.56,1.52]',1.91,'2020-11-13 08:59:52'),
 (197,'[2.16,1.61,1.54]',2.16,'2020-11-13 08:59:57'),
 (198,'[1.99,1.59,1.53]',1.99,'2020-11-13 09:00:02'),
 (199,'[2.09,1.63,1.54]',2.09,'2020-11-13 09:00:32'),
 (200,'[2.25,1.67,1.56]',2.25,'2020-11-13 09:00:37'),
 (201,'[43.12,41.23,40.42]',43.12,'2020-11-13 22:50:26'),
 (202,'[43.91,41.42,40.49]',43.91,'2020-11-13 22:50:31'),
 (203,'[44.16,41.52,40.52]',44.16,'2020-11-13 22:50:36'),
 (204,'[48.43,43.09,41.11]',48.43,'2020-11-13 22:51:24'),
 (205,'[49.72,43.55,41.28]',49.72,'2020-11-13 22:51:36'),
 (206,'[50.23,43.76,41.36]',50.23,'2020-11-13 22:51:43'),
 (207,'[50.72,44.88,41.9]',50.72,'2020-11-13 22:52:47'),
 (208,'[51.47,45.13,41.99]',51.47,'2020-11-13 22:52:51'),
 (209,'[10.05,11.02,11.72]',11.72,'2020-11-14 07:00:55'),
 (210,'[10.47,11.08,11.73]',11.73,'2020-11-14 07:01:05'),
 (211,'[12.2,12.65,12.36]',12.65,'2020-11-14 12:36:09'),
 (212,'[12.27,12.66,12.36]',12.66,'2020-11-14 12:36:14'),
 (213,'[12.33,12.67,12.37]',12.67,'2020-11-14 12:36:19'),
 (214,'[15.27,17.6,17.95]',17.95,'2020-11-16 14:02:03'),
 (215,'[14.36,13.62,13.56]',14.36,'2020-11-16 23:37:16'),
 (216,'[14.4,13.65,13.57]',14.4,'2020-11-16 23:37:24'),
 (217,'[14.97,14.41,14.23]',14.97,'2020-11-17 09:39:23'),
 (218,'[32.88,23.83,18.11]',32.88,'2020-11-17 17:11:52'),
 (219,'[13.15,13.46,13.63]',13.63,'2020-11-18 08:39:39'),
 (220,'[13.43,13.51,13.64]',13.64,'2020-11-18 08:39:45'),
 (221,'[13.56,13.54,13.65]',13.65,'2020-11-18 08:39:51'),
 (222,'[13.67,13.55,13.65]',13.67,'2020-11-18 08:40:06'),
 (223,'[13.91,13.54,13.64]',13.91,'2020-11-18 08:41:01'),
 (224,'[14.8,13.73,13.7]',14.8,'2020-11-18 08:41:09'),
 (225,'[6.47,5.39,5.44]',6.47,'2020-12-13 20:00:08'),
 (226,'[6.54,5.46,5.47]',6.54,'2020-12-13 20:00:30'),
 (227,'[6.58,5.49,5.47]',6.58,'2020-12-13 20:00:35'),
 (228,'[6.72,5.56,5.5]',6.72,'2020-12-13 20:00:50'),
 (229,'[7.5,5.74,5.34]',7.5,'2020-12-13 20:38:03'),
 (230,'[4.24,4.83,5.05]',5.05,'2020-12-13 21:00:01'),
 (231,'[5.9,5.17,5.16]',5.9,'2020-12-13 21:00:04'),
 (232,'[6.47,5.3,5.2]',6.47,'2020-12-13 21:00:09'),
 (233,'[6.23,5.86,5.24]',6.23,'2020-12-14 11:12:57'),
 (234,'[6.29,5.88,5.26]',6.29,'2020-12-14 11:13:05'),
 (235,'[7.4,6.73,6.62]',7.4,'2020-12-14 17:50:24'),
 (236,'[7.67,6.84,6.66]',7.67,'2020-12-14 17:50:52'),
 (237,'[6.26,7.2,7.32]',7.32,'2020-12-19 20:03:47'),
 (238,'[8.19,7.14,7.2]',8.19,'2020-12-19 20:09:14'),
 (239,'[8.26,7.18,7.21]',8.26,'2020-12-19 20:09:17'),
 (240,'[8.38,7.24,7.23]',8.38,'2020-12-19 20:09:29'),
 (241,'[8.51,7.28,7.25]',8.51,'2020-12-19 20:09:33'),
 (242,'[8.95,7.39,7.29]',8.95,'2020-12-19 20:09:41'),
 (243,'[9.12,7.45,7.31]',9.12,'2020-12-19 20:09:45'),
 (244,'[9.13,7.91,7.5]',9.13,'2020-12-19 20:13:20'),
 (245,'[9.5,8.24,7.66]',9.5,'2020-12-19 20:15:28'),
 (246,'[7.52,7.39,7.19]',7.52,'2020-12-19 21:12:05'),
 (247,'[7.68,7.42,7.21]',7.68,'2020-12-19 21:12:11'),
 (248,'[6.78,7.37,7.18]',7.37,'2020-12-20 12:49:08'),
 (249,'[5.36,5.78,6.29]',6.29,'2020-12-21 23:43:53'),
 (250,'[5.93,6,6.27]',6.27,'2020-12-22 16:14:43'),
 (251,'[6.46,6.09,6.29]',6.46,'2020-12-22 16:15:10'),
 (252,'[5.67,5.2,5.03]',5.67,'2020-12-26 12:35:39'),
 (253,'[6.81,6.23,5.75]',6.81,'2020-12-26 19:12:00'),
 (254,'[6.83,6.24,5.75]',6.83,'2020-12-26 19:12:02'),
 (255,'[6.86,6.27,5.77]',6.86,'2020-12-26 19:12:11'),
 (256,'[6.97,6.32,5.79]',6.97,'2020-12-26 19:12:33'),
 (257,'[5.76,5.33,5.48]',5.76,'2020-12-26 20:30:38'),
 (258,'[5.92,5.38,5.48]',5.92,'2020-12-26 20:31:16'),
 (259,'[6.32,5.47,5.51]',6.32,'2020-12-26 20:31:24'),
 (260,'[5.32,5.67,5.77]',5.77,'2020-12-27 09:19:15'),
 (261,'[6.55,6.15,6.33]',6.55,'2020-12-27 16:56:51'),
 (262,'[7.22,6.3,6.38]',7.22,'2020-12-27 16:56:56'),
 (263,'[7.41,6.38,6.41]',7.41,'2020-12-27 16:57:11'),
 (264,'[5.17,5.91,6.23]',6.23,'2020-12-27 17:00:00'),
 (265,'[5.64,6,6.26]',6.26,'2020-12-27 17:00:05'),
 (266,'[6.31,5.81,5.98]',6.31,'2020-12-27 17:14:21'),
 (267,'[6.33,5.84,5.99]',6.33,'2020-12-27 17:14:37'),
 (268,'[6.63,5.91,6.01]',6.63,'2020-12-27 17:14:41'),
 (269,'[6.65,5.95,6.02]',6.65,'2020-12-27 17:14:57'),
 (270,'[6.92,6.01,6.04]',6.92,'2020-12-27 17:15:01'),
 (271,'[7.01,6.05,6.05]',7.01,'2020-12-27 17:15:05'),
 (272,'[7.09,6.11,6.07]',7.09,'2020-12-27 17:15:21'),
 (273,'[7.57,6.23,6.11]',7.57,'2020-12-27 17:15:29'),
 (274,'[7.76,6.29,6.13]',7.76,'2020-12-27 17:15:33'),
 (275,'[7.81,6.45,6.19]',7.81,'2020-12-27 17:16:13'),
 (276,'[7.89,7.52,7.71]',7.89,'2020-12-27 19:46:14'),
 (277,'[7.93,8.49,8.33]',8.49,'2020-12-27 20:31:52'),
 (278,'[8.53,8.54,8.36]',8.54,'2020-12-27 20:32:31'),
 (279,'[8.65,8.57,8.37]',8.65,'2020-12-27 20:32:36'),
 (280,'[8.79,8.6,8.38]',8.79,'2020-12-27 20:32:46'),
 (281,'[8.89,8.62,8.39]',8.89,'2020-12-27 20:32:51'),
 (282,'[8.99,8.65,8.4]',8.99,'2020-12-27 20:33:16'),
 (283,'[8.56,7.68,7.76]',8.56,'2020-12-27 21:50:45'),
 (284,'[4.98,4.67,4.75]',4.98,'2020-12-28 16:56:20'),
 (285,'[5.19,4.74,4.77]',5.19,'2020-12-28 16:56:45'),
 (286,'[5.49,4.81,4.79]',5.49,'2020-12-28 16:56:55'),
 (287,'[5.4,5.33,5.04]',5.4,'2020-12-28 17:07:02'),
 (288,'[5.45,5.3,5.05]',5.45,'2020-12-28 17:08:10'),
 (289,'[5.97,5.41,5.08]',5.97,'2020-12-28 17:08:17'),
 (290,'[4.45,4.54,4.75]',4.75,'2020-12-29 06:50:40'),
 (291,'[4.9,4.63,4.78]',4.9,'2020-12-29 06:50:42'),
 (292,'[8.42,7.74,7.34]',8.42,'2021-01-03 23:26:29'),
 (293,'[8.55,7.77,7.35]',8.55,'2021-01-03 23:26:34'),
 (294,'[8.58,7.79,7.36]',8.58,'2021-01-03 23:26:38'),
 (295,'[4.06,4.98,5.39]',5.39,'2021-01-04 09:52:58'),
 (296,'[5.03,5.1,5.41]',5.41,'2021-01-04 09:53:26'),
 (297,'[5.77,5.32,5.22]',5.77,'2021-01-04 10:14:50'),
 (298,'[6.07,6.1,6.08]',6.1,'2021-01-04 12:36:07'),
 (299,'[6.23,6.13,6.09]',6.23,'2021-01-04 12:36:10'),
 (300,'[6.69,6.23,6.13]',6.69,'2021-01-04 12:36:15'),
 (301,'[5.65,5.87,5.97]',5.97,'2021-01-04 13:00:00'),
 (302,'[5.87,5.91,5.98]',5.98,'2021-01-04 13:00:12'),
 (303,'[5.99,5.93,5.99]',5.99,'2021-01-04 13:00:28'),
 (304,'[6.23,5.98,6]',6.23,'2021-01-04 13:00:32'),
 (305,'[6.46,6.04,6.02]',6.46,'2021-01-04 13:00:48'),
 (306,'[6.58,6.07,6.03]',6.58,'2021-01-04 13:00:52'),
 (307,'[5.45,5.89,6.22]',6.22,'2021-01-04 16:58:32'),
 (308,'[7.27,6.53,6.15]',7.27,'2021-01-04 17:40:48'),
 (309,'[7.57,6.6,6.18]',7.57,'2021-01-04 17:40:53'),
 (310,'[7.76,6.66,6.2]',7.76,'2021-01-04 17:40:59'),
 (311,'[8.26,6.78,6.24]',8.26,'2021-01-04 17:41:04'),
 (312,'[8.3,7.39,7.48]',8.3,'2021-01-04 21:31:31'),
 (313,'[8.8,7.66,7.55]',8.8,'2021-01-04 21:33:12'),
 (314,'[9.06,7.77,7.59]',9.06,'2021-01-04 21:33:28'),
 (315,'[7.82,6.95,6.27]',7.82,'2021-01-05 09:28:38'),
 (316,'[6.41,7.29,7.54]',7.54,'2021-01-05 17:09:16'),
 (317,'[7.58,7.35,7.53]',7.58,'2021-01-05 17:11:07'),
 (318,'[8.58,7.51,7.57]',8.58,'2021-01-05 17:12:03'),
 (319,'[6.49,6.4,6.34]',6.49,'2021-01-05 18:00:00'),
 (320,'[6.53,6.41,6.34]',6.53,'2021-01-05 18:00:07'),
 (321,'[6.57,6.42,6.35]',6.57,'2021-01-05 18:00:11'),
 (322,'[6.7,6.44,6.36]',6.7,'2021-01-05 18:00:31'),
 (323,'[6.97,6.09,6.19]',6.97,'2021-01-05 18:04:05'),
 (324,'[7.13,6.14,6.21]',7.13,'2021-01-05 18:04:10'),
 (325,'[8.14,8.44,8.34]',8.44,'2021-01-05 19:47:51'),
 (326,'[8.45,8.5,8.36]',8.5,'2021-01-05 19:47:53'),
 (327,'[8.72,8.55,8.37]',8.72,'2021-01-05 19:48:04'),
 (328,'[6.76,5.97,6.25]',6.76,'2021-01-06 00:25:03'),
 (329,'[10.4,10.92,10.23]',10.92,'2021-01-07 18:33:14'),
 (330,'[12.21,11.29,10.35]',12.21,'2021-01-07 18:33:22'),
 (331,'[10.52,10.72,10.8]',10.8,'2021-01-07 20:33:26'),
 (332,'[7.59,8.24,9.26]',9.26,'2021-01-07 21:00:01'),
 (333,'[7.78,8.27,9.27]',9.27,'2021-01-07 21:00:06'),
 (334,'[8.36,8.39,9.3]',9.3,'2021-01-07 21:00:11'),
 (335,'[8.73,8.46,9.32]',9.32,'2021-01-07 21:00:16'),
 (336,'[9,8.52,9.33]',9.33,'2021-01-07 21:00:23'),
 (337,'[9.86,8.74,9.37]',9.86,'2021-01-07 21:01:04'),
 (338,'[9.01,7.31,6.83]',9.01,'2021-01-09 13:55:00'),
 (339,'[7.32,7.45,7.05]',7.45,'2021-01-09 14:01:52'),
 (340,'[7.66,7.3,7.04]',7.66,'2021-01-09 14:04:08'),
 (341,'[7.12,7.25,7.23]',7.25,'2021-01-17 00:24:52'),
 (342,'[5.65,5.76,5.69]',5.76,'2021-01-17 07:07:34'),
 (343,'[5.84,5.8,5.7]',5.84,'2021-01-17 07:07:37'),
 (344,'[6.01,5.84,5.71]',6.01,'2021-01-17 07:07:42'),
 (345,'[6.27,5.89,5.73]',6.27,'2021-01-17 07:08:07'),
 (346,'[5.26,5.81,6]',6,'2021-01-17 10:02:12'),
 (347,'[7.17,6.11,6.08]',7.17,'2021-01-17 10:03:03'),
 (348,'[7.3,6.17,6.1]',7.3,'2021-01-17 10:03:13'),
 (349,'[7.36,6.2,6.11]',7.36,'2021-01-17 10:03:18'),
 (350,'[8.45,6.47,6.2]',8.45,'2021-01-17 10:03:33'),
 (351,'[7.16,7.24,7.12]',7.24,'2021-01-17 13:03:48'),
 (352,'[7.31,7.26,7.13]',7.31,'2021-01-17 13:03:56'),
 (353,'[7.36,7.27,7.14]',7.36,'2021-01-17 13:04:01'),
 (354,'[7.57,7.32,7.15]',7.57,'2021-01-17 13:04:06'),
 (355,'[8.59,8.57,8]',8.59,'2021-01-17 13:13:47'),
 (356,'[7.9,7.46,7.27]',7.9,'2021-01-17 14:38:30'),
 (357,'[9.45,8.91,8.85]',9.45,'2021-01-17 20:26:39'),
 (358,'[9.46,8.94,8.86]',9.46,'2021-01-17 20:27:04'),
 (359,'[9.7,8.74,8.74]',9.7,'2021-01-17 20:31:29'),
 (360,'[9.81,8.78,8.75]',9.81,'2021-01-17 20:31:34'),
 (361,'[9.98,8.83,8.77]',9.98,'2021-01-17 20:31:40'),
 (362,'[10.6,9.12,8.86]',10.6,'2021-01-17 20:33:03'),
 (363,'[11.2,8.91,8.77]',11.2,'2021-01-17 20:51:03'),
 (364,'[11.91,9.1,8.83]',11.91,'2021-01-17 20:51:08'),
 (365,'[9.38,9.07,8.9]',9.38,'2021-01-17 21:27:09'),
 (366,'[9.43,9.09,8.91]',9.43,'2021-01-17 21:27:13'),
 (367,'[9.56,9.12,8.92]',9.56,'2021-01-17 21:27:18'),
 (368,'[10,9.22,8.95]',10,'2021-01-17 21:27:23'),
 (369,'[10.29,9.34,9]',10.29,'2021-01-17 21:28:10'),
 (370,'[10.58,9.44,9.04]',10.58,'2021-01-17 21:28:26'),
 (371,'[10.66,9.53,9.08]',10.66,'2021-01-17 21:28:45'),
 (372,'[5.57,5.67,5.75]',5.75,'2021-01-18 09:00:42'),
 (373,'[5.64,5.68,5.76]',5.76,'2021-01-18 09:00:51'),
 (374,'[5.81,5.72,5.77]',5.81,'2021-01-18 09:01:07'),
 (375,'[5.91,5.74,5.77]',5.91,'2021-01-18 09:01:11'),
 (376,'[5.95,5.75,5.77]',5.95,'2021-01-18 09:01:39'),
 (377,'[6.27,5.82,5.8]',6.27,'2021-01-18 09:01:43'),
 (378,'[6.33,5.84,5.8]',6.33,'2021-01-18 09:01:47'),
 (379,'[6.76,5.94,5.84]',6.76,'2021-01-18 09:01:59'),
 (380,'[6.78,5.96,5.84]',6.78,'2021-01-18 09:02:03'),
 (381,'[6.94,6.03,5.87]',6.94,'2021-01-18 09:02:19'),
 (382,'[10.1,9.58,9.32]',10.1,'2021-01-18 17:43:26'),
 (383,'[10.13,9.6,9.33]',10.13,'2021-01-18 17:44:02'),
 (384,'[10.43,9.7,9.37]',10.43,'2021-01-18 17:44:29'),
 (385,'[11.91,10.06,9.5]',11.91,'2021-01-18 17:45:06'),
 (386,'[11.99,10.11,9.52]',11.99,'2021-01-18 17:45:10'),
 (387,'[12.41,10.49,9.73]',12.41,'2021-01-18 17:47:57'),
 (388,'[8.19,8.82,9.25]',9.25,'2021-01-18 18:04:56'),
 (389,'[6.39,6.66,6.26]',6.66,'2021-01-19 06:50:16'),
 (390,'[6.67,6.68,6.28]',6.68,'2021-01-19 06:50:59'),
 (391,'[6.7,6.69,6.29]',6.7,'2021-01-19 06:51:03'),
 (392,'[6.74,6.66,6.29]',6.74,'2021-01-19 06:51:43'),
 (393,'[6.8,6.66,6.3]',6.8,'2021-01-19 06:52:03'),
 (394,'[6.04,6.29,6.32]',6.32,'2021-01-19 07:17:38'),
 (395,'[6.28,6.33,6.33]',6.33,'2021-01-19 07:17:43'),
 (396,'[6.35,6.29,6.31]',6.35,'2021-01-19 07:19:02'),
 (397,'[6.36,6.29,6.31]',6.36,'2021-01-19 07:19:22'),
 (398,'[6.53,6.21,6.27]',6.53,'2021-01-19 07:20:49'),
 (399,'[6.64,6.24,6.28]',6.64,'2021-01-19 07:20:53'),
 (400,'[6.67,6.25,6.28]',6.67,'2021-01-19 07:21:01'),
 (401,'[7.1,6.35,6.31]',7.1,'2021-01-19 07:21:05'),
 (402,'[5.95,6.52,6.09]',6.52,'2021-01-19 09:04:09'),
 (403,'[6.6,6.19,6.03]',6.6,'2021-01-19 09:10:07'),
 (404,'[6.63,6.2,6.03]',6.63,'2021-01-19 09:10:11'),
 (405,'[6.66,6.22,6.04]',6.66,'2021-01-19 09:10:19'),
 (406,'[7.01,6.3,6.07]',7.01,'2021-01-19 09:10:23'),
 (407,'[7.08,6.32,6.11]',7.08,'2021-01-19 09:15:59'),
 (408,'[7.43,6.8,6.82]',7.43,'2021-01-19 14:17:57'),
 (409,'[7.6,6.86,6.84]',7.6,'2021-01-19 14:18:13'),
 (410,'[7.64,6.88,6.84]',7.64,'2021-01-19 14:18:17'),
 (411,'[7.77,8.07,8.01]',8.07,'2021-01-19 17:19:23'),
 (412,'[7.95,8.11,8.02]',8.11,'2021-01-19 17:19:26'),
 (413,'[8.28,8.17,8.04]',8.28,'2021-01-19 17:19:33'),
 (414,'[8.74,8.26,8.07]',8.74,'2021-01-19 17:20:14'),
 (415,'[8.76,8.27,8.08]',8.76,'2021-01-19 17:20:19'),
 (416,'[8.78,8.28,8.08]',8.78,'2021-01-19 17:20:23'),
 (417,'[8.8,8.08,8.02]',8.8,'2021-01-19 17:23:48'),
 (418,'[9.49,8.24,8.07]',9.49,'2021-01-19 17:24:00'),
 (419,'[10.25,8.42,8.13]',10.25,'2021-01-19 17:24:04'),
 (420,'[8.83,8.41,8.06]',8.83,'2021-01-19 20:00:45'),
 (421,'[9.19,8.5,8.09]',9.19,'2021-01-19 20:00:53'),
 (422,'[8.64,7.72,7.09]',8.64,'2021-01-20 08:55:14'),
 (423,'[8.75,7.81,7.13]',8.75,'2021-01-20 08:55:41'),
 (424,'[8.81,7.87,7.17]',8.81,'2021-01-20 08:55:59'),
 (425,'[9.55,8.04,7.23]',9.55,'2021-01-20 08:56:04'),
 (426,'[6.41,7.35,7.13]',7.35,'2021-01-20 09:00:00'),
 (427,'[7.18,7.49,7.18]',7.49,'2021-01-20 09:00:06'),
 (428,'[7.41,7.53,7.2]',7.53,'2021-01-20 09:00:11'),
 (429,'[8.1,7.67,7.24]',8.1,'2021-01-20 09:00:16'),
 (430,'[8.2,7.71,7.27]',8.2,'2021-01-20 09:01:08'),
 (431,'[8.33,7.75,7.29]',8.33,'2021-01-20 09:01:18'),
 (432,'[8.38,7.77,7.3]',8.38,'2021-01-20 09:01:23'),
 (433,'[8.51,7.81,7.32]',8.51,'2021-01-20 09:01:28'),
 (434,'[8.64,7.87,7.34]',8.64,'2021-01-20 09:01:42'),
 (435,'[8.82,7.94,7.38]',8.82,'2021-01-20 09:02:02'),
 (436,'[9.07,8.01,7.41]',9.07,'2021-01-20 09:02:09'),
 (437,'[9.24,8.11,7.45]',9.24,'2021-01-20 09:02:29'),
 (438,'[9.53,8.21,7.49]',9.53,'2021-01-20 09:02:39'),
 (439,'[9.65,8.25,7.51]',9.65,'2021-01-20 09:02:44'),
 (440,'[5.68,5.24,5.65]',5.68,'2021-01-20 10:17:06'),
 (441,'[5.71,5.25,5.66]',5.71,'2021-01-20 10:17:09'),
 (442,'[5.73,5.26,5.66]',5.73,'2021-01-20 10:17:13'),
 (443,'[5.75,5.3,5.66]',5.75,'2021-01-20 10:17:49'),
 (444,'[5.93,5.35,5.67]',5.93,'2021-01-20 10:17:57'),
 (445,'[6.02,5.37,5.68]',6.02,'2021-01-20 10:18:01'),
 (446,'[6.03,5.4,5.68]',6.03,'2021-01-20 10:18:17'),
 (447,'[6.05,5.46,5.69]',6.05,'2021-01-20 10:18:51'),
 (448,'[6.78,5.66,5.73]',6.78,'2021-01-20 10:19:59'),
 (449,'[8.08,5.94,5.82]',8.08,'2021-01-20 10:20:03'),
 (450,'[11.19,9.03,8.67]',11.19,'2021-01-20 17:30:52'),
 (451,'[11.39,9.26,8.75]',11.39,'2021-01-20 17:31:25'),
 (452,'[3.2,3.89,4.33]',4.33,'2021-01-21 09:10:45'),
 (453,'[3.42,3.92,4.34]',4.34,'2021-01-21 09:10:50'),
 (454,'[5.11,4.24,4.44]',5.11,'2021-01-21 09:11:02'),
 (455,'[5.26,4.29,4.45]',5.26,'2021-01-21 09:11:08'),
 (456,'[5.62,3.93,4.03]',5.62,'2021-01-21 09:24:21'),
 (457,'[7.16,4.38,4.17]',7.16,'2021-01-21 09:25:04'),
 (458,'[6.57,6.98,7.55]',7.55,'2021-01-21 17:26:01'),
 (459,'[4.41,4.56,4.53]',4.56,'2021-01-22 08:59:53'),
 (460,'[4.54,4.58,4.54]',4.58,'2021-01-22 08:59:56'),
 (461,'[5.7,4.82,4.62]',5.7,'2021-01-22 09:00:02'),
 (462,'[7.73,8.72,9.5]',9.5,'2021-03-09 11:59:47'),
 (463,'[9.71,9.08,9.6]',9.71,'2021-03-09 12:00:02'),
 (464,'[9.89,9.13,9.62]',9.89,'2021-03-09 12:00:06'),
 (465,'[12.56,12.5,12.16]',12.56,'2021-03-09 16:58:32'),
 (466,'[12.68,12.52,12.17]',12.68,'2021-03-09 16:58:37'),
 (467,'[12.86,12.57,12.19]',12.86,'2021-03-09 16:58:44'),
 (468,'[13.47,12.68,12.23]',13.47,'2021-03-09 16:59:04'),
 (469,'[13.81,12.8,12.28]',13.81,'2021-03-09 16:59:28'),
 (470,'[14.07,12.87,12.31]',14.07,'2021-03-09 16:59:33'),
 (471,'[14.78,13.87,12.82]',14.78,'2021-03-09 17:02:59'),
 (472,'[15.33,14.53,13.57]',15.33,'2021-03-09 17:42:43'),
 (473,'[9.83,9.75,9.86]',9.86,'2021-03-09 22:14:00'),
 (474,'[10,9.79,9.87]',10,'2021-03-09 22:14:06'),
 (475,'[7.64,7.7,7.61]',7.7,'2021-03-10 08:53:42'),
 (476,'[7.75,7.72,7.62]',7.75,'2021-03-10 08:53:44'),
 (477,'[7.77,7.72,7.62]',7.77,'2021-03-10 08:53:49'),
 (478,'[9.43,8.77,8.09]',9.43,'2021-03-10 09:17:56'),
 (479,'[9.46,8.8,8.1]',9.46,'2021-03-10 09:18:04'),
 (480,'[9.58,8.83,8.12]',9.58,'2021-03-10 09:18:08'),
 (481,'[7.65,7.89,8.49]',8.49,'2021-03-10 17:30:24'),
 (482,'[8.21,8,8.51]',8.51,'2021-03-10 17:30:41'),
 (483,'[8.78,8.12,8.52]',8.78,'2021-03-10 17:31:33'),
 (484,'[9.09,8.22,8.54]',9.09,'2021-03-10 17:31:54'),
 (485,'[6.28,6.14,6.53]',6.53,'2021-03-11 08:31:16'),
 (486,'[6.55,6.2,6.55]',6.55,'2021-03-11 08:31:34'),
 (487,'[6.68,6.25,6.55]',6.68,'2021-03-11 08:32:00'),
 (488,'[6.79,6.28,6.56]',6.79,'2021-03-11 08:32:05'),
 (489,'[8.87,8.93,9.35]',9.35,'2021-03-11 17:29:47'),
 (490,'[9.36,8.97,9.32]',9.36,'2021-03-11 17:31:16'),
 (491,'[6.54,7.46,7.43]',7.46,'2021-03-12 10:03:30'),
 (492,'[6.74,7.48,7.44]',7.48,'2021-03-12 10:03:33'),
 (493,'[7.03,7.52,7.45]',7.52,'2021-03-12 10:03:42'),
 (494,'[7.64,7.34,7.38]',7.64,'2021-03-12 10:05:50'),
 (495,'[1.16,-1,6.32]',6.32,'2021-03-19 21:13:09'),
 (496,'[13.69,13.4,13.05]',13.69,'2021-03-19 21:40:04'),
 (497,'[14.12,13.5,13.08]',14.12,'2021-03-19 21:40:09'),
 (498,'[11.38,14.85,13.42]',14.85,'2021-03-20 07:36:14'),
 (499,'[23.89,19.43,15.9]',23.89,'2021-03-20 09:05:38'),
 (500,'[23.9,19.75,16.12]',23.9,'2021-03-20 09:06:10'),
 (501,'[25.4,20.21,16.3]',25.4,'2021-03-20 09:06:18'),
 (502,'[26.92,20.8,16.56]',26.92,'2021-03-20 09:06:38'),
 (503,'[28.77,21.93,17.17]',28.77,'2021-03-20 09:07:31'),
 (504,'[29.11,22.11,17.25]',29.11,'2021-03-20 09:07:36'),
 (505,'[29.5,24.37,20.55]',29.5,'2021-03-20 09:19:27'),
 (506,'[10.76,10.26,11.34]',11.34,'2021-03-20 11:17:51'),
 (507,'[11.99,10.74,11.4]',11.99,'2021-03-20 11:19:28'),
 (508,'[12.03,10.89,11.38]',12.03,'2021-03-20 11:21:00'),
 (509,'[12.16,11.1,11.4]',12.16,'2021-03-20 11:22:35'),
 (510,'[12.4,11.09,11.19]',12.4,'2021-03-20 11:30:11'),
 (511,'[12.5,11.15,11.2]',12.5,'2021-03-20 11:30:21'),
 (512,'[13.18,11.36,11.27]',13.18,'2021-03-20 11:30:37'),
 (513,'[14.69,13.08,11.89]',14.69,'2021-03-20 12:32:20'),
 (514,'[14.71,13.12,11.91]',14.71,'2021-03-20 12:32:23'),
 (515,'[14.74,13.15,11.93]',14.74,'2021-03-20 12:32:28'),
 (516,'[13.45,11.97,12.33]',13.45,'2021-03-20 17:09:06'),
 (517,'[13.48,12.02,12.34]',13.48,'2021-03-20 17:09:14'),
 (518,'[13.52,12.05,12.35]',13.52,'2021-03-20 17:09:19'),
 (519,'[14.64,13.6,12.9]',14.64,'2021-03-20 17:12:31'),
 (520,'[14.79,13.67,12.93]',14.79,'2021-03-20 17:12:45'),
 (521,'[18.65,14.25,13.17]',18.65,'2021-03-20 17:15:16'),
 (522,'[14.48,15.08,14.83]',15.08,'2021-03-21 20:00:40'),
 (523,'[15.37,15.21,14.88]',15.37,'2021-03-21 20:00:59'),
 (524,'[15.38,15.14,14.87]',15.38,'2021-03-21 20:02:02'),
 (525,'[15.5,13.6,13.51]',15.5,'2021-03-21 20:24:59'),
 (526,'[16.02,13.74,13.56]',16.02,'2021-03-21 20:25:04'),
 (527,'[16.66,13.91,13.62]',16.66,'2021-03-21 20:25:10'),
 (528,'[11.47,12.83,14.22]',14.22,'2021-03-21 21:15:51'),
 (529,'[12.58,12.97,14.23]',14.23,'2021-03-21 21:16:16'),
 (530,'[3.67,-1,2.15]',3.67,'2021-03-30 17:18:43'),
 (531,'[5.45,-1,2.26]',5.45,'2021-03-30 17:18:45'),
 (532,'[2.72,-1,6.7]',6.7,'2021-03-30 17:19:05'),
 (533,'[6.75,-1,4.75]',6.75,'2021-03-30 17:19:57'),
 (534,'[1.86,-1,6.95]',6.95,'2021-03-30 17:20:20'),
 (535,'[6.61,-1,7]',7,'2021-03-30 17:24:57'),
 (536,'[2.71,-1,4.94]',4.94,'2021-04-05 18:14:22'),
 (537,'[2.22,-1,1.05]',2.22,'2021-04-12 16:04:50'),
 (538,'[2.92,-1,3.77]',3.77,'2021-04-12 16:04:52'),
 (539,'[3.26,-1,5.84]',5.84,'2021-04-12 16:04:58'),
 (540,'[5.3,-1,6.71]',6.71,'2021-04-12 16:05:03'),
 (541,'[6.38,-1,6.78]',6.78,'2021-04-12 16:06:06'),
 (542,'[3.39,-1,6.81]',6.81,'2021-04-12 16:06:21'),
 (543,'[2.63,-1,3.65]',3.65,'2021-04-13 11:41:21'),
 (544,'[3.73,-1,5.69]',5.69,'2021-04-13 11:41:23'),
 (545,'[1.03,-1,1.92]',1.92,'2021-04-16 17:27:43'),
 (546,'[2.37,-1,0.47]',2.37,'2021-04-16 17:27:45'),
 (547,'[3.42,-1,6.23]',6.23,'2021-04-16 17:27:47'),
 (548,'[6.36,-1,2.99]',6.36,'2021-04-16 17:28:18'),
 (549,'[6.1,-1,6.22]',6.22,'2021-04-20 17:47:31'),
 (550,'[5.02,-1,6.9]',6.9,'2021-04-20 17:47:47'),
 (551,'[2.42,-1,4.95]',4.95,'2021-04-21 08:08:56'),
 (552,'[1.96,-1,6.64]',6.64,'2021-04-21 08:09:02'),
 (553,'[6.9,-1,4.72]',6.9,'2021-04-21 08:09:05'),
 (554,'[3.84,-1,0.47]',3.84,'2021-04-21 18:49:10'),
 (555,'[1.29,-1,3.94]',3.94,'2021-04-21 18:49:17'),
 (556,'[5.91,-1,5.06]',5.91,'2021-04-21 18:49:20'),
 (557,'[1.27,-1,6.09]',6.09,'2021-04-21 18:49:30'),
 (558,'[5.6,-1,6.12]',6.12,'2021-04-21 18:49:55'),
 (559,'[6.67,-1,1.97]',6.67,'2021-04-21 18:50:07'),
 (560,'[5.14,-1,6.99]',6.99,'2021-04-21 18:50:15'),
 (561,'[2.03,-1,1.28]',2.03,'2021-04-22 17:33:26'),
 (562,'[5.4,-1,3.83]',5.4,'2021-04-22 17:33:28'),
 (563,'[2.94,-1,6.88]',6.88,'2021-04-28 15:13:46'),
 (564,'[5.31,-1,0.33]',5.31,'2021-04-29 15:34:07'),
 (565,'[6.74,-1,4.9]',6.74,'2021-04-29 15:34:09'),
 (566,'[3.77,-1,2.38]',3.77,'2021-05-06 18:03:21'),
 (567,'[6.68,-1,1.94]',6.68,'2021-05-06 18:03:25'),
 (568,'[6.61,-1,5.03]',6.61,'2021-05-11 17:31:42'),
 (569,'[12.66,11.67,10.96]',12.66,'2021-05-17 16:42:11'),
 (570,'[13.09,11.77,11]',13.09,'2021-05-17 16:42:14'),
 (571,'[12.08,11.81,11.95]',12.08,'2021-05-17 19:13:19'),
 (572,'[12.13,11.82,11.95]',12.13,'2021-05-17 19:13:32'),
 (573,'[12.43,11.88,11.96]',12.43,'2021-05-17 19:14:03'),
 (574,'[11.89,11.72,12.32]',12.32,'2021-05-17 20:19:48'),
 (575,'[11.84,11.7,11.64]',11.84,'2021-05-17 22:51:17'),
 (576,'[11.85,11.71,11.64]',11.85,'2021-05-17 22:51:19'),
 (577,'[11.87,11.71,11.64]',11.87,'2021-05-17 22:51:24'),
 (578,'[12.36,11.82,11.68]',12.36,'2021-05-17 22:51:29'),
 (579,'[12.41,11.84,11.69]',12.41,'2021-05-17 22:51:34'),
 (580,'[12.47,12.35,11.94]',12.47,'2021-05-17 23:10:37'),
 (581,'[12.76,12.41,11.96]',12.76,'2021-05-17 23:10:39'),
 (582,'[12.89,12.45,11.98]',12.89,'2021-05-17 23:10:50'),
 (583,'[10.91,10.93,10.87]',10.93,'2021-05-18 03:13:03'),
 (584,'[11.08,10.97,10.88]',11.08,'2021-05-18 03:13:06'),
 (585,'[11.15,10.98,10.89]',11.15,'2021-05-18 03:13:10'),
 (586,'[11.37,11.04,10.9]',11.37,'2021-05-18 03:13:23'),
 (587,'[11.5,11.07,10.92]',11.5,'2021-05-18 03:13:27'),
 (588,'[11.71,11.13,10.94]',11.71,'2021-05-18 03:13:46'),
 (589,'[11.73,11.16,10.95]',11.73,'2021-05-18 03:14:02'),
 (590,'[11.9,11.26,11]',11.9,'2021-05-18 03:15:06'),
 (591,'[11.92,11.29,11.01]',11.92,'2021-05-18 03:15:14'),
 (592,'[12.17,11.35,11.03]',12.17,'2021-05-18 03:15:18'),
 (593,'[12.47,11.43,11.06]',12.47,'2021-05-18 03:15:26'),
 (594,'[8.56,8.35,8.44]',8.56,'2021-05-18 07:37:59'),
 (595,'[12.55,11.9,11.61]',12.55,'2021-05-18 15:57:03'),
 (596,'[13.06,12.02,11.65]',13.06,'2021-05-18 15:57:05'),
 (597,'[13.94,12.22,11.71]',13.94,'2021-05-18 15:57:12'),
 (598,'[10.35,11.02,11.44]',11.44,'2021-05-18 16:47:25'),
 (599,'[10.57,11.06,11.45]',11.45,'2021-05-18 16:47:27'),
 (600,'[15.22,14.89,14.7]',15.22,'2021-05-18 18:50:55'),
 (601,'[15.95,15.04,14.75]',15.95,'2021-05-18 18:51:05'),
 (602,'[12.74,12.8,13.32]',13.32,'2021-05-18 23:29:55'),
 (603,'[14.79,13.23,13.45]',14.79,'2021-05-18 23:30:02'),
 (604,'[15.45,13.39,13.51]',15.45,'2021-05-18 23:30:10'),
 (605,'[15.81,13.5,13.54]',15.81,'2021-05-18 23:30:14'),
 (606,'[10.94,11.54,11.35]',11.54,'2021-05-19 15:56:53'),
 (607,'[11.26,11.6,11.37]',11.6,'2021-05-19 15:56:57'),
 (608,'[11.69,11.6,11.38]',11.69,'2021-05-19 15:57:55'),
 (609,'[12.47,11.77,11.43]',12.47,'2021-05-19 15:58:03'),
 (610,'[12.57,11.82,11.47]',12.57,'2021-05-19 15:59:04'),
 (611,'[12.69,11.93,11.52]',12.69,'2021-05-19 16:00:00'),
 (612,'[12.96,12,11.55]',12.96,'2021-05-19 16:00:08'),
 (613,'[13.12,12.05,11.56]',13.12,'2021-05-19 16:00:12'),
 (614,'[15.97,15.14,14.12]',15.97,'2021-05-19 18:18:52'),
 (615,'[9.9,10.5,10.45]',10.5,'2021-05-20 00:03:17'),
 (616,'[10.19,10.3,10.18]',10.3,'2021-05-20 10:03:12'),
 (617,'[11.06,10.87,10.81]',11.06,'2021-05-20 13:07:00'),
 (618,'[11.78,11.08,10.74]',11.78,'2021-05-20 15:58:33'),
 (619,'[11.8,11.14,10.78]',11.8,'2021-05-20 15:59:16'),
 (620,'[13.62,11.55,10.91]',13.62,'2021-05-20 15:59:40'),
 (621,'[13.01,11.56,10.93]',13.01,'2021-05-20 16:00:05'),
 (622,'[11.55,11.05,11.2]',11.55,'2021-05-20 18:05:30'),
 (623,'[11.64,11.08,11.21]',11.64,'2021-05-20 18:05:38'),
 (624,'[12.17,11.13,10.72]',12.17,'2021-05-20 19:46:37'),
 (625,'[12.22,11.3,10.81]',12.22,'2021-05-20 19:48:07'),
 (626,'[12.29,11.32,10.83]',12.29,'2021-05-20 19:48:13'),
 (627,'[10.55,10.77,10.96]',10.96,'2021-05-20 20:28:18'),
 (628,'[11.12,10.85,10.97]',11.12,'2021-05-20 20:29:00'),
 (629,'[11.19,10.87,10.98]',11.19,'2021-05-20 20:29:05'),
 (630,'[11.38,10.74,10.88]',11.38,'2021-05-20 20:32:15'),
 (631,'[11.96,10.89,10.93]',11.96,'2021-05-20 20:32:25'),
 (632,'[12.04,10.92,10.94]',12.04,'2021-05-20 20:32:30'),
 (633,'[10.08,9.87,9.9]',10.08,'2021-05-21 14:27:23'),
 (634,'[10.31,9.92,9.92]',10.31,'2021-05-21 14:28:01'),
 (635,'[10.37,9.94,9.92]',10.37,'2021-05-21 14:28:06'),
 (636,'[8.32,9.59,9.4]',9.59,'2021-05-21 15:07:23'),
 (637,'[8.53,9.61,9.41]',9.61,'2021-05-21 15:07:25'),
 (638,'[10.92,9.79,9.31]',10.92,'2021-05-21 15:41:51'),
 (639,'[11.61,9.99,9.38]',11.61,'2021-05-21 15:42:05'),
 (640,'[10.59,10.94,11.1]',11.1,'2021-05-21 18:57:43'),
 (641,'[10.78,10.98,11.11]',11.11,'2021-05-21 18:57:50'),
 (642,'[10.88,10.99,11.12]',11.12,'2021-05-21 18:57:55'),
 (643,'[10.38,10.58,10.74]',10.74,'2021-05-21 19:50:25'),
 (644,'[10.51,10.61,10.75]',10.75,'2021-05-21 19:50:28'),
 (645,'[10.95,10.7,10.77]',10.95,'2021-05-21 19:50:33'),
 (646,'[11.19,10.75,10.79]',11.19,'2021-05-21 19:50:39'),
 (647,'[11.26,10.77,10.8]',11.26,'2021-05-21 19:50:44'),
 (648,'[11.56,10.84,10.82]',11.56,'2021-05-21 19:50:47'),
 (649,'[11.82,10.94,10.85]',11.82,'2021-05-21 19:51:11'),
 (650,'[11.92,10.97,10.86]',11.92,'2021-05-21 19:51:14'),
 (651,'[12.1,11.05,10.89]',12.1,'2021-05-21 19:55:14'),
 (652,'[12.17,11.1,10.91]',12.17,'2021-05-21 19:55:26'),
 (653,'[12.48,11.18,10.93]',12.48,'2021-05-21 19:55:31'),
 (654,'[12.64,11.27,10.97]',12.64,'2021-05-21 19:55:46'),
 (655,'[12.21,11.26,11]',12.21,'2021-05-21 20:00:03'),
 (656,'[12.25,11.31,11.02]',12.25,'2021-05-21 20:00:18'),
 (657,'[12.59,11.31,11.06]',12.59,'2021-05-21 20:05:04'),
 (658,'[12.75,11.38,11.08]',12.75,'2021-05-21 20:05:15'),
 (659,'[12.87,11.15,10.93]',12.87,'2021-05-21 20:19:03'),
 (660,'[10.53,10.27,10.32]',10.53,'2021-05-21 23:55:01'),
 (661,'[10.56,10.29,10.33]',10.56,'2021-05-21 23:55:07'),
 (662,'[10.68,10.32,10.34]',10.68,'2021-05-21 23:55:12'),
 (663,'[10.76,10.34,10.34]',10.76,'2021-05-21 23:56:05'),
 (664,'[12.11,11.14,10.65]',12.11,'2021-05-22 00:02:16'),
 (665,'[12.22,10.84,10.6]',12.22,'2021-05-22 00:06:04'),
 (666,'[12.53,10.93,10.63]',12.53,'2021-05-22 00:06:08'),
 (667,'[12.57,10.97,10.64]',12.57,'2021-05-22 00:06:12'),
 (668,'[12.6,11,10.65]',12.6,'2021-05-22 00:06:20'),
 (669,'[10.57,10.49,10.8]',10.8,'2021-05-22 16:14:51'),
 (670,'[10.84,10.55,10.81]',10.84,'2021-05-22 16:14:54'),
 (671,'[12.11,11.63,11.27]',12.11,'2021-05-22 16:28:54'),
 (672,'[12.25,11.68,11.29]',12.25,'2021-05-22 16:29:04'),
 (673,'[13.05,12.34,11.79]',13.05,'2021-05-22 16:37:44'),
 (674,'[13.2,12.39,11.8]',13.2,'2021-05-22 16:37:47'),
 (675,'[9.47,10.54,11.01]',11.01,'2021-05-22 19:04:23'),
 (676,'[10.84,10.08,9.76]',10.84,'2021-05-23 01:33:20'),
 (677,'[10.89,11.76,11.8]',11.8,'2021-05-23 16:02:34'),
 (678,'[11.14,11.8,11.81]',11.81,'2021-05-23 16:02:37'),
 (679,'[10.53,10.37,10.23]',10.53,'2021-05-24 00:01:34'),
 (680,'[10.56,10.38,10.24]',10.56,'2021-05-24 00:01:36'),
 (681,'[10.76,10.42,10.25]',10.76,'2021-05-24 00:01:42'),
 (682,'[10.86,10.45,10.26]',10.86,'2021-05-24 00:01:46'),
 (683,'[11.15,10.5,10.29]',11.15,'2021-05-24 00:03:03'),
 (684,'[11.22,10.52,10.29]',11.22,'2021-05-24 00:03:08'),
 (685,'[11.28,10.56,10.31]',11.28,'2021-05-24 00:03:18'),
 (686,'[11.98,10.71,10.36]',11.98,'2021-05-24 00:03:23'),
 (687,'[12.14,10.77,10.38]',12.14,'2021-05-24 00:03:28'),
 (688,'[13.13,13.82,13.81]',13.82,'2021-05-26 17:00:41'),
 (689,'[10.77,11.77,12.09]',12.09,'2021-05-27 01:10:27'),
 (690,'[12.39,11.83,12.07]',12.39,'2021-05-27 01:12:10'),
 (691,'[12.58,11.89,12.08]',12.58,'2021-05-27 01:12:20'),
 (692,'[11.76,11.57,11]',11.76,'2021-05-27 18:08:26'),
 (693,'[12.04,11.3,10.81]',12.04,'2021-05-29 16:53:59'),
 (694,'[10.65,10.51,10.66]',10.66,'2021-05-29 17:36:49'),
 (695,'[10.59,11.19,11.16]',11.19,'2021-05-30 00:13:52'),
 (696,'[11.22,11.3,11.2]',11.3,'2021-05-30 00:14:03'),
 (697,'[11.52,11.36,11.22]',11.52,'2021-05-30 00:14:08'),
 (698,'[11.78,11.37,11.23]',11.78,'2021-05-30 00:15:34'),
 (699,'[14.03,13.31,12.73]',14.03,'2021-05-31 11:25:07'),
 (700,'[14.13,13.35,12.75]',14.13,'2021-05-31 11:25:14'),
 (701,'[14.36,13.41,12.77]',14.36,'2021-05-31 11:25:19'),
 (702,'[14.86,13.54,12.82]',14.86,'2021-05-31 11:25:28'),
 (703,'[11.41,12,12.34]',12.34,'2021-05-31 12:49:31'),
 (704,'[13.04,11.94,11.72]',13.04,'2021-06-03 16:24:13'),
 (705,'[13.11,11.98,11.73]',13.11,'2021-06-03 16:24:17'),
 (706,'[14.08,14.98,14.55]',14.98,'2021-06-03 21:36:01'),
 (707,'[14.56,15.07,14.58]',15.07,'2021-06-03 21:36:03'),
 (708,'[15.09,15.15,14.62]',15.15,'2021-06-03 21:36:18'),
 (709,'[13.18,13.18,13.19]',13.19,'2021-06-03 22:41:36'),
 (710,'[13.52,13.22,13.2]',13.52,'2021-06-03 22:42:07'),
 (711,'[14.23,13.39,13.25]',14.23,'2021-06-03 22:42:31'),
 (712,'[15.01,13.57,13.31]',15.01,'2021-06-03 22:42:36'),
 (713,'[15.17,13.62,13.33]',15.17,'2021-06-03 22:42:41'),
 (714,'[15.24,13.7,13.36]',15.24,'2021-06-03 22:43:01'),
 (715,'[12.47,12.51,12.74]',12.74,'2021-06-03 23:19:24'),
 (716,'[12.68,12.55,12.75]',12.75,'2021-06-03 23:19:29'),
 (717,'[13.5,12.73,12.81]',13.5,'2021-06-03 23:19:34'),
 (718,'[9.63,9.93,9.31]',9.93,'2021-06-04 05:24:04'),
 (719,'[9.79,9.94,9.33]',9.94,'2021-06-04 05:24:26'),
 (720,'[9.89,9.96,9.34]',9.96,'2021-06-04 05:24:34'),
 (721,'[10.34,10.03,9.38]',10.34,'2021-06-04 05:25:01'),
 (722,'[10.63,10.1,9.41]',10.63,'2021-06-04 05:25:08'),
 (723,'[11.06,10.19,9.44]',11.06,'2021-06-04 05:25:14'),
 (724,'[11.54,10.31,9.48]',11.54,'2021-06-04 05:25:19'),
 (725,'[12.01,10.98,10.84]',12.01,'2021-06-04 09:27:12'),
 (726,'[12.33,10.56,10.65]',12.33,'2021-06-04 09:30:02'),
 (727,'[13.07,10.73,10.41]',13.07,'2021-06-04 09:59:04'),
 (728,'[13.14,10.79,10.43]',13.14,'2021-06-04 09:59:08'),
 (729,'[13.29,10.86,10.45]',13.29,'2021-06-04 09:59:12'),
 (730,'[11.42,10.7,10.42]',11.42,'2021-06-04 10:00:00'),
 (731,'[11.71,10.77,10.45]',11.71,'2021-06-04 10:00:04'),
 (732,'[11.81,10.81,10.46]',11.81,'2021-06-04 10:00:08'),
 (733,'[12.07,10.88,10.49]',12.07,'2021-06-04 10:00:16'),
 (734,'[12.13,10.93,10.55]',12.13,'2021-06-04 10:04:53'),
 (735,'[12.2,10.96,10.56]',12.2,'2021-06-04 10:04:56'),
 (736,'[12.65,11.16,10.64]',12.65,'2021-06-04 10:05:28'),
 (737,'[12.76,11.37,10.96]',12.76,'2021-06-04 10:35:57'),
 (738,'[13.21,11.89,11.3]',13.21,'2021-06-04 10:43:07'),
 (739,'[13.27,11.87,11.49]',13.27,'2021-06-04 10:53:15'),
 (740,'[13.85,13.08,12.68]',13.85,'2021-06-04 17:00:18'),
 (741,'[14.02,13.13,12.7]',14.02,'2021-06-04 17:00:27'),
 (742,'[14.26,13.2,12.72]',14.26,'2021-06-04 17:00:31'),
 (743,'[12.88,13.69,13.44]',13.69,'2021-06-04 18:09:22'),
 (744,'[12.54,11.68,11.2]',12.54,'2021-06-06 08:50:03'),
 (745,'[12.73,11.73,11.22]',12.73,'2021-06-06 08:50:06'),
 (746,'[12.84,11.77,11.24]',12.84,'2021-06-06 08:50:11'),
 (747,'[12.85,11.79,11.25]',12.85,'2021-06-06 08:50:15'),
 (748,'[13.1,11.86,11.27]',13.1,'2021-06-06 08:50:23'),
 (749,'[13.17,11.9,11.29]',13.17,'2021-06-06 08:50:27'),
 (750,'[9.48,9.18,9.34]',9.48,'2021-06-06 12:43:31'),
 (751,'[10.08,9.31,9.39]',10.08,'2021-06-06 12:43:33'),
 (752,'[11.56,11.22,11.03]',11.56,'2021-06-06 16:36:28'),
 (753,'[12.08,11.32,11.08]',12.08,'2021-06-06 16:38:07'),
 (754,'[12.15,11.22,11.05]',12.15,'2021-06-06 16:41:48'),
 (755,'[13.49,11.54,11.16]',13.49,'2021-06-06 16:42:04'),
 (756,'[10.24,10.43,10.76]',10.76,'2021-06-06 19:46:16'),
 (757,'[11.1,10.6,10.82]',11.1,'2021-06-06 19:46:18'),
 (758,'[11.25,10.64,10.83]',11.25,'2021-06-06 19:46:21'),
 (759,'[11.3,10.69,10.84]',11.3,'2021-06-06 19:46:57'),
 (760,'[11.75,10.8,10.87]',11.75,'2021-06-06 19:47:05'),
 (761,'[11.77,10.84,10.89]',11.77,'2021-06-06 19:47:17'),
 (762,'[11.98,10.91,10.91]',11.98,'2021-06-06 19:47:29'),
 (763,'[12.29,11.04,10.95]',12.29,'2021-06-06 19:47:49'),
 (764,'[12.42,11.08,10.96]',12.42,'2021-06-06 19:47:53'),
 (765,'[12.85,11.21,11.01]',12.85,'2021-06-06 19:48:05'),
 (766,'[13.35,12.25,11.73]',13.35,'2021-06-06 20:26:39'),
 (767,'[13.63,12.38,11.78]',13.63,'2021-06-06 20:27:05'),
 (768,'[13.98,12.47,11.82]',13.98,'2021-06-06 20:27:09'),
 (769,'[14.22,12.55,11.85]',14.22,'2021-06-06 20:27:17'),
 (770,'[14.35,12.63,11.88]',14.35,'2021-06-06 20:27:26'),
 (771,'[14.39,13.11,12.18]',14.39,'2021-06-06 20:30:18'),
 (772,'[14.52,13.16,12.2]',14.52,'2021-06-06 20:30:25'),
 (773,'[14.72,13.23,12.22]',14.72,'2021-06-06 20:30:29'),
 (774,'[14.74,13.38,12.31]',14.74,'2021-06-06 20:31:05'),
 (775,'[14.82,13.47,12.36]',14.82,'2021-06-06 20:31:25'),
 (776,'[14.91,13.52,12.38]',14.91,'2021-06-06 20:31:33'),
 (777,'[14.95,13.64,12.46]',14.95,'2021-06-06 20:32:01'),
 (778,'[15.04,13.68,12.48]',15.04,'2021-06-06 20:32:09'),
 (779,'[15.2,13.74,12.51]',15.2,'2021-06-06 20:32:13'),
 (780,'[15.26,13.78,12.53]',15.26,'2021-06-06 20:32:17'),
 (781,'[10.97,11.33,11.5]',11.5,'2021-06-06 23:54:21'),
 (782,'[11.14,11.35,11.51]',11.51,'2021-06-06 23:54:36'),
 (783,'[11.6,11.43,11.53]',11.6,'2021-06-06 23:54:46'),
 (784,'[12.07,11.54,11.57]',12.07,'2021-06-06 23:54:57'),
 (785,'[12.22,11.58,11.58]',12.22,'2021-06-06 23:55:01'),
 (786,'[12.8,11.75,11.63]',12.8,'2021-06-06 23:55:27'),
 (787,'[12.9,11.78,11.65]',12.9,'2021-06-06 23:55:33'),
 (788,'[13.15,11.85,11.67]',13.15,'2021-06-06 23:55:39'),
 (789,'[13.3,12,11.72]',13.3,'2021-06-06 23:56:09'),
 (790,'[13.38,11.84,11.65]',13.38,'2021-06-06 23:59:08'),
 (791,'[13.51,11.89,11.67]',13.51,'2021-06-06 23:59:12'),
 (792,'[12.33,11.8,11.65]',12.33,'2021-06-07 00:00:00'),
 (793,'[13.27,12,11.72]',13.27,'2021-06-07 00:00:05'),
 (794,'[13.47,13.2,13.02]',13.47,'2021-06-10 17:33:07'),
 (795,'[12.46,12.26,12.36]',12.46,'2021-06-11 07:17:11'),
 (796,'[10.67,10.89,11.59]',11.59,'2021-06-18 05:17:10'),
 (797,'[11.9,11.4,11.53]',11.9,'2021-06-20 17:45:29'),
 (798,'[12.07,11.44,11.54]',12.07,'2021-06-20 17:45:33'),
 (799,'[12.18,11.67,11.67]',12.18,'2021-06-27 17:09:26'),
 (800,'[9.98,9.98,9.87]',9.98,'2021-07-07 17:25:08'),
 (801,'[10.38,10.07,9.9]',10.38,'2021-07-07 17:25:11'),
 (802,'[10.51,10.1,9.91]',10.51,'2021-07-07 17:25:13'),
 (803,'[11.81,11.11,10.64]',11.81,'2021-07-07 17:41:35'),
 (804,'[11.97,11.17,10.67]',11.97,'2021-07-07 17:41:47'),
 (805,'[12.63,11.33,10.73]',12.63,'2021-07-07 17:42:02'),
 (806,'[9.38,10.28,10.35]',10.35,'2021-07-08 09:38:23'),
 (807,'[14.21,13.45,12.5]',14.21,'2021-07-08 14:04:20'),
 (808,'[12.45,12.57,12.49]',12.57,'2021-07-22 19:31:08'),
 (809,'[12.5,12.58,12.49]',12.58,'2021-07-22 19:31:11'),
 (810,'[12.78,12.63,12.51]',12.78,'2021-07-22 19:31:16'),
 (811,'[12.96,12.67,12.52]',12.96,'2021-07-22 19:31:24'),
 (812,'[13.36,12.76,12.55]',13.36,'2021-07-22 19:31:27'),
 (813,'[14.06,15.55,15.68]',15.68,'2021-07-22 20:47:55'),
 (814,'[14.7,15.66,15.71]',15.71,'2021-07-22 20:48:00'),
 (815,'[14.88,15.68,15.72]',15.72,'2021-07-22 20:48:05'),
 (816,'[13.85,13.41,13.72]',13.85,'2021-07-23 17:03:24');
/*!40000 ALTER TABLE `maxedu_cp_loadmax` ENABLE KEYS */;


--
-- Definition of table `modules`
--

DROP TABLE IF EXISTS `modules`;
CREATE TABLE `modules` (
  `id` int(11) NOT NULL AUTO_INCREMENT,
  `module_name` varchar(255) DEFAULT NULL,
  `file_name` varchar(255) DEFAULT NULL,
  `parent_id` int(11) DEFAULT '0',
  `priority` varchar(255) DEFAULT '0',
  PRIMARY KEY (`id`)
) ENGINE=InnoDB AUTO_INCREMENT=13 DEFAULT CHARSET=latin1;

--
-- Dumping data for table `modules`
--

/*!40000 ALTER TABLE `modules` DISABLE KEYS */;
INSERT INTO `modules` (`id`,`module_name`,`file_name`,`parent_id`,`priority`) VALUES 
 (1,'Test Managment',NULL,0,'1'),
 (2,'Categories','cats',1,'1'),
 (3,'Quizzes','quizzes',1,'2'),
 (4,'Local users','local_users',1,'4'),
 (5,'Test Assignments',NULL,0,'2'),
 (6,'Assignments','assignments',5,'6'),
 (7,'New Assignment','add_assignment',5,'7'),
 (8,'Assignments',NULL,0,'3'),
 (9,'Active Assignments','active_assignments',8,'2'),
 (11,'New user','add_edit_user',1,'5'),
 (12,'New Quiz','add_edit_quiz',1,'3');
/*!40000 ALTER TABLE `modules` ENABLE KEYS */;


--
-- Definition of table `question_groups`
--

DROP TABLE IF EXISTS `question_groups`;
CREATE TABLE `question_groups` (
  `id` int(11) NOT NULL AUTO_INCREMENT,
  `group_name` varchar(450) NOT NULL,
  `show_header` int(11) NOT NULL,
  `group_total` decimal(18,0) NOT NULL DEFAULT '0',
  `show_footer` int(11) DEFAULT NULL,
  `check_total` decimal(18,0) DEFAULT NULL,
  `question_id` int(11) DEFAULT NULL,
  `parent_id` int(11) NOT NULL,
  `group_name_eng` varchar(450) DEFAULT NULL,
  `added_date` timestamp NOT NULL DEFAULT CURRENT_TIMESTAMP,
  PRIMARY KEY (`id`),
  KEY `question_id` (`question_id`)
) ENGINE=InnoDB AUTO_INCREMENT=61 DEFAULT CHARSET=latin1;

--
-- Dumping data for table `question_groups`
--

/*!40000 ALTER TABLE `question_groups` DISABLE KEYS */;
INSERT INTO `question_groups` (`id`,`group_name`,`show_header`,`group_total`,`show_footer`,`check_total`,`question_id`,`parent_id`,`group_name_eng`,`added_date`) VALUES 
 (1,'',0,'0',NULL,NULL,1,0,NULL,'2024-01-27 10:45:15'),
 (2,'',0,'0',NULL,NULL,2,0,NULL,'2024-01-27 10:45:15'),
 (3,'',0,'0',NULL,NULL,3,0,NULL,'2024-01-27 10:45:15'),
 (4,'',0,'0',NULL,NULL,4,0,NULL,'2024-01-27 10:45:15'),
 (5,'',0,'0',NULL,NULL,5,0,NULL,'2024-01-27 10:45:15'),
 (6,'',0,'0',NULL,NULL,6,0,NULL,'2024-01-27 10:45:15'),
 (7,'',0,'0',NULL,NULL,7,0,NULL,'2024-01-27 10:45:15'),
 (8,'',0,'0',NULL,NULL,8,0,NULL,'2024-01-27 10:45:15'),
 (9,'',0,'0',NULL,NULL,9,0,NULL,'2024-01-27 10:45:15'),
 (10,'',0,'0',NULL,NULL,10,0,NULL,'2024-01-27 10:45:15'),
 (11,'',0,'0',NULL,NULL,11,0,NULL,'2024-01-27 10:45:15'),
 (12,'',0,'0',NULL,NULL,12,0,NULL,'2024-01-27 10:45:15'),
 (13,'',0,'0',NULL,NULL,13,0,NULL,'2024-01-27 10:45:15'),
 (14,'',0,'0',NULL,NULL,14,0,NULL,'2024-01-27 10:45:15'),
 (15,'',0,'0',NULL,NULL,15,0,NULL,'2024-01-27 10:45:15'),
 (16,'',0,'0',NULL,NULL,16,0,NULL,'2024-01-27 10:45:15'),
 (17,'',0,'0',NULL,NULL,17,0,NULL,'2024-01-27 10:45:15'),
 (18,'',0,'0',NULL,NULL,18,0,NULL,'2024-01-27 10:45:15'),
 (19,'',0,'0',NULL,NULL,19,0,NULL,'2024-01-27 10:45:15'),
 (20,'',0,'0',NULL,NULL,20,0,NULL,'2024-01-27 10:45:15'),
 (21,'',0,'0',NULL,NULL,21,0,NULL,'2024-01-27 10:45:15'),
 (22,'',0,'0',NULL,NULL,22,0,NULL,'2024-01-27 10:45:15'),
 (23,'',0,'0',NULL,NULL,23,0,NULL,'2024-01-27 10:45:15'),
 (24,'',0,'0',NULL,NULL,24,0,NULL,'2024-01-27 10:45:15'),
 (25,'',0,'0',NULL,NULL,25,0,NULL,'2024-01-27 10:45:15'),
 (26,'',0,'0',NULL,NULL,26,0,NULL,'2024-01-27 10:45:15'),
 (27,'',0,'0',NULL,NULL,27,0,NULL,'2024-01-27 10:45:15'),
 (28,'',0,'0',NULL,NULL,28,0,NULL,'2024-01-27 10:45:15'),
 (29,'',0,'0',NULL,NULL,29,0,NULL,'2024-01-27 10:45:15'),
 (30,'',0,'0',NULL,NULL,30,0,NULL,'2024-01-27 10:45:15'),
 (31,'',0,'0',NULL,NULL,31,0,NULL,'2024-01-27 10:45:15'),
 (32,'',0,'0',NULL,NULL,32,0,NULL,'2024-01-27 10:45:15'),
 (33,'',0,'0',NULL,NULL,33,0,NULL,'2024-01-27 10:45:15'),
 (34,'',0,'0',NULL,NULL,34,0,NULL,'2024-01-27 10:45:15'),
 (35,'',0,'0',NULL,NULL,35,0,NULL,'2024-01-27 10:45:15'),
 (36,'',0,'0',NULL,NULL,36,0,NULL,'2024-01-27 10:45:15'),
 (37,'',0,'0',NULL,NULL,37,0,NULL,'2024-01-27 10:45:15'),
 (38,'',0,'0',NULL,NULL,38,0,NULL,'2024-01-27 10:45:15'),
 (39,'',0,'0',NULL,NULL,39,0,NULL,'2024-01-27 10:45:15'),
 (40,'',0,'0',NULL,NULL,40,0,NULL,'2024-01-27 10:45:15'),
 (41,'',0,'0',NULL,NULL,41,0,NULL,'2024-01-27 10:45:15'),
 (42,'',0,'0',NULL,NULL,42,0,NULL,'2024-01-27 10:45:15'),
 (43,'',0,'0',NULL,NULL,43,0,NULL,'2024-01-27 10:45:16'),
 (44,'',0,'0',NULL,NULL,44,0,NULL,'2024-01-27 10:45:16'),
 (45,'',0,'0',NULL,NULL,45,0,NULL,'2024-01-27 10:45:16'),
 (46,'',0,'0',NULL,NULL,46,0,NULL,'2024-01-27 10:45:16'),
 (47,'',0,'0',NULL,NULL,47,0,NULL,'2024-01-27 10:45:16'),
 (48,'',0,'0',NULL,NULL,48,0,NULL,'2024-01-27 10:45:16'),
 (49,'',0,'0',NULL,NULL,49,0,NULL,'2024-01-27 10:45:16'),
 (50,'',0,'0',NULL,NULL,50,0,NULL,'2024-01-27 10:45:16'),
 (51,'',0,'0',NULL,NULL,51,0,NULL,'2024-01-27 10:45:16'),
 (52,'',0,'0',NULL,NULL,52,0,NULL,'2024-01-27 10:45:16'),
 (53,'',0,'0',NULL,NULL,53,0,NULL,'2024-01-27 10:45:16'),
 (54,'',0,'0',NULL,NULL,54,0,NULL,'2024-01-27 10:45:16'),
 (55,'',0,'0',NULL,NULL,55,0,NULL,'2024-01-27 10:45:16'),
 (56,'',0,'0',NULL,NULL,56,0,NULL,'2024-01-27 10:45:16'),
 (57,'',0,'0',NULL,NULL,57,0,NULL,'2024-01-27 10:45:16'),
 (58,'',0,'0',NULL,NULL,58,0,NULL,'2024-01-27 10:45:16'),
 (59,'',0,'0',NULL,NULL,59,0,NULL,'2024-01-27 10:45:16'),
 (60,'',0,'0',NULL,NULL,60,0,NULL,'2024-01-27 10:45:16');
/*!40000 ALTER TABLE `question_groups` ENABLE KEYS */;


--
-- Definition of table `question_types`
--

DROP TABLE IF EXISTS `question_types`;
CREATE TABLE `question_types` (
  `id` int(11) NOT NULL,
  `question_type` varchar(150) NOT NULL,
  PRIMARY KEY (`id`)
) ENGINE=MyISAM DEFAULT CHARSET=latin1;

--
-- Dumping data for table `question_types`
--

/*!40000 ALTER TABLE `question_types` DISABLE KEYS */;
INSERT INTO `question_types` (`id`,`question_type`) VALUES 
 (0,'Multi answer (checkbox)'),
 (3,'Free text (textarea)'),
 (4,'Multi text (numbers only)'),
 (1,'One answer (radio button)');
/*!40000 ALTER TABLE `question_types` ENABLE KEYS */;


--
-- Definition of table `questions`
--

DROP TABLE IF EXISTS `questions`;
CREATE TABLE `questions` (
  `id` int(11) NOT NULL AUTO_INCREMENT,
  `question_text` varchar(8000) DEFAULT NULL,
  `question_type_id` int(11) NOT NULL,
  `priority` int(11) NOT NULL,
  `quiz_id` int(11) NOT NULL,
  `point` decimal(18,0) NOT NULL,
  `added_date` timestamp NOT NULL DEFAULT CURRENT_TIMESTAMP,
  `parent_id` int(11) NOT NULL,
  `question_total` decimal(18,0) DEFAULT NULL,
  `check_total` int(11) DEFAULT NULL,
  `header_text` varchar(1500) CHARACTER SET utf8 DEFAULT NULL,
  `footer_text` varchar(1500) CHARACTER SET utf8 DEFAULT NULL,
  `question_text_eng` varchar(1800) CHARACTER SET utf8 DEFAULT NULL,
  `help_image` varchar(550) CHARACTER SET utf8 DEFAULT NULL,
  PRIMARY KEY (`id`),
  KEY `quiz_id` (`quiz_id`)
) ENGINE=InnoDB AUTO_INCREMENT=61 DEFAULT CHARSET=latin1;

--
-- Dumping data for table `questions`
--

/*!40000 ALTER TABLE `questions` DISABLE KEYS */;
INSERT INTO `questions` (`id`,`question_text`,`question_type_id`,`priority`,`quiz_id`,`point`,`added_date`,`parent_id`,`question_total`,`check_total`,`header_text`,`footer_text`,`question_text_eng`,`help_image`) VALUES 
 (1,'<div style=\"margin-bottom:7px;font-weight:bold;text-align:justify;\">Swati spends 40% of her salary on food, 25% on house rent, 15% on Entertainment and 5% on conveyance. If her saving at the end of a month is Rs 1200, then her salary per month is Rs ______?</div>\n',1,1,1,'1','2024-01-27 10:45:15',0,NULL,NULL,'','',NULL,NULL),
 (2,'<div style=\"margin-bottom:7px;font-weight:bold;text-align:justify;\">A school has only three classes which contain 40, 50 and 60 students respectively. The pass percentages of these classes are 10, 20 and 10 respectively. The pass percentage of the school is ______%?</div>\n',1,2,1,'1','2024-01-27 10:45:15',0,NULL,NULL,'','',NULL,NULL),
 (3,'<div style=\"margin-bottom:7px;font-weight:bold;text-align:justify;\">If X% of a is the same as Y% of b, the Z% of b is _______?</div>\n',1,3,1,'1','2024-01-27 10:45:15',0,NULL,NULL,'','',NULL,NULL),
 (4,'<div style=\"margin-bottom:7px;font-weight:bold;text-align:justify;\">An increase of Rs 60 in the monthly salary of Madan made it 50% of the monthly salary of Kamal. What is Madan&rsquo;s present monthly salary?</div>\n',1,4,1,'1','2024-01-27 10:45:15',0,NULL,NULL,'','',NULL,NULL),
 (5,'<div style=\"margin-bottom:7px;font-weight:bold;text-align:justify;\">300 grams of sugar solution has 40% sugar in it. How much sugar should be added to make it 50% in the solution?</div>\n',1,5,1,'1','2024-01-27 10:45:15',0,NULL,NULL,'','',NULL,NULL),
 (6,'<div style=\"margin-bottom:7px;font-weight:bold;text-align:justify;\">The income of a broker remains unchanged though the rate of commission is increased from 4% to 5%. The percentage slump in business is ______?</div>\n',1,6,1,'1','2024-01-27 10:45:15',0,NULL,NULL,'','',NULL,NULL),
 (7,'<div style=\"margin-bottom:7px;font-weight:bold;text-align:justify;\">Two numbers are less than a third number by 30% and 37% respectively. How much percent is the second number less than the first?</div>\n',1,7,1,'1','2024-01-27 10:45:15',0,NULL,NULL,'','',NULL,NULL),
 (8,'<div style=\"margin-bottom:7px;font-weight:bold;text-align:justify;\">In an examination, 35% of total student failed in Hindi, 45% failed in English and 20% in both. The percentage of those who passed in both the subjects is ________%?</div>\n',1,8,1,'1','2024-01-27 10:45:15',0,NULL,NULL,'','',NULL,NULL),
 (9,'<div style=\"margin-bottom:7px;font-weight:bold;text-align:justify;\">There are 600 boys in a hostel. Each plays either hockey or football or both. If 75% play hockey and 45% play football, how many play both?</div>\n',1,9,1,'1','2024-01-27 10:45:15',0,NULL,NULL,'','',NULL,NULL),
 (10,'<div style=\"margin-bottom:7px;font-weight:bold;text-align:justify;\">Raman&rsquo;s salary was decreased by 50% and subsequently increased by 50%. He has a loss of _______%?</div>\n',1,10,1,'1','2024-01-27 10:45:15',0,NULL,NULL,'','',NULL,NULL),
 (11,'<div style=\"margin-bottom:7px;font-weight:bold;text-align:justify;\">On increasing the price of T.V. sets by 30% their sale decreased by 20%. What is the effect on the revenue receipts of the shop?</div>\n',1,11,1,'1','2024-01-27 10:45:15',0,NULL,NULL,'','',NULL,NULL),
 (12,'<div style=\"margin-bottom:7px;font-weight:bold;text-align:justify;\">The price of sugar increases by 20%.  By what percent must a house wife reduce the consumption of sugar, so that the expenditure on sugar is the same as before?</div>\n',1,12,1,'1','2024-01-27 10:45:15',0,NULL,NULL,'','',NULL,NULL),
 (13,'<div style=\"margin-bottom:7px;font-weight:bold;text-align:justify;\">The value of a machine depreciates at the rate of 10% every year. It was purchased 3 years ago. If its present value is Rs 8748, its purchase price was Rs __________?</div>\n',1,13,1,'1','2024-01-27 10:45:15',0,NULL,NULL,'','',NULL,NULL),
 (14,'<div style=\"margin-bottom:7px;font-weight:bold;text-align:justify;\">The length of a rectangle is increased by 20% and the width is decreased by 20%. The area changes by________%?</div>\n',1,14,1,'1','2024-01-27 10:45:15',0,NULL,NULL,'','',NULL,NULL),
 (15,'<div style=\"margin-bottom:7px;font-weight:bold;text-align:justify;\">A cricket team won 40% of the total number of matches it played during a year. If it lost 50% of the matches played and 20 matches were drawn, then the total number of matches played by the team during the year was _________? </div>\n',1,15,1,'1','2024-01-27 10:45:15',0,NULL,NULL,'','',NULL,NULL),
 (16,'<div style=\"margin-bottom:7px;font-weight:bold;text-align:justify;\">If the price of sugar is increased from Rs 6 per kg to Rs 7.50 per kg, then how much use of sugar a person should reduce so that, the expenditure on sugar doesn&rsquo;t change?</div>\n',1,16,1,'1','2024-01-27 10:45:15',0,NULL,NULL,'','',NULL,NULL),
 (17,'<div style=\"margin-bottom:7px;font-weight:bold;text-align:justify;\">Entry fee in an exhibition was Re 1. Later this was reduced by 25%, which resulted in 20% increase in sale. Find the percentage increase in the number of visitors?</div>\n',1,17,1,'1','2024-01-27 10:45:15',0,NULL,NULL,'','',NULL,NULL),
 (18,'<div style=\"margin-bottom:7px;font-weight:bold;text-align:justify;\">The population of a city has increased at the rate of 10% every ten years. The present population is 48,400. What was it 20 yrs ago?</div>\n',1,18,1,'1','2024-01-27 10:45:15',0,NULL,NULL,'','',NULL,NULL),
 (19,'<div style=\"margin-bottom:7px;font-weight:bold;text-align:justify;\">The population of a town was 1,60,000 three yrs ago. If it had increased by 3%, 2.5% & 5% in the last-three years, find the present population?</div>\n',1,19,1,'1','2024-01-27 10:45:15',0,NULL,NULL,'','',NULL,NULL),
 (20,'<div style=\"margin-bottom:7px;font-weight:bold;text-align:justify;\">In an election between two candidates, one got 55% of the total valid votes & 20% of the votes were invalid. If the total number of votes was 7500, the number of valid votes that the other candidate gotwas__________?</div>\n',1,20,1,'1','2024-01-27 10:45:15',0,NULL,NULL,'','',NULL,NULL),
 (21,'<div><div style=\"font-weight:bold;\">Find the missing number / odd man out in the series:</div>\n</div><div style=\"font-weight:normal;\"><div> </div>\n</div>1, 8, 27, 64, 125, ____ ?',1,1,2,'1','2024-01-27 10:45:15',0,NULL,NULL,'','',NULL,NULL),
 (22,'<div><div style=\"font-weight:bold;\">Find the missing number / odd man out in the series:</div>\n</div><div style=\"font-weight:normal;\"><div> </div>\n</div>3, 6, 18, 72, ____ ?',1,2,2,'1','2024-01-27 10:45:15',0,NULL,NULL,'','',NULL,NULL),
 (23,'<div><div style=\"font-weight:bold;\">Find the missing number / odd man out in the series:</div>\n</div><div style=\"font-weight:normal;\"><div> </div>\n</div>1 , 2 , 4 , 13 , 31 , 112 ,  ____ ? ',1,3,2,'1','2024-01-27 10:45:15',0,NULL,NULL,'','',NULL,NULL),
 (24,'<div><div style=\"font-weight:bold;\">Find the missing number / odd man out in the series:</div>\n</div><div style=\"font-weight:normal;\"><div> </div>\n</div>2, 7, 24, 77, ____ ?',1,4,2,'1','2024-01-27 10:45:15',0,NULL,NULL,'','',NULL,NULL),
 (25,'<div><div style=\"font-weight:bold;\">Find the missing number / odd man out in the series:</div>\n</div><div style=\"font-weight:normal;\"><div> </div>\n</div>3, 8, ____, 24, ____, 48, 63.',1,5,2,'1','2024-01-27 10:45:15',0,NULL,NULL,'','',NULL,NULL),
 (26,'<div>\r\n	<div style=\"font-weight:bold;\">\r\n		Find the missing number / odd man out in the series:</div>\r\n</div>\r\n<div style=\"font-weight:normal;\">\r\n	<div>\r\n		&nbsp;</div>\r\n</div>\r\n<p>\r\n	2/&radic;5, 3 / 5, 4 / (5*&radic;5), 1 / 25, ________?</p>',1,6,2,'1','2024-01-27 10:45:15',0,NULL,NULL,'','',NULL,NULL),
 (27,'<div><div style=\"font-weight:bold;\">Find the missing number / odd man out in the series:</div>\n</div><div style=\"font-weight:normal;\"><div> </div>\n</div>LXF,  MTJ,  NPN,  OLR,   ________ ?',1,7,2,'1','2024-01-27 10:45:15',0,NULL,NULL,'','',NULL,NULL),
 (28,'<div><div style=\"font-weight:bold;\">Find the missing number / odd man out in the series:</div>\n</div><div style=\"font-weight:normal;\"><div> </div>\n</div>C4X,  F9V,   I16R,  ________?',1,8,2,'1','2024-01-27 10:45:15',0,NULL,NULL,'','',NULL,NULL),
 (29,'<div><div style=\"font-weight:bold;\">Find the missing number / odd man out in the series:</div>\n</div><div style=\"font-weight:normal;\"><div> </div>\n</div>DINE, FINE  , ____, JINE , LINE , NINE.',1,9,2,'1','2024-01-27 10:45:15',0,NULL,NULL,'','',NULL,NULL),
 (30,'<div><div style=\"font-weight:bold;\">Find the missing number / odd man out in the series:</div>\n</div><div style=\"font-weight:normal;\"><div> </div>\n</div>PROACTIVE, PROBLEM, _________, PROCEDURE.',1,10,2,'1','2024-01-27 10:45:15',0,NULL,NULL,'','',NULL,NULL),
 (31,'<div style=\"font-weight:bold;\">Find the missing number / odd man out in the series:</div>\n<div style=\"font-weight:bold;\">Chennai, Mumbai, Kochi  </div>\n',1,11,2,'1','2024-01-27 10:45:15',0,NULL,NULL,'','',NULL,NULL),
 (32,'<div style=\"font-weight:bold;\">Find the missing number / odd man out in the series:</div>\n<div style=\"font-weight:bold;\">Cheese, Curd, Butter</div>\n',1,12,2,'1','2024-01-27 10:45:15',0,NULL,NULL,'','',NULL,NULL),
 (33,'<div><div style=\"font-weight:bold;\">Find the missing number / odd man out in the series:</div>\n</div><div style=\"font-weight:normal;\"><div> </div>\n</div><img src=\"../static/img/questions/511-11.png\">\n',1,13,2,'1','2024-01-27 10:45:15',0,NULL,NULL,'','',NULL,NULL),
 (34,'<div><div style=\"font-weight:bold;\">Find the missing number / odd man out in the series:</div>\n</div><div style=\"font-weight:normal;\"><div> </div>\n</div>b  c  d  b  c  e  b  c  f  b  c  g  b  c  _____ ?',1,14,2,'1','2024-01-27 10:45:15',0,NULL,NULL,'','',NULL,NULL),
 (35,'<div><div style=\"font-weight:bold;\">Find the missing number / odd man out in the series:</div>\n</div><div style=\"font-weight:normal;\"><div> </div>\n</div><img src=\"../static/img/questions/511-13.png\">\n',1,15,2,'1','2024-01-27 10:45:15',0,NULL,NULL,'','',NULL,NULL),
 (36,'<div><div style=\"font-weight:bold;\">Find the missing number / odd man out in the series:</div>\n</div><div style=\"font-weight:normal;\"><div> </div>\n</div><img src=\"../static/img/questions/511-14.png\">\n',1,16,2,'1','2024-01-27 10:45:15',0,NULL,NULL,'','',NULL,NULL),
 (37,'<div style=\"font-weight:bold;\"></div>\n<div style=\"margin-bottom:7px;font-weight:bold;text-align:justify;\">Find the odd one out the series:</div>\n<div style=\"margin-bottom:7px;font-weight:normal;\">2, 5, 10, 50, 500, 5000</div>\n',1,17,2,'1','2024-01-27 10:45:15',0,NULL,NULL,'','',NULL,NULL),
 (38,'<div style=\"font-weight:bold;\"></div>\n<div style=\"margin-bottom:7px;font-weight:bold;text-align:justify;\">Find the odd one out the series:</div>\n<div style=\"margin-bottom:7px;font-weight:normal;\">19, 26, 33, 46, 59, 74, 91</div>\n',1,18,2,'1','2024-01-27 10:45:15',0,NULL,NULL,'','',NULL,NULL),
 (39,'<div style=\"font-weight:bold;\"></div>\n<div style=\"font-weight:bold;\">Pick the odd one out: </div>\n',1,19,2,'1','2024-01-27 10:45:15',0,NULL,NULL,'','',NULL,NULL),
 (40,'<div style=\"font-weight:bold;\"></div>\n<div style=\"font-weight:bold;\">Pick the odd one out: </div>\n',1,20,2,'1','2024-01-27 10:45:15',0,NULL,NULL,'','',NULL,NULL),
 (41,'<div style=\"margin-bottom:7px;font-weight:bold;text-align:justify;\">\r\n	FILL IN THE BLANKS:</div>\r\n<div style=\"margin-bottom:7px;font-weight:normal;\">\r\n	Have you heard the _______ news?</div>',1,1,3,'1','2024-01-27 10:45:15',0,NULL,NULL,'','',NULL,NULL),
 (42,'<div style=\"margin-bottom:7px;font-weight:bold;text-align:justify;\">\r\n	FILL IN THE BLANKS:</div>\r\n<div style=\"margin-bottom:7px;font-weight:normal;\">\r\n	Burglary is a ______.</div>',1,2,3,'1','2024-01-27 10:45:15',0,NULL,NULL,'','',NULL,NULL),
 (43,'<div style=\"margin-bottom:7px;font-weight:bold;text-align:justify;\">\r\n	FILL IN THE BLANKS:</div>\r\n<div style=\"margin-bottom:7px;font-weight:normal;\">\r\n	She is ________ for the final round of the competition.</div>',1,3,3,'1','2024-01-27 10:45:16',0,NULL,NULL,'','',NULL,NULL),
 (44,'<div style=\"margin-bottom:7px;font-weight:bold;text-align:justify;\">\r\n	FILL IN THE BLANKS:</div>\r\n<div style=\"margin-bottom:7px;font-weight:normal;\">\r\n	Success gives only ______ pleasure.</div>',1,4,3,'1','2024-01-27 10:45:16',0,NULL,NULL,'','',NULL,NULL),
 (45,'<div style=\"margin-bottom:7px;font-weight:bold;text-align:justify;\">\r\n	FILL IN THE BLANKS:</div>\r\n<div style=\"margin-bottom:7px;font-weight:normal;\">\r\n	We had a ______ of warm weather in February.</div>',1,5,3,'1','2024-01-27 10:45:16',0,NULL,NULL,'','',NULL,NULL),
 (46,'<div style=\"margin-bottom:7px;font-weight:bold;text-align:justify;\">\r\n	FILL IN THE BLANKS:</div>\r\n<div style=\"margin-bottom:7px;font-weight:normal;\">\r\n	The _____ animals was on the lookout for food.</div>',1,6,3,'1','2024-01-27 10:45:16',0,NULL,NULL,'','',NULL,NULL),
 (47,'<div style=\"margin-bottom:7px;font-weight:bold;text-align:justify;\">\r\n	FILL IN THE BLANKS:</div>\r\n<div style=\"margin-bottom:7px;font-weight:normal;\">\r\n	The solution to the problem _____ me.</div>',1,7,3,'1','2024-01-27 10:45:16',0,NULL,NULL,'','',NULL,NULL),
 (48,'<div style=\"margin-bottom:7px;font-weight:bold;text-align:justify;\">\r\n	FILL IN THE BLANKS:</div>\r\n<div style=\"margin-bottom:7px;font-weight:normal;\">\r\n	Every individuals wishes to lead a _______ life.</div>',1,8,3,'1','2024-01-27 10:45:16',0,NULL,NULL,'','',NULL,NULL),
 (49,'<div style=\"margin-bottom:7px;font-weight:bold;text-align:justify;\">\r\n	FILL IN THE BLANKS:</div>\r\n<div style=\"margin-bottom:7px;font-weight:normal;\">\r\n	&ldquo;Mind your own business&rdquo;, he said _______.</div>',1,9,3,'1','2024-01-27 10:45:16',0,NULL,NULL,'','',NULL,NULL),
 (50,'<div style=\"margin-bottom:7px;font-weight:bold;text-align:justify;\">\r\n	FILL IN THE BLANKS:</div>\r\n<div style=\"margin-bottom:7px;font-weight:normal;\">\r\n	Man must ______ now to stop pollution.</div>',1,10,3,'1','2024-01-27 10:45:16',0,NULL,NULL,'','',NULL,NULL),
 (51,'<div>SPOTTING OF ERRORS (Whichever part has an error, mark that part as your answer):</div>\n<div>My father (a) / in a bad mood (b) / today (c) / no error (d). </div>\n',1,11,3,'1','2024-01-27 10:45:16',0,NULL,NULL,'','',NULL,NULL),
 (52,'<div>SPOTTING OF ERRORS (Whichever part has an error, mark that part as your answer):</div>\n<div>Both the civilians (a) / and army men (b) / joined the 1st world war (c) / no error (d).</div>\n',1,12,3,'1','2024-01-27 10:45:16',0,NULL,NULL,'','',NULL,NULL),
 (53,'<div>SPOTTING OF ERRORS (Whichever part has an error, mark that part as your answer):</div>\n<div>This candidate lacks (a) / an experience (b) / otherwise he is well qualified (c) /no errors (d).</div>\n',1,13,3,'1','2024-01-27 10:45:16',0,NULL,NULL,'','',NULL,NULL),
 (54,'<div>SPOTTING OF ERRORS (Whichever part has an error, mark that part as your answer):</div>\n<div>They have (a) / placed orders (b) / for books (c) / no error (d) .</div>\n',1,14,3,'1','2024-01-27 10:45:16',0,NULL,NULL,'','',NULL,NULL),
 (55,'<div>SPOTTING OF ERRORS (Whichever part has an error, mark that part as your answer):</div>\n<div>They left (a) / their luggage (b) / on the railway station (c) / no error (d).</div>\n',1,15,3,'1','2024-01-27 10:45:16',0,NULL,NULL,'','',NULL,NULL),
 (56,'<div>SPOTTING OF ERRORS (Whichever part has an error, mark that part as your answer):</div>\n<div>This watches (a) / superior to (b) / & more expensive than that (c) / no error (d).</div>\n',1,16,3,'1','2024-01-27 10:45:16',0,NULL,NULL,'','',NULL,NULL),
 (57,'<div>SPOTTING OF ERRORS (Whichever part has an error, mark that part as your answer):</div>\n<div>The doctor (a) / attended upon the patient (b) / very quietly (c) / no error (d).</div>\n',1,17,3,'1','2024-01-27 10:45:16',0,NULL,NULL,'','',NULL,NULL),
 (58,'<div>SPOTTING OF ERRORS (Whichever part has an error, mark that part as your answer):</div>\n<div>The teacher (a) / was pleased (b) / to Sanjay (c) / no error (d). </div>\n',1,18,3,'1','2024-01-27 10:45:16',0,NULL,NULL,'','',NULL,NULL),
 (59,'<div>SPOTTING OF ERRORS (Whichever part has an error, mark that part as your answer):</div>\n<div>I advised to (a) / him (b) / to do this work (c) / no error (d).</div>\n',1,19,3,'1','2024-01-27 10:45:16',0,NULL,NULL,'','',NULL,NULL),
 (60,'<div>SPOTTING OF ERRORS (Whichever part has an error, mark that part as your answer):</div>\n<div>The article was (a) / prepared at (b) / their own expense (c) / no error (d).</div>\n',1,20,3,'1','2024-01-27 10:45:16',0,NULL,NULL,'','',NULL,NULL);
/*!40000 ALTER TABLE `questions` ENABLE KEYS */;


--
-- Definition of table `quizzes`
--

DROP TABLE IF EXISTS `quizzes`;
CREATE TABLE `quizzes` (
  `id` int(11) NOT NULL AUTO_INCREMENT,
  `cat_id` int(11) NOT NULL,
  `quiz_name` varchar(500) NOT NULL,
  `quiz_desc` varchar(500) NOT NULL,
  `added_date` datetime NOT NULL,
  `parent_id` int(11) NOT NULL,
  `show_intro` int(11) NOT NULL,
  `intro_text` varchar(3850) DEFAULT NULL,
  PRIMARY KEY (`id`)
) ENGINE=InnoDB AUTO_INCREMENT=4 DEFAULT CHARSET=latin1;

--
-- Dumping data for table `quizzes`
--

/*!40000 ALTER TABLE `quizzes` DISABLE KEYS */;
INSERT INTO `quizzes` (`id`,`cat_id`,`quiz_name`,`quiz_desc`,`added_date`,`parent_id`,`show_intro`,`intro_text`) VALUES 
 (1,1,'Assessment Test #002-Part A','Assessment Test #002-Part A','2024-01-27 10:45:15',0,1,'<h2><b>Test Organized by</b></h2>\n<h2 style=\"border-bottom: 1px solid #F4F5F7;margin-bottom:5px;padding-bottom:5px;\"><span style=\"color:red\">Apt Training Resources</span></h2><h2><b>Total number of questions: 20 Questions</b></h2>\n<h2><b>Maximum Time Limit: 15 minutes</b></h2>\n<p style=\"border-top: 1px solid #F4F5F7;margin-top:5px;padding-top:5px;\">\nPlease click on the <b>Continue</b> button only after reading the instructions thoroughly.</p>\n<p><b><u>Instructions:</u></b></p>\n<p>1.For every question, click the answer option &amp; then click the <b>Save</b> button to save the answer for that particular question. Clicking on the <b>Save </b>button is essential for the answer to be saved.</p>\n<p>2.Do not keep on pressing the <b>Save </b>button for the same question again &amp; again. Clicking once is enough.</p>\n<p>3.Clicking on the particular question number (available on the right side or bottom side) will take you directly to the particular question, but click it only after you have pressed the <b>Save </b>button for that question, that you are currently attending in the test.</p>\n<p>4.If after choosing the correct option, you click on the <b>Previous</b> button, instead of the <b>Save </b>button, even then answers will be saved. Don\'t worry.</p>\n<p>5.If you click the correct option and then click the <b>Question number link</b> in the right or in the bottom or if u click the <b>Instruction page link</b>, without pressing the <b>Save </b>button, answer won\'t be saved. Clicking on the <b>Save </b>button is essential for the answer to be saved.</p>\n<p>6.If you exceed the time limit for the test, the answers for which u have clicked the <b>Save </b>button alone, will automatically be saved &amp; it will take you to the home page.</p>\n<p>7.If incase u want to check the remaining time available for u any time during the test, u can scroll up, to see the timer on the right top corner.</p>\n<p>8.Once you have finished the test, click the <b>Finish</b> button available in the top right corner.</p>'),
 (2,2,'Assessment Test #002-Part B','Assessment Test #002-Part B','2024-01-27 10:45:15',0,1,'<h2><b>Test Organized by</b></h2>\n<h2 style=\"border-bottom: 1px solid #F4F5F7;margin-bottom:5px;padding-bottom:5px;\"><span style=\"color:red\">Apt Training Resources</span></h2><h2><b>Total number of questions: 20 Questions</b></h2>\n<h2><b>Maximum Time Limit: 15 minutes</b></h2>\n<p style=\"border-top: 1px solid #F4F5F7;margin-top:5px;padding-top:5px;\">\nPlease click on the <b>Continue</b> button only after reading the instructions thoroughly.</p>\n<p><b><u>Instructions:</u></b></p>\n<p>1.For every question, click the answer option &amp; then click the <b>Save</b> button to save the answer for that particular question. Clicking on the <b>Save </b>button is essential for the answer to be saved.</p>\n<p>2.Do not keep on pressing the <b>Save </b>button for the same question again &amp; again. Clicking once is enough.</p>\n<p>3.Clicking on the particular question number (available on the right side or bottom side) will take you directly to the particular question, but click it only after you have pressed the <b>Save </b>button for that question, that you are currently attending in the test.</p>\n<p>4.If after choosing the correct option, you click on the <b>Previous</b> button, instead of the <b>Save </b>button, even then answers will be saved. Don\'t worry.</p>\n<p>5.If you click the correct option and then click the <b>Question number link</b> in the right or in the bottom or if u click the <b>Instruction page link</b>, without pressing the <b>Save </b>button, answer won\'t be saved. Clicking on the <b>Save </b>button is essential for the answer to be saved.</p>\n<p>6.If you exceed the time limit for the test, the answers for which u have clicked the <b>Save </b>button alone, will automatically be saved &amp; it will take you to the home page.</p>\n<p>7.If incase u want to check the remaining time available for u any time during the test, u can scroll up, to see the timer on the right top corner.</p>\n<p>8.Once you have finished the test, click the <b>Finish</b> button available in the top right corner.</p>'),
 (3,3,'Assessment Test #002-Part C','Assessment Test #002-Part C','2024-01-27 10:45:15',0,1,'<h2><b>Test Organized by</b></h2>\n<h2 style=\"border-bottom: 1px solid #F4F5F7;margin-bottom:5px;padding-bottom:5px;\"><span style=\"color:red\">Apt Training Resources</span></h2><h2><b>Total number of questions: 20 Questions</b></h2>\n<h2><b>Maximum Time Limit: 15 minutes</b></h2>\n<p style=\"border-top: 1px solid #F4F5F7;margin-top:5px;padding-top:5px;\">\nPlease click on the <b>Continue</b> button only after reading the instructions thoroughly.</p>\n<p><b><u>Instructions:</u></b></p>\n<p>1.For every question, click the answer option &amp; then click the <b>Save</b> button to save the answer for that particular question. Clicking on the <b>Save </b>button is essential for the answer to be saved.</p>\n<p>2.Do not keep on pressing the <b>Save </b>button for the same question again &amp; again. Clicking once is enough.</p>\n<p>3.Clicking on the particular question number (available on the right side or bottom side) will take you directly to the particular question, but click it only after you have pressed the <b>Save </b>button for that question, that you are currently attending in the test.</p>\n<p>4.If after choosing the correct option, you click on the <b>Previous</b> button, instead of the <b>Save </b>button, even then answers will be saved. Don\'t worry.</p>\n<p>5.If you click the correct option and then click the <b>Question number link</b> in the right or in the bottom or if u click the <b>Instruction page link</b>, without pressing the <b>Save </b>button, answer won\'t be saved. Clicking on the <b>Save </b>button is essential for the answer to be saved.</p>\n<p>6.If you exceed the time limit for the test, the answers for which u have clicked the <b>Save </b>button alone, will automatically be saved &amp; it will take you to the home page.</p>\n<p>7.If incase u want to check the remaining time available for u any time during the test, u can scroll up, to see the timer on the right top corner.</p>\n<p>8.Once you have finished the test, click the <b>Finish</b> button available in the top right corner.</p>');
/*!40000 ALTER TABLE `quizzes` ENABLE KEYS */;


--
-- Definition of table `roles_rights`
--

DROP TABLE IF EXISTS `roles_rights`;
CREATE TABLE `roles_rights` (
  `Id` int(11) NOT NULL AUTO_INCREMENT,
  `role_id` int(11) DEFAULT NULL,
  `module_id` int(11) DEFAULT NULL,
  PRIMARY KEY (`Id`)
) ENGINE=MyISAM AUTO_INCREMENT=14 DEFAULT CHARSET=latin1;

--
-- Dumping data for table `roles_rights`
--

/*!40000 ALTER TABLE `roles_rights` DISABLE KEYS */;
INSERT INTO `roles_rights` (`Id`,`role_id`,`module_id`) VALUES 
 (1,1,2),
 (2,1,3),
 (3,1,4),
 (4,1,6),
 (5,1,7),
 (12,1,12),
 (11,1,11),
 (9,2,9);
/*!40000 ALTER TABLE `roles_rights` ENABLE KEYS */;


--
-- Definition of table `tcode_assess_base`
--

DROP TABLE IF EXISTS `tcode_assess_base`;
CREATE TABLE `tcode_assess_base` (
  `assess_id` bigint(20) unsigned NOT NULL AUTO_INCREMENT,
  `assignment_name` varchar(250) NOT NULL,
  `group_id` bigint(20) unsigned NOT NULL,
  `total_q` int(10) unsigned NOT NULL DEFAULT '1',
  `total_score` int(10) unsigned NOT NULL DEFAULT '3',
  `total_duration` int(10) unsigned NOT NULL DEFAULT '30',
  `duration_per` int(10) unsigned NOT NULL DEFAULT '1',
  `max_submissions` int(10) unsigned NOT NULL DEFAULT '1',
  `is_to_suffle_q` tinyint(1) NOT NULL DEFAULT '1',
  `assignment_status` int(10) unsigned NOT NULL DEFAULT '0',
  `instructions` varchar(8000) NOT NULL DEFAULT ' ',
  `max_runs` int(10) unsigned NOT NULL DEFAULT '3',
  PRIMARY KEY (`assess_id`)
) ENGINE=InnoDB DEFAULT CHARSET=latin1;

--
-- Dumping data for table `tcode_assess_base`
--

/*!40000 ALTER TABLE `tcode_assess_base` DISABLE KEYS */;
/*!40000 ALTER TABLE `tcode_assess_base` ENABLE KEYS */;


--
-- Definition of table `tcode_assess_submit_q`
--

DROP TABLE IF EXISTS `tcode_assess_submit_q`;
CREATE TABLE `tcode_assess_submit_q` (
  `submit_id` bigint(20) unsigned NOT NULL AUTO_INCREMENT,
  `assess_id` bigint(20) unsigned NOT NULL,
  `user_id` bigint(20) unsigned NOT NULL,
  `group_id` bigint(20) unsigned NOT NULL,
  `question_id` bigint(20) unsigned NOT NULL,
  `user_program` longtext NOT NULL,
  `q_secure_score` int(10) unsigned NOT NULL DEFAULT '0',
  `q_status` int(10) unsigned NOT NULL DEFAULT '0',
  `submit_no` int(10) unsigned NOT NULL DEFAULT '1',
  `test_cases_haverun` int(10) unsigned NOT NULL DEFAULT '0',
  `number_of_runs` int(10) unsigned NOT NULL DEFAULT '0',
  `number_of_submits` int(10) unsigned NOT NULL DEFAULT '0',
  PRIMARY KEY (`submit_id`)
) ENGINE=InnoDB DEFAULT CHARSET=latin1;

--
-- Dumping data for table `tcode_assess_submit_q`
--

/*!40000 ALTER TABLE `tcode_assess_submit_q` DISABLE KEYS */;
/*!40000 ALTER TABLE `tcode_assess_submit_q` ENABLE KEYS */;


--
-- Definition of table `tcode_assess_submit_testcase`
--

DROP TABLE IF EXISTS `tcode_assess_submit_testcase`;
CREATE TABLE `tcode_assess_submit_testcase` (
  `submit_id` bigint(20) unsigned NOT NULL,
  `assess_id` bigint(20) unsigned NOT NULL,
  `user_id` bigint(20) unsigned NOT NULL,
  `group_id` bigint(20) unsigned NOT NULL,
  `question_id` bigint(20) unsigned NOT NULL,
  `testcase_id` bigint(20) unsigned NOT NULL,
  `user_output` varchar(2000) NOT NULL DEFAULT ' ',
  `case_status` int(10) unsigned NOT NULL DEFAULT '0',
  `testcase_secure_score` int(10) unsigned NOT NULL DEFAULT '0',
  PRIMARY KEY (`submit_id`,`testcase_id`) USING BTREE
) ENGINE=InnoDB DEFAULT CHARSET=latin1;

--
-- Dumping data for table `tcode_assess_submit_testcase`
--

/*!40000 ALTER TABLE `tcode_assess_submit_testcase` DISABLE KEYS */;
/*!40000 ALTER TABLE `tcode_assess_submit_testcase` ENABLE KEYS */;


--
-- Definition of table `tcode_assess_user`
--

DROP TABLE IF EXISTS `tcode_assess_user`;
CREATE TABLE `tcode_assess_user` (
  `assess_id` bigint(20) unsigned NOT NULL AUTO_INCREMENT,
  `user_id` bigint(20) unsigned NOT NULL,
  `user_ass_status` int(10) unsigned NOT NULL DEFAULT '0',
  `user_secure_score` int(10) unsigned NOT NULL DEFAULT '0',
  `ass_start_date` datetime DEFAULT NULL,
  `ass_finish_date` datetime DEFAULT NULL,
  PRIMARY KEY (`assess_id`,`user_id`)
) ENGINE=InnoDB DEFAULT CHARSET=latin1;

--
-- Dumping data for table `tcode_assess_user`
--

/*!40000 ALTER TABLE `tcode_assess_user` DISABLE KEYS */;
/*!40000 ALTER TABLE `tcode_assess_user` ENABLE KEYS */;


--
-- Definition of table `tcode_language`
--

DROP TABLE IF EXISTS `tcode_language`;
CREATE TABLE `tcode_language` (
  `lang_code` varchar(10) NOT NULL,
  `full_name` varchar(100) NOT NULL,
  `api_lang_name` varchar(100) NOT NULL,
  `api_version_no` varchar(100) NOT NULL,
  `default_program` varchar(1000) NOT NULL DEFAULT '#include<stdio.h>\r\nint main(){\r\n\r\n  return 0;\r\n}',
  PRIMARY KEY (`lang_code`)
) ENGINE=InnoDB DEFAULT CHARSET=latin1;

--
-- Dumping data for table `tcode_language`
--

/*!40000 ALTER TABLE `tcode_language` DISABLE KEYS */;
/*!40000 ALTER TABLE `tcode_language` ENABLE KEYS */;


--
-- Definition of table `tcode_level`
--

DROP TABLE IF EXISTS `tcode_level`;
CREATE TABLE `tcode_level` (
  `level_no` int(10) unsigned NOT NULL,
  `level_name` varchar(100) NOT NULL,
  PRIMARY KEY (`level_no`)
) ENGINE=InnoDB DEFAULT CHARSET=latin1;

--
-- Dumping data for table `tcode_level`
--

/*!40000 ALTER TABLE `tcode_level` DISABLE KEYS */;
/*!40000 ALTER TABLE `tcode_level` ENABLE KEYS */;


--
-- Definition of table `tcode_q_base`
--

DROP TABLE IF EXISTS `tcode_q_base`;
CREATE TABLE `tcode_q_base` (
  `question_id` bigint(20) unsigned NOT NULL AUTO_INCREMENT,
  `code_title` varchar(200) NOT NULL DEFAULT ' ',
  `code_question` varchar(8000) NOT NULL DEFAULT ' ',
  `lang_code` varchar(10) NOT NULL DEFAULT 'c',
  `level_no` int(10) unsigned NOT NULL DEFAULT '2',
  `tested_program` longtext,
  PRIMARY KEY (`question_id`)
) ENGINE=InnoDB DEFAULT CHARSET=latin1;

--
-- Dumping data for table `tcode_q_base`
--

/*!40000 ALTER TABLE `tcode_q_base` DISABLE KEYS */;
/*!40000 ALTER TABLE `tcode_q_base` ENABLE KEYS */;


--
-- Definition of table `tcode_q_group_base`
--

DROP TABLE IF EXISTS `tcode_q_group_base`;
CREATE TABLE `tcode_q_group_base` (
  `group_id` bigint(20) unsigned NOT NULL AUTO_INCREMENT,
  `group_name` varchar(250) NOT NULL,
  PRIMARY KEY (`group_id`)
) ENGINE=InnoDB DEFAULT CHARSET=latin1;

--
-- Dumping data for table `tcode_q_group_base`
--

/*!40000 ALTER TABLE `tcode_q_group_base` DISABLE KEYS */;
/*!40000 ALTER TABLE `tcode_q_group_base` ENABLE KEYS */;


--
-- Definition of table `tcode_q_group_q`
--

DROP TABLE IF EXISTS `tcode_q_group_q`;
CREATE TABLE `tcode_q_group_q` (
  `group_id` bigint(20) unsigned NOT NULL AUTO_INCREMENT,
  `question_id` bigint(20) unsigned NOT NULL,
  PRIMARY KEY (`group_id`,`question_id`)
) ENGINE=InnoDB DEFAULT CHARSET=latin1;

--
-- Dumping data for table `tcode_q_group_q`
--

/*!40000 ALTER TABLE `tcode_q_group_q` DISABLE KEYS */;
/*!40000 ALTER TABLE `tcode_q_group_q` ENABLE KEYS */;


--
-- Definition of table `tcode_q_testcase`
--

DROP TABLE IF EXISTS `tcode_q_testcase`;
CREATE TABLE `tcode_q_testcase` (
  `testcase_id` bigint(20) unsigned NOT NULL AUTO_INCREMENT,
  `question_id` bigint(20) unsigned NOT NULL,
  `input` varchar(2000) NOT NULL DEFAULT ' ',
  `output` varchar(2000) NOT NULL DEFAULT ' ',
  `point` int(10) unsigned NOT NULL DEFAULT '1',
  `sno` int(10) unsigned NOT NULL,
  `is_active` tinyint(1) NOT NULL DEFAULT '1',
  PRIMARY KEY (`testcase_id`)
) ENGINE=InnoDB DEFAULT CHARSET=latin1;

--
-- Dumping data for table `tcode_q_testcase`
--

/*!40000 ALTER TABLE `tcode_q_testcase` DISABLE KEYS */;
/*!40000 ALTER TABLE `tcode_q_testcase` ENABLE KEYS */;


--
-- Definition of table `user_answers`
--

DROP TABLE IF EXISTS `user_answers`;
CREATE TABLE `user_answers` (
  `id` int(11) NOT NULL AUTO_INCREMENT,
  `user_quiz_id` int(11) DEFAULT NULL,
  `question_id` int(11) DEFAULT NULL,
  `answer_id` int(11) DEFAULT NULL,
  `user_answer_id` int(11) DEFAULT NULL,
  `user_answer_text` varchar(3800) DEFAULT NULL,
  `added_date` datetime DEFAULT NULL,
  PRIMARY KEY (`id`)
) ENGINE=InnoDB DEFAULT CHARSET=latin1;

--
-- Dumping data for table `user_answers`
--

/*!40000 ALTER TABLE `user_answers` DISABLE KEYS */;
/*!40000 ALTER TABLE `user_answers` ENABLE KEYS */;


--
-- Definition of table `user_quizzes`
--

DROP TABLE IF EXISTS `user_quizzes`;
CREATE TABLE `user_quizzes` (
  `id` int(11) NOT NULL AUTO_INCREMENT,
  `assignment_id` int(11) DEFAULT NULL,
  `user_id` int(11) DEFAULT NULL,
  `status` int(11) DEFAULT NULL,
  `added_date` datetime DEFAULT NULL,
  `success` int(11) DEFAULT NULL,
  `finish_date` datetime DEFAULT NULL,
  `pass_score_point` decimal(10,2) DEFAULT NULL,
  `pass_score_perc` decimal(10,2) DEFAULT NULL,
  PRIMARY KEY (`id`),
  KEY `assignment_id` (`assignment_id`)
) ENGINE=InnoDB DEFAULT CHARSET=latin1;

--
-- Dumping data for table `user_quizzes`
--

/*!40000 ALTER TABLE `user_quizzes` DISABLE KEYS */;
/*!40000 ALTER TABLE `user_quizzes` ENABLE KEYS */;


--
-- Definition of table `user_types`
--

DROP TABLE IF EXISTS `user_types`;
CREATE TABLE `user_types` (
  `id` int(11) NOT NULL,
  `type_name` varchar(200) DEFAULT NULL,
  PRIMARY KEY (`id`)
) ENGINE=InnoDB DEFAULT CHARSET=latin1;

--
-- Dumping data for table `user_types`
--

/*!40000 ALTER TABLE `user_types` DISABLE KEYS */;
INSERT INTO `user_types` (`id`,`type_name`) VALUES 
 (1,'Admin'),
 (2,'User');
/*!40000 ALTER TABLE `user_types` ENABLE KEYS */;


--
-- Definition of table `users`
--

DROP TABLE IF EXISTS `users`;
CREATE TABLE `users` (
  `UserID` int(11) NOT NULL AUTO_INCREMENT,
  `UserName` varchar(50) NOT NULL,
  `Password` varchar(50) NOT NULL,
  `Name` varchar(150) NOT NULL,
  `Surname` varchar(150) NOT NULL,
  `added_date` datetime NOT NULL,
  `user_type` int(11) DEFAULT NULL,
  `email` varchar(200) CHARACTER SET utf8 DEFAULT NULL,
  PRIMARY KEY (`UserID`)
) ENGINE=InnoDB AUTO_INCREMENT=468 DEFAULT CHARSET=latin1;

--
-- Dumping data for table `users`
--

/*!40000 ALTER TABLE `users` DISABLE KEYS */;
INSERT INTO `users` (`UserID`,`UserName`,`Password`,`Name`,`Surname`,`added_date`,`user_type`,`email`) VALUES 
 (1,'admin','baf71c021073a99609d073b6c7d2162a','admin','admin','2011-10-27 12:02:06',1,'admin'),
 (2,'APT01','486ec94022de2ba84a97e76c60e6dd89','APT01','','0000-00-00 00:00:00',NULL,NULL),
 (3,'APT02','486ec94022de2ba84a97e76c60e6dd89','APT02','','0000-00-00 00:00:00',NULL,NULL),
 (4,'APT03','486ec94022de2ba84a97e76c60e6dd89','APT03','','0000-00-00 00:00:00',NULL,NULL),
 (5,'APT04','486ec94022de2ba84a97e76c60e6dd89','APT04','','0000-00-00 00:00:00',NULL,NULL),
 (6,'APT05','486ec94022de2ba84a97e76c60e6dd89','APT05','','0000-00-00 00:00:00',NULL,NULL),
 (7,'APT06','486ec94022de2ba84a97e76c60e6dd89','APT06','','0000-00-00 00:00:00',NULL,NULL),
 (8,'APT07','486ec94022de2ba84a97e76c60e6dd89','APT07','','0000-00-00 00:00:00',NULL,NULL),
 (9,'APT08','486ec94022de2ba84a97e76c60e6dd89','APT08','','0000-00-00 00:00:00',NULL,NULL),
 (10,'APT09','486ec94022de2ba84a97e76c60e6dd89','APT09','','0000-00-00 00:00:00',NULL,NULL),
 (11,'APT10','486ec94022de2ba84a97e76c60e6dd89','APT10','','0000-00-00 00:00:00',NULL,NULL),
 (12,'APT11','486ec94022de2ba84a97e76c60e6dd89','APT11','','0000-00-00 00:00:00',NULL,NULL),
 (13,'APT12','486ec94022de2ba84a97e76c60e6dd89','APT12','','0000-00-00 00:00:00',NULL,NULL),
 (14,'APT13','486ec94022de2ba84a97e76c60e6dd89','APT13','','0000-00-00 00:00:00',NULL,NULL),
 (15,'APT14','486ec94022de2ba84a97e76c60e6dd89','APT14','','0000-00-00 00:00:00',NULL,NULL),
 (16,'APT15','486ec94022de2ba84a97e76c60e6dd89','APT15','','0000-00-00 00:00:00',NULL,NULL),
 (17,'APT16','486ec94022de2ba84a97e76c60e6dd89','APT16','','0000-00-00 00:00:00',NULL,NULL),
 (18,'APT17','486ec94022de2ba84a97e76c60e6dd89','APT17','','0000-00-00 00:00:00',NULL,NULL),
 (19,'APT18','486ec94022de2ba84a97e76c60e6dd89','APT18','','0000-00-00 00:00:00',NULL,NULL),
 (20,'APT19','486ec94022de2ba84a97e76c60e6dd89','APT19','','0000-00-00 00:00:00',NULL,NULL),
 (21,'APT20','486ec94022de2ba84a97e76c60e6dd89','APT20','','0000-00-00 00:00:00',NULL,NULL),
 (22,'APT21','486ec94022de2ba84a97e76c60e6dd89','APT21','','0000-00-00 00:00:00',NULL,NULL),
 (23,'APT22','486ec94022de2ba84a97e76c60e6dd89','APT22','','0000-00-00 00:00:00',NULL,NULL),
 (24,'APT23','486ec94022de2ba84a97e76c60e6dd89','APT23','','0000-00-00 00:00:00',NULL,NULL),
 (25,'APT24','486ec94022de2ba84a97e76c60e6dd89','APT24','','0000-00-00 00:00:00',NULL,NULL),
 (26,'APT25','486ec94022de2ba84a97e76c60e6dd89','APT25','','0000-00-00 00:00:00',NULL,NULL),
 (27,'DEVELOPER01','7b7a53e239400a13bd6be6c91c4f6c4e','DEVELOPER01','','0000-00-00 00:00:00',NULL,NULL),
 (28,'DEVELOPER02','7b7a53e239400a13bd6be6c91c4f6c4e','DEVELOPER02','','0000-00-00 00:00:00',NULL,NULL),
 (29,'DEVELOPER03','7b7a53e239400a13bd6be6c91c4f6c4e','DEVELOPER03','','0000-00-00 00:00:00',NULL,NULL),
 (30,'DEVELOPER04','7b7a53e239400a13bd6be6c91c4f6c4e','DEVELOPER04','','0000-00-00 00:00:00',NULL,NULL),
 (31,'DEVELOPER05','7b7a53e239400a13bd6be6c91c4f6c4e','DEVELOPER05','','0000-00-00 00:00:00',NULL,NULL),
 (32,'DEVELOPER06','7b7a53e239400a13bd6be6c91c4f6c4e','DEVELOPER06','','0000-00-00 00:00:00',NULL,NULL),
 (33,'DEVELOPER07','7b7a53e239400a13bd6be6c91c4f6c4e','DEVELOPER07','','0000-00-00 00:00:00',NULL,NULL),
 (34,'DEVELOPER08','7b7a53e239400a13bd6be6c91c4f6c4e','DEVELOPER08','','0000-00-00 00:00:00',NULL,NULL),
 (35,'DEVELOPER09','7b7a53e239400a13bd6be6c91c4f6c4e','DEVELOPER09','','0000-00-00 00:00:00',NULL,NULL),
 (36,'DEVELOPER10','7b7a53e239400a13bd6be6c91c4f6c4e','DEVELOPER10','','0000-00-00 00:00:00',NULL,NULL),
 (37,'DEVELOPER11','7b7a53e239400a13bd6be6c91c4f6c4e','DEVELOPER11','','0000-00-00 00:00:00',NULL,NULL),
 (38,'DEVELOPER12','7b7a53e239400a13bd6be6c91c4f6c4e','DEVELOPER12','','0000-00-00 00:00:00',NULL,NULL),
 (39,'DEVELOPER13','7b7a53e239400a13bd6be6c91c4f6c4e','DEVELOPER13','','0000-00-00 00:00:00',NULL,NULL),
 (40,'DEVELOPER14','7b7a53e239400a13bd6be6c91c4f6c4e','DEVELOPER14','','0000-00-00 00:00:00',NULL,NULL),
 (41,'DEVELOPER15','7b7a53e239400a13bd6be6c91c4f6c4e','DEVELOPER15','','0000-00-00 00:00:00',NULL,NULL),
 (42,'DEVELOPER16','7b7a53e239400a13bd6be6c91c4f6c4e','DEVELOPER16','','0000-00-00 00:00:00',NULL,NULL),
 (43,'DEVELOPER17','7b7a53e239400a13bd6be6c91c4f6c4e','DEVELOPER17','','0000-00-00 00:00:00',NULL,NULL),
 (44,'DEVELOPER18','7b7a53e239400a13bd6be6c91c4f6c4e','DEVELOPER18','','0000-00-00 00:00:00',NULL,NULL),
 (45,'DEVELOPER19','7b7a53e239400a13bd6be6c91c4f6c4e','DEVELOPER19','','0000-00-00 00:00:00',NULL,NULL),
 (46,'DEVELOPER20','7b7a53e239400a13bd6be6c91c4f6c4e','DEVELOPER20','','0000-00-00 00:00:00',NULL,NULL),
 (47,'DEVELOPER21','7b7a53e239400a13bd6be6c91c4f6c4e','DEVELOPER21','','0000-00-00 00:00:00',NULL,NULL),
 (48,'DEVELOPER22','7b7a53e239400a13bd6be6c91c4f6c4e','DEVELOPER22','','0000-00-00 00:00:00',NULL,NULL),
 (49,'DEVELOPER23','7b7a53e239400a13bd6be6c91c4f6c4e','DEVELOPER23','','0000-00-00 00:00:00',NULL,NULL),
 (50,'DEVELOPER24','7b7a53e239400a13bd6be6c91c4f6c4e','DEVELOPER24','','0000-00-00 00:00:00',NULL,NULL),
 (51,'DEVELOPER25','7b7a53e239400a13bd6be6c91c4f6c4e','DEVELOPER25','','0000-00-00 00:00:00',NULL,NULL),
 (52,'SERVER01','da941ba5e4989ca468e0af6e0645a715','SERVER01','','0000-00-00 00:00:00',NULL,NULL),
 (53,'SERVER02','da941ba5e4989ca468e0af6e0645a715','SERVER02','','0000-00-00 00:00:00',NULL,NULL),
 (54,'SERVER03','da941ba5e4989ca468e0af6e0645a715','SERVER03','','0000-00-00 00:00:00',NULL,NULL),
 (55,'SERVER04','da941ba5e4989ca468e0af6e0645a715','SERVER04','','0000-00-00 00:00:00',NULL,NULL),
 (56,'SERVER05','da941ba5e4989ca468e0af6e0645a715','SERVER05','','0000-00-00 00:00:00',NULL,NULL),
 (57,'SERVER06','da941ba5e4989ca468e0af6e0645a715','SERVER06','','0000-00-00 00:00:00',NULL,NULL),
 (58,'SERVER07','da941ba5e4989ca468e0af6e0645a715','SERVER07','','0000-00-00 00:00:00',NULL,NULL),
 (59,'SERVER08','da941ba5e4989ca468e0af6e0645a715','SERVER08','','0000-00-00 00:00:00',NULL,NULL),
 (60,'SERVER09','da941ba5e4989ca468e0af6e0645a715','SERVER09','','0000-00-00 00:00:00',NULL,NULL),
 (61,'SERVER10','da941ba5e4989ca468e0af6e0645a715','SERVER10','','0000-00-00 00:00:00',NULL,NULL),
 (62,'SERVER11','da941ba5e4989ca468e0af6e0645a715','SERVER11','','0000-00-00 00:00:00',NULL,NULL),
 (63,'SERVER12','da941ba5e4989ca468e0af6e0645a715','SERVER12','','0000-00-00 00:00:00',NULL,NULL),
 (64,'SERVER13','da941ba5e4989ca468e0af6e0645a715','SERVER13','','0000-00-00 00:00:00',NULL,NULL),
 (65,'SERVER14','da941ba5e4989ca468e0af6e0645a715','SERVER14','','0000-00-00 00:00:00',NULL,NULL),
 (66,'SERVER15','da941ba5e4989ca468e0af6e0645a715','SERVER15','','0000-00-00 00:00:00',NULL,NULL),
 (67,'SERVER16','da941ba5e4989ca468e0af6e0645a715','SERVER16','','0000-00-00 00:00:00',NULL,NULL),
 (68,'SERVER17','da941ba5e4989ca468e0af6e0645a715','SERVER17','','0000-00-00 00:00:00',NULL,NULL),
 (69,'SERVER18','da941ba5e4989ca468e0af6e0645a715','SERVER18','','0000-00-00 00:00:00',NULL,NULL),
 (70,'SERVER19','da941ba5e4989ca468e0af6e0645a715','SERVER19','','0000-00-00 00:00:00',NULL,NULL),
 (71,'SERVER20','da941ba5e4989ca468e0af6e0645a715','SERVER20','','0000-00-00 00:00:00',NULL,NULL),
 (72,'SERVER21','da941ba5e4989ca468e0af6e0645a715','SERVER21','','0000-00-00 00:00:00',NULL,NULL),
 (73,'SERVER22','da941ba5e4989ca468e0af6e0645a715','SERVER22','','0000-00-00 00:00:00',NULL,NULL),
 (74,'SERVER23','da941ba5e4989ca468e0af6e0645a715','SERVER23','','0000-00-00 00:00:00',NULL,NULL),
 (75,'SERVER24','da941ba5e4989ca468e0af6e0645a715','SERVER24','','0000-00-00 00:00:00',NULL,NULL),
 (76,'SERVER25','da941ba5e4989ca468e0af6e0645a715','SERVER25','','0000-00-00 00:00:00',NULL,NULL),
 (77,'TN301','329adc8609c1eb819fe5399cf670fb9c','TN301','','0000-00-00 00:00:00',NULL,NULL),
 (78,'TN302','0ca2d4611246b65495342822d0d811ab','TN302','','0000-00-00 00:00:00',NULL,NULL),
 (79,'TN303','a9abd204ce63d586f6ce47e2fbb942dd','TN303','','0000-00-00 00:00:00',NULL,NULL),
 (80,'TN304','33b04ccd988a1b237e3578dc5c286ccf','TN304','','0000-00-00 00:00:00',NULL,NULL),
 (81,'TN305','3df4ed21f1a959b28beb4d4fa63ec7fc','TN305','','0000-00-00 00:00:00',NULL,NULL),
 (82,'TN306','2d985e319e59d7288a534a85a9b19b79','TN306','','0000-00-00 00:00:00',NULL,NULL),
 (83,'TN307','c07f915cc44421cfa3e9ad913cf84d90','TN307','','0000-00-00 00:00:00',NULL,NULL),
 (84,'TN308','a33b262484786b8ff3b428433ce155a6','TN308','','0000-00-00 00:00:00',NULL,NULL),
 (85,'TN309','7baeb5674d7f7e5fed51a0937114ecfc','TN309','','0000-00-00 00:00:00',NULL,NULL),
 (86,'TN310','0488c0b3a7f6a13a865149868b5d9ef1','TN310','','0000-00-00 00:00:00',NULL,NULL),
 (87,'TN311','51491cbb4159c4d68ec6434532209ae2','TN311','','0000-00-00 00:00:00',NULL,NULL),
 (88,'TN312','54326407f9805e54d90bf3c95778634f','TN312','','0000-00-00 00:00:00',NULL,NULL),
 (89,'TN313','e2787625e0011717e30b7cf50ff013e8','TN313','','0000-00-00 00:00:00',NULL,NULL),
 (90,'TN314','99d18cdea7fa803d556e69365837e283','TN314','','0000-00-00 00:00:00',NULL,NULL),
 (91,'TN315','a7c4747aa1360224e76f1e98c20a2ac8','TN315','','0000-00-00 00:00:00',NULL,NULL),
 (92,'TN316','a1c10454a9fe344ef4d831869d54ca77','TN316','','0000-00-00 00:00:00',NULL,NULL),
 (93,'TN317','4305595ec49f52a07cbd9876bc0755cb','TN317','','0000-00-00 00:00:00',NULL,NULL),
 (94,'TN318','cdb97a82e94cb682a540928ff4c6e8ee','TN318','','0000-00-00 00:00:00',NULL,NULL),
 (95,'TN319','2caf1153728e12424b9df70b2441bc01','TN319','','0000-00-00 00:00:00',NULL,NULL),
 (96,'TN320','17ce7383bf92ecbca22dd7d9af9c5e69','TN320','','0000-00-00 00:00:00',NULL,NULL),
 (97,'TN321','681f51699e86385f0370b9efc29c412c','TN321','','0000-00-00 00:00:00',NULL,NULL),
 (98,'TN322','00c34d10579ee1092363f0fbbc49b98f','TN322','','0000-00-00 00:00:00',NULL,NULL),
 (99,'TN323','a76109f1de29f364cffa87b4356a75fd','TN323','','0000-00-00 00:00:00',NULL,NULL),
 (100,'TN324','e2b4d9ce798cd57fcde621fe241779a0','TN324','','0000-00-00 00:00:00',NULL,NULL),
 (101,'TN325','609f668bf3eb003befe17ca3f342813a','TN325','','0000-00-00 00:00:00',NULL,NULL),
 (102,'TN326','adb3b5f3048831c01cb44c4a7b9cbeb4','TN326','','0000-00-00 00:00:00',NULL,NULL),
 (103,'TN327','7fc0a0c38d50360c4b6e24ba94309ef4','TN327','','0000-00-00 00:00:00',NULL,NULL),
 (104,'TN328','847c6c31b0d311cda97a5cbd0c0e7d9d','TN328','','0000-00-00 00:00:00',NULL,NULL),
 (105,'TN329','f754352291c7d737cab78fdffe9d43da','TN329','','0000-00-00 00:00:00',NULL,NULL),
 (106,'TN330','514c5480ef7d805799692b692429a295','TN330','','0000-00-00 00:00:00',NULL,NULL),
 (107,'TN331','997169e927aa22713d25418d4896b92c','TN331','','0000-00-00 00:00:00',NULL,NULL),
 (108,'TN332','0afa3386946126079b9fb92016c57d8d','TN332','','0000-00-00 00:00:00',NULL,NULL),
 (109,'TN333','1308d934587b2d769d88db46de8bed26','TN333','','0000-00-00 00:00:00',NULL,NULL),
 (110,'TN334','c58a31cb4ea4fd4cb757d5597445c93b','TN334','','0000-00-00 00:00:00',NULL,NULL),
 (111,'TN335','d15719077af4254d2328ac675602b30f','TN335','','0000-00-00 00:00:00',NULL,NULL),
 (112,'TN336','1ba9fd6a4212719c13d0c17db7ad8d8a','TN336','','0000-00-00 00:00:00',NULL,NULL),
 (113,'TN337','92479dbd526cdc227dfb78839da3e9ee','TN337','','0000-00-00 00:00:00',NULL,NULL),
 (114,'TN338','d1b46ca0329c93831fd78fea49ebd7ea','TN338','','0000-00-00 00:00:00',NULL,NULL),
 (115,'TN339','0e89ecfe2d712b7543e6e7cfdf20f850','TN339','','0000-00-00 00:00:00',NULL,NULL),
 (116,'TN340','d3cc8777ee255c9344c50fa936cb096d','TN340','','0000-00-00 00:00:00',NULL,NULL),
 (117,'TN341','38d2fc3fc46924d3b7e31a39235f4ab8','TN341','','0000-00-00 00:00:00',NULL,NULL),
 (118,'TN342','6c5fad39bde68f4fe076c639ea575e1e','TN342','','0000-00-00 00:00:00',NULL,NULL),
 (119,'TN343','64596a5fcb60bb0b774bdf96f8409a22','TN343','','0000-00-00 00:00:00',NULL,NULL),
 (120,'TN344','29c6be0191209ed43ef8b6300518c0b6','TN344','','0000-00-00 00:00:00',NULL,NULL),
 (121,'TN345','85ae95782f9dc4726dbe796f32c952b7','TN345','','0000-00-00 00:00:00',NULL,NULL),
 (122,'TN346','4f6f70eca7493e864a2cad1b9898ddf6','TN346','','0000-00-00 00:00:00',NULL,NULL),
 (123,'TN347','5fce6d941efe851b73cf06e283d3bccf','TN347','','0000-00-00 00:00:00',NULL,NULL),
 (124,'TN348','b447c66018d859c433c98e1b8d7ce03c','TN348','','0000-00-00 00:00:00',NULL,NULL),
 (125,'TN349','71b95de443c98f780b2ef7f75c04129c','TN349','','0000-00-00 00:00:00',NULL,NULL),
 (126,'TN350','1f99cd0b530cddc4b4f7b1abbe480fc8','TN350','','0000-00-00 00:00:00',NULL,NULL),
 (127,'TN351','fab04fa8b26b16d2e8af049b5ebb8a07','TN351','','0000-00-00 00:00:00',NULL,NULL),
 (128,'TN352','e5e6161fd842e295a23ab180c9bc3b23','TN352','','0000-00-00 00:00:00',NULL,NULL),
 (129,'TN353','12fe1ac69507521185494fa8cf45e59e','TN353','','0000-00-00 00:00:00',NULL,NULL),
 (130,'TN354','2329e405a51950a00d936a4260ff3ad6','TN354','','0000-00-00 00:00:00',NULL,NULL),
 (131,'TN355','cf14b5d834c29ab6570c9a2161a27dc3','TN355','','0000-00-00 00:00:00',NULL,NULL),
 (132,'TN356','1a72220ff7c946c7b1a86eb743ee7220','TN356','','0000-00-00 00:00:00',NULL,NULL),
 (133,'TN357','8ca1aa32987603be3fdacebf631fa1dd','TN357','','0000-00-00 00:00:00',NULL,NULL),
 (134,'TN358','f793349f0d57cfaf9d6e761bb8dde712','TN358','','0000-00-00 00:00:00',NULL,NULL),
 (135,'TN359','86ab2469c0ff7a04e2b1bd8825b95ab2','TN359','','0000-00-00 00:00:00',NULL,NULL),
 (136,'TN360','6b48dae1f08c54e5ac4cac63e5841a56','TN360','','0000-00-00 00:00:00',NULL,NULL),
 (137,'TN361','7c8dc50fcaf892cf68168226c3d9bd15','TN361','','0000-00-00 00:00:00',NULL,NULL),
 (138,'TN362','7e14f02a8f1bfffefe51dcfb022ee68e','TN362','','0000-00-00 00:00:00',NULL,NULL),
 (139,'TN363','ffdb95a5be113eba94e6a553b1465b48','TN363','','0000-00-00 00:00:00',NULL,NULL),
 (140,'TN364','5ead85b534957cc5063bd0d197f8397e','TN364','','0000-00-00 00:00:00',NULL,NULL),
 (141,'TN365','fb9a00c5bdf507e0e5179a3d3151e02c','TN365','','0000-00-00 00:00:00',NULL,NULL),
 (142,'TN366','61576934bb5c1a4221e7b66548b71758','TN366','','0000-00-00 00:00:00',NULL,NULL),
 (143,'TN367','f78237442c24fa6c3985440394887c00','TN367','','0000-00-00 00:00:00',NULL,NULL),
 (144,'TN368','800c8486418ddd528b93dfa6729cb6d2','TN368','','0000-00-00 00:00:00',NULL,NULL),
 (145,'TN369','3b461ef36b779a93aafb7f5cc3ad24cc','TN369','','0000-00-00 00:00:00',NULL,NULL),
 (146,'TN370','99878192b2d498a6f5b2e55260c07d16','TN370','','0000-00-00 00:00:00',NULL,NULL),
 (147,'TN371','2ead7329172b347d2f75e9092e7e9756','TN371','','0000-00-00 00:00:00',NULL,NULL),
 (148,'TN372','bae375f10ee51b2703f734e9ea2a761b','TN372','','0000-00-00 00:00:00',NULL,NULL),
 (149,'TN373','d3dbac5f9d0ec57c42524cf863c8d39a','TN373','','0000-00-00 00:00:00',NULL,NULL),
 (150,'TN374','ccdc3087b6ad67c3802511f2bc0cee5c','TN374','','0000-00-00 00:00:00',NULL,NULL),
 (151,'TN375','eea5e717d7e53203ee16c8bfa84794c2','TN375','','0000-00-00 00:00:00',NULL,NULL),
 (152,'TN376','d6632ed8c3fb1aa0b91fc3daca5cb819','TN376','','0000-00-00 00:00:00',NULL,NULL),
 (153,'TN377','4b56b85a944639cdf4868264dc5d6227','TN377','','0000-00-00 00:00:00',NULL,NULL),
 (154,'TN378','3b704b2890fb7dc99b52c85df8cc5348','TN378','','0000-00-00 00:00:00',NULL,NULL),
 (155,'TN379','79c1c07f2dd4f29c82859909611628ec','TN379','','0000-00-00 00:00:00',NULL,NULL),
 (156,'TN380','26d44f8bf6d4cc35556caafaf03a6747','TN380','','0000-00-00 00:00:00',NULL,NULL),
 (157,'TN381','7f7191b07d25cfcfa9798b19f276f48b','TN381','','0000-00-00 00:00:00',NULL,NULL),
 (158,'TN382','24aff3026824c021cd533dca1f419294','TN382','','0000-00-00 00:00:00',NULL,NULL),
 (159,'TN383','98ecf614bba87ce4b6a42f76ccbd31f3','TN383','','0000-00-00 00:00:00',NULL,NULL),
 (160,'TN384','d47ad8ff2459858497d3761b9a54ab89','TN384','','0000-00-00 00:00:00',NULL,NULL),
 (161,'TN385','1c335edebb37cd985dc5f863744d91cf','TN385','','0000-00-00 00:00:00',NULL,NULL),
 (162,'TN386','005bdd3d0f7d937097b22b6eb49ccb9c','TN386','','0000-00-00 00:00:00',NULL,NULL),
 (163,'TN387','1693ba09cc02ae4831c9254169bed59f','TN387','','0000-00-00 00:00:00',NULL,NULL),
 (164,'TN388','0252dade262efc29a464d4b951f8cf50','TN388','','0000-00-00 00:00:00',NULL,NULL),
 (165,'TN389','bed85df0ce210676acacc59f8e2a5c47','TN389','','0000-00-00 00:00:00',NULL,NULL),
 (166,'TN390','81899dacdca237841f366f4a7d155b21','TN390','','0000-00-00 00:00:00',NULL,NULL),
 (167,'TN391','f8d3fbf45d324b9016eadd211a37f088','TN391','','0000-00-00 00:00:00',NULL,NULL),
 (168,'TN392','fad03da9ee5b2e67ad92627d095bd2b6','TN392','','0000-00-00 00:00:00',NULL,NULL),
 (169,'TN393','a0a5e8a4104529533271e755cb382eeb','TN393','','0000-00-00 00:00:00',NULL,NULL),
 (170,'TN394','b839d8eac35f333fa48783176f4280f6','TN394','','0000-00-00 00:00:00',NULL,NULL),
 (171,'TN395','4a85c69359ecec2904dc593321f9fc04','TN395','','0000-00-00 00:00:00',NULL,NULL),
 (172,'TN396','12cd003270def31a6ca8751a1b868844','TN396','','0000-00-00 00:00:00',NULL,NULL),
 (173,'TN397','f3ff52ffd6b338ae1bc96b00265ff49f','TN397','','0000-00-00 00:00:00',NULL,NULL),
 (174,'TN398','2237fa1ec62ddb23f2d844060cfde709','TN398','','0000-00-00 00:00:00',NULL,NULL),
 (175,'TN399','fa1c21865720d8ab327f1a90ec53fa8b','TN399','','0000-00-00 00:00:00',NULL,NULL),
 (176,'TN400','609330fc580f02771c77009c0efcf6de','TN400','','0000-00-00 00:00:00',NULL,NULL),
 (177,'A1','63a9309924fc71802c132ee1f82d2079','ABHISHEK. C R','','0000-00-00 00:00:00',NULL,NULL),
 (178,'A2','7d9c47b9f1f15f66e98867d6d2938e7e','BALA KUMAR. V M','','0000-00-00 00:00:00',NULL,NULL),
 (179,'A3','9b5069d4083e8bf4154c1c5f5b5f47bd','BEVIN CALIX.  F','','0000-00-00 00:00:00',NULL,NULL),
 (180,'A4','1dc21482f5504ea9d2e2197d94609f18','DHAWOODH MUSTHAFA. AJ','','0000-00-00 00:00:00',NULL,NULL),
 (181,'A5','5e15892969c90e79c43ef2f99f5523e7','DHARSAN BALAJI.  B','','0000-00-00 00:00:00',NULL,NULL),
 (182,'A6','d0354ddc4ab8cc63e3b200a53cd304af','DHINESH RAJA. V','','0000-00-00 00:00:00',NULL,NULL),
 (183,'A7','998f18597bec40e08448ab0c32ab15b7','KARTHIPAN.  B','','0000-00-00 00:00:00',NULL,NULL),
 (184,'A8','347bfd46d8f8d89b27c5856c21c16a7d','PRAVEEN KUMAR K','','0000-00-00 00:00:00',NULL,NULL),
 (185,'A9','7f079f94c5a0b34e8f33e34d94fa2f32','RUDHRA MOORTHY S','','0000-00-00 00:00:00',NULL,NULL),
 (186,'A10','4994d28f0ddf8ff491affdb3833da657','SAKTHIVEL S','','0000-00-00 00:00:00',NULL,NULL),
 (187,'A11','fe7baaa456aa757f8d2be381ff468af8','SAMUEL S','','0000-00-00 00:00:00',NULL,NULL),
 (188,'A12','1ff6c5f2c4713f4b7f3ce99a8e4c7047','SIVAKUMAR J.','','0000-00-00 00:00:00',NULL,NULL),
 (189,'A13','1dd7dff5ffd4e42ba52635a59470cfee','SUJITH K','','0000-00-00 00:00:00',NULL,NULL),
 (190,'A14','5985f4fa1332d46517bc821a179bff54','VIGNESHA PERUMAL M','','0000-00-00 00:00:00',NULL,NULL),
 (191,'A15','094d6ef68f6cb84cc7bbaeea36610ddc','ARUN E','','0000-00-00 00:00:00',NULL,NULL),
 (192,'A16','e2d11148ec899091dceca5f2eb5b237c','ARUN KUMAR. R','','0000-00-00 00:00:00',NULL,NULL),
 (193,'A17','161f919dca942ce486e291280fc9bd19','GIRINANDHAN E','','0000-00-00 00:00:00',NULL,NULL),
 (194,'A18','841d44c6db54fb5e40b30dc01450d8e7','ABUBAKKAR SIDDIQ. M','','0000-00-00 00:00:00',NULL,NULL),
 (195,'A19','5eadff0ec1a4a00b6361e04d08b70eb4','ADHISESAN. P','','0000-00-00 00:00:00',NULL,NULL),
 (196,'A20','4d40d0ca0b7bb04538bebc7301d7c73c','ASHOK KUMAR.M','','0000-00-00 00:00:00',NULL,NULL),
 (197,'A21','a0c06133a907bc8ae66390da78be653d','DANIEL .S','','0000-00-00 00:00:00',NULL,NULL),
 (198,'A22','8e523880250c35ca9d07bf9892468abe','DURGASHREE.V','','0000-00-00 00:00:00',NULL,NULL),
 (199,'A23','d1c284722a44e656ad926279804160a5','GOKUL. S','','0000-00-00 00:00:00',NULL,NULL),
 (200,'A24','8325090317b17060ae7cd34386a7c6fe','HARINI. B','','0000-00-00 00:00:00',NULL,NULL),
 (201,'A25','2c231d45320c936e81e71546cac56617','HARNIPRIYA . A','','0000-00-00 00:00:00',NULL,NULL),
 (202,'A26','3c19ff580908e75627dd8d17e73bbe54','IMAYA BHARATHI. S','','0000-00-00 00:00:00',NULL,NULL),
 (203,'A27','772e56601ba7fa6f17f08fb5c1bf3f50','KAMALE. R','','0000-00-00 00:00:00',NULL,NULL),
 (204,'A28','87c012540d976f519b96a62c38a8111f','LALITHA KUMARI. D','','0000-00-00 00:00:00',NULL,NULL),
 (205,'A29','5ed49106fcbc83b130f93d8f616ca2ca','MANIKANDAN. R','','0000-00-00 00:00:00',NULL,NULL),
 (206,'A30','28ddf76d065a8e7030d00f6a1a3bf581','NAVEENRAJ. R','','0000-00-00 00:00:00',NULL,NULL),
 (207,'A31','533dafb39658ec8ff2305d6552ecd07f','PRATHIKA. T. J','','0000-00-00 00:00:00',NULL,NULL),
 (208,'A32','857cbe673135d0c2ed35c842099a6ac0','PREAM BALAJI. V. C','','0000-00-00 00:00:00',NULL,NULL),
 (209,'A33','0ff6b229ca83f84f64329daf8fb4eef0','ROHITH. M','','0000-00-00 00:00:00',NULL,NULL),
 (210,'A34','e24445c59e2c606da31be95ae5a7f2b4','SHREE KRISHNAA. N','','0000-00-00 00:00:00',NULL,NULL),
 (211,'A35','74aa333768f64a97cf6a865ddbd984d7','SUDARMANI.G','','0000-00-00 00:00:00',NULL,NULL),
 (212,'A36','e8160164470b5caee22507c3df072b5d','SURYA. S','','0000-00-00 00:00:00',NULL,NULL),
 (213,'A37','c8dab8c03126c35454b941ff4331cba8','THIRISAN BHARATHI. A','','0000-00-00 00:00:00',NULL,NULL),
 (214,'A38','ac5bc66bcc4cfeeabbe44ce279cecebb','VENKATARAMANAN . N','','0000-00-00 00:00:00',NULL,NULL),
 (215,'A39','0c4d49c9bc6730ed8e6238aaf17dd46c','SANJAY KANNAN. M','','0000-00-00 00:00:00',NULL,NULL),
 (216,'A40','2071d44155566dd1a84e980b1d1023cd','SIVARAM. G.S','','0000-00-00 00:00:00',NULL,NULL),
 (217,'A41','dbb25cb17c588f66884b94d8b2e08bcb','YOGESHWARI. P','','0000-00-00 00:00:00',NULL,NULL),
 (218,'A42','b523e09bda8121a0548eac80d15a6deb','AARTHI E','','0000-00-00 00:00:00',NULL,NULL),
 (219,'A43','f788cd0f713350e8bb9743d768f17482','AARTHI M','','0000-00-00 00:00:00',NULL,NULL),
 (220,'A44','3291dbf475fe1c6e793b153bc79fb65a','ABINESH M','','0000-00-00 00:00:00',NULL,NULL),
 (221,'A45','87ad28586b7da142e8c93dab2ab9b632','ABISHEK N','','0000-00-00 00:00:00',NULL,NULL),
 (222,'A46','1fc576907db460046e4668e3badfd21c','ASMA L','','0000-00-00 00:00:00',NULL,NULL),
 (223,'A47','9488e357c4828c515d96b1499778735b','BHARATHY S','','0000-00-00 00:00:00',NULL,NULL),
 (224,'A48','3ad3c0a17edc7b844921f7df5d4f2ece','DAKSHIN SRINIVAS M S','','0000-00-00 00:00:00',NULL,NULL),
 (225,'A49','2e1b64e69be621dd6b3633bcc4e6a876','DHANUSH G T','','0000-00-00 00:00:00',NULL,NULL),
 (226,'A50','b7e0638d5dde0252850d7c75f8b540fb','DHARSHIYA S','','0000-00-00 00:00:00',NULL,NULL),
 (227,'A51','df94a1c8d2922746ff85d555a11a4f9b','DHINESH S','','0000-00-00 00:00:00',NULL,NULL),
 (228,'A52','adcb2c4daea1d9adc2ba3bafee0e5c21','DIVYA DHARSHINI T','','0000-00-00 00:00:00',NULL,NULL),
 (229,'A53','32c2d6c575c22f3b8b4c89de8974031d','GOBI KRISHNAN S','','0000-00-00 00:00:00',NULL,NULL),
 (230,'A54','5c76730a6dc706c4f1726a69a4c384a1','HARIHARAN K','','0000-00-00 00:00:00',NULL,NULL),
 (231,'A55','01471f2d08b26e0cd0bacad956d44bdb','HEMACHANDRIKA  N','','0000-00-00 00:00:00',NULL,NULL),
 (232,'A56','87c86b56a671d569ef468a5be46036e7','KALPANA CHAWLA  M','','0000-00-00 00:00:00',NULL,NULL),
 (233,'A57','64c8c3cae95c4cb2e4a4b30d7f1ea84a','KAVIPRIYA  P','','0000-00-00 00:00:00',NULL,NULL),
 (234,'A58','8d7f1c2c977b25ee29d1512070c5c2d8','KIRUTHICKROSHAN M','','0000-00-00 00:00:00',NULL,NULL),
 (235,'A59','3413722adad4d297b0dc078fc8cc627e','LAKSHMIPRIYA  S','','0000-00-00 00:00:00',NULL,NULL),
 (236,'A60','dba18d77e28db6907df9826139011c30','LEKAA  M P','','0000-00-00 00:00:00',NULL,NULL),
 (237,'A61','14a2847759c496334d510ff8fafbd464','LOGESHWARI P','','0000-00-00 00:00:00',NULL,NULL),
 (238,'A62','19ca21b7f0c6c939cb13a39fefe36599','MADHAVAN S','','0000-00-00 00:00:00',NULL,NULL),
 (239,'A63','f4f310689ec17b4502809ff737f987dc','MADHUMITHA  R M','','0000-00-00 00:00:00',NULL,NULL),
 (240,'A64','95499572719603e3f2d815577c24f154','MOHAMMED HALITH N','','0000-00-00 00:00:00',NULL,NULL),
 (241,'A65','69d87ea3adf000add7d171513cc59080','MOUNIKA M','','0000-00-00 00:00:00',NULL,NULL),
 (242,'A66','826a6050c15798cb173511babd536971','MURALITHARAN R','','0000-00-00 00:00:00',NULL,NULL),
 (243,'A67','93440336aa66a2a0a790783b2c13330f','MUTHU SELVAM  E','','0000-00-00 00:00:00',NULL,NULL),
 (244,'A68','6eac8979891a08dc88a96b8144a1a144','NAVEENKUMAR R','','0000-00-00 00:00:00',NULL,NULL),
 (245,'A69','5bb135a427448088a94f6a0373545d31','NIDEESH KUMAR M','','0000-00-00 00:00:00',NULL,NULL),
 (246,'A70','25d606e9a6d61c6b6ed812a96ba48b8c','NIVETHA  V','','0000-00-00 00:00:00',NULL,NULL),
 (247,'A71','fa33421f790a38e9e407883c87e1ddc8','PAVITHRA S','','0000-00-00 00:00:00',NULL,NULL),
 (248,'A72','a96dacc4f81d07e4926a4b90bcb4cacf','PREETHI  S','','0000-00-00 00:00:00',NULL,NULL),
 (249,'A73','1e277574f38fb8f16dc2aa6d61170211','RAGHUL  M','','0000-00-00 00:00:00',NULL,NULL),
 (250,'A74','4cb2f758f9ab6556ce6523556640688a','RAHILA FATHIMA K','','0000-00-00 00:00:00',NULL,NULL),
 (251,'A75','794eeeb0f9d024041ed70a02d8716009','RAJESWARI  S','','0000-00-00 00:00:00',NULL,NULL),
 (252,'A76','8c16bd8d0e48f6945adcdb87694cb51f','SANDRA SIRENJEEVI S','','0000-00-00 00:00:00',NULL,NULL),
 (253,'A77','6b619d1c51ecfd15250d469d7f0960fd','SIVARANJANI  M','','0000-00-00 00:00:00',NULL,NULL),
 (254,'A78','d19f867ef756000ea58a3e76bebb2b23','SRIRAM  B S','','0000-00-00 00:00:00',NULL,NULL),
 (255,'A79','70eab440c7a0c2e8f6b16e1e606025e7','SRISUBITSA  N','','0000-00-00 00:00:00',NULL,NULL),
 (256,'A80','c71b4ee8770b25bb06efa0b058e42892','SUBANU S','','0000-00-00 00:00:00',NULL,NULL),
 (257,'A81','4d08f9d3a8b93347e4a6fe26fec64c80','SUDHAKAR S','','0000-00-00 00:00:00',NULL,NULL),
 (258,'A82','f0df8b104001305bc5db518baf55f6d8','SUJATHA  T','','0000-00-00 00:00:00',NULL,NULL),
 (259,'A83','f2081d8751354aa63bce0dc7230f9818','SURUTHI D','','0000-00-00 00:00:00',NULL,NULL),
 (260,'A84','96fb976eb34901901a064139c973ae66','VAISHNAVI D','','0000-00-00 00:00:00',NULL,NULL),
 (261,'A85','93c677d6263b234b6da38a23bf5a308a','VARSHINI  G','','0000-00-00 00:00:00',NULL,NULL),
 (262,'A86','31d401d0cbc7de776856253e5c12babe','VENKATESH S','','0000-00-00 00:00:00',NULL,NULL),
 (263,'A87','28964efa7fae51aee9a5ed56880758f7','YOGALAKSHMI S','','0000-00-00 00:00:00',NULL,NULL),
 (264,'A88','0cae772201aa0a46a455be06bddca774','BHUVANASRI G K','','0000-00-00 00:00:00',NULL,NULL),
 (265,'A89','589a00ef3737e30de7e6dd14eef68665','BRINTHA SHREE S S','','0000-00-00 00:00:00',NULL,NULL),
 (266,'A90','0d6b4cd416ca8b1fc8b721c9e4409f4b','DEEPAK E S','','0000-00-00 00:00:00',NULL,NULL),
 (267,'A91','a7a698348b6ac0ad6d8c792bbd4111ed','GOWSIK M','','0000-00-00 00:00:00',NULL,NULL),
 (268,'A92','7ab4d547173b943c57ce173e641792f2','KARTHIKEYAN K','','0000-00-00 00:00:00',NULL,NULL),
 (269,'A93','7e7f8205bf129ea556bca56deba8c531','KEERTHANA V','','0000-00-00 00:00:00',NULL,NULL),
 (270,'A94','e2a2a16b6c191fbae42c43ef0329b70b','LOKESHWARAN M','','0000-00-00 00:00:00',NULL,NULL),
 (271,'A95','550a04a28cc3673804e2fd2a7c884fa5','RAGHUL J','','0000-00-00 00:00:00',NULL,NULL),
 (272,'A96','1017de22e1abe6bc8ed3e36080f1aad5','RESHMA M','','0000-00-00 00:00:00',NULL,NULL),
 (273,'A97','59b1c44244b83298a995d88bc858a7b3','SUDHAKAR N','','0000-00-00 00:00:00',NULL,NULL),
 (274,'A98','e4dd079c70c2ef19306abc592ed50ab8','SURIYA K','','0000-00-00 00:00:00',NULL,NULL),
 (275,'A99','7747d3c4a6f8c0cff8637f1aebd7be11','MOHAMMED SHAFIYULLLA M','','0000-00-00 00:00:00',NULL,NULL),
 (276,'A100','306630c65a635460d9721e362a2b5d43','POORNIMA@BUVANA R','','0000-00-00 00:00:00',NULL,NULL),
 (277,'A101','67464b95033fbf5cfcfc79ec3e57632d','SIVARANJANI  S','','0000-00-00 00:00:00',NULL,NULL),
 (278,'A102','ef3347cea170dd9de57091afaf01964a','AATHAM ANSARI  B','','0000-00-00 00:00:00',NULL,NULL),
 (279,'A103','88ffc856979afcaebe5841612cc9e9f1','DEVAKI  M','','0000-00-00 00:00:00',NULL,NULL),
 (280,'A104','193e76a2aae95dd1d559505ca4532c0c','DHANALAKSHMI  S','','0000-00-00 00:00:00',NULL,NULL),
 (281,'A105','257eaccfe87c8e0b9b46c7fbd7f40e85','DHANUSRI  T','','0000-00-00 00:00:00',NULL,NULL),
 (282,'A106','92489c391c40db3f3affdad3cb583e01','DINESHKUMAR  P','','0000-00-00 00:00:00',NULL,NULL),
 (283,'A107','dcdd8d775df03b843225beae09c67a93','DIVYA  S','','0000-00-00 00:00:00',NULL,NULL),
 (284,'A108','5711953bf939793fc399bc06f046a29d','DIVYADHARSHINI  S','','0000-00-00 00:00:00',NULL,NULL),
 (285,'A109','f5bf0e48ecb96c0c376ba5ce103050da','GAYATHRI  P','','0000-00-00 00:00:00',NULL,NULL),
 (286,'A110','20a1df6196d3cceca2b6460c76758f92','GOHUL  P','','0000-00-00 00:00:00',NULL,NULL),
 (287,'A111','942de6964d9f649f9778d8d1049395d3','GOKULPRASANTH M','','0000-00-00 00:00:00',NULL,NULL),
 (288,'A112','e8b81ecd3a74faf3b6e1289aefb94061','GOWTHAM R','','0000-00-00 00:00:00',NULL,NULL),
 (289,'A113','21c9e012d43f87fedfbb895f8967e202','HEMA  KV','','0000-00-00 00:00:00',NULL,NULL),
 (290,'A114','52cd216e5c153a1682c62b9c9d0edef0','JANANI  V','','0000-00-00 00:00:00',NULL,NULL),
 (291,'A115','32d6b73f9ab6dcc94dc92646b0ba3d33','JESHIGA  J','','0000-00-00 00:00:00',NULL,NULL),
 (292,'A116','31859423760a57ab6434d4f838035bbc','KARTHIKA S','','0000-00-00 00:00:00',NULL,NULL),
 (293,'A117','ab14a11c26fbd6b1f72d30f928c512a0','KAVIYA  TS','','0000-00-00 00:00:00',NULL,NULL),
 (294,'A118','f80e4ec7f4b34804e1d3b1f5a04bdcc8','KAVYASHREE  CP','','0000-00-00 00:00:00',NULL,NULL),
 (295,'A119','fc8e82f961e611321fe4ed85fb23aaad','KOKILA  M','','0000-00-00 00:00:00',NULL,NULL),
 (296,'A120','f9430e68df365d73c7ed18de245f2e72','LAVANYA  R','','0000-00-00 00:00:00',NULL,NULL),
 (297,'A121','ff3b41ae72b545eac0e2f8fa67b490fd','LUTHDRAN  CS','','0000-00-00 00:00:00',NULL,NULL),
 (298,'A122','6fbaaff39a3004b36908fee986c8e5f3','MANJUDEVI  M','','0000-00-00 00:00:00',NULL,NULL),
 (299,'A123','33c366470986c9250dc65df295c4d65d','MITHUNKUMARAN G','','0000-00-00 00:00:00',NULL,NULL),
 (300,'A124','b0c6fe960b7379d60b80922797ff5b11','PREETHA  S','','0000-00-00 00:00:00',NULL,NULL),
 (301,'A125','96e1bef1feaccbab67005fb8a1d2bc78','PREETHIGA  A','','0000-00-00 00:00:00',NULL,NULL),
 (302,'A126','7ccef198a672860dad83917f86316dc0','PRIYADHARSHINI  M','','0000-00-00 00:00:00',NULL,NULL),
 (303,'A127','314f60584f70a5b6b1dc27b11d044142','SADAIESWARAN  M','','0000-00-00 00:00:00',NULL,NULL),
 (304,'A128','826e88551f9e12acd528162241c7bd84','SARULATHA  M','','0000-00-00 00:00:00',NULL,NULL),
 (305,'A129','410d84f920ac5f466e5576114c3e436f','SELVARAGHAVAN  K','','0000-00-00 00:00:00',NULL,NULL),
 (306,'A130','0e37321274bbf01164ce25ae6e557123','SENTHAMILSELVAN V','','0000-00-00 00:00:00',NULL,NULL),
 (307,'A131','f3e9cf44751684c1eb20cdae2082ee89','SHAHANA V','','0000-00-00 00:00:00',NULL,NULL),
 (308,'A132','1ad15ac9fa8c0b126a96869d76828148','SOWMIYA  R','','0000-00-00 00:00:00',NULL,NULL),
 (309,'A133','d4c250049b536cba402571cbd6013d23','SRIVATSAN  B','','0000-00-00 00:00:00',NULL,NULL),
 (310,'A134','dca594b0865aee7c0b5bcc44bbe90626','SUBHASREE  S','','0000-00-00 00:00:00',NULL,NULL),
 (311,'A135','e51c7c20782e0ae6b779705aa60e8423','SUGI  M','','0000-00-00 00:00:00',NULL,NULL),
 (312,'A136','1040dbb13d419979c21e23ae3c11d928','THARANI  M','','0000-00-00 00:00:00',NULL,NULL),
 (313,'A137','e4633c78743cc6b204ad6d5e1fa64614','YASHICA  S','','0000-00-00 00:00:00',NULL,NULL),
 (314,'A138','5d665c1343f0b6acd98b58de0a3c17ef','SATHISH S','','0000-00-00 00:00:00',NULL,NULL),
 (315,'A139','d4ce4fca33509170d378a7cc2138be83','ABISHIEK T','','0000-00-00 00:00:00',NULL,NULL),
 (316,'A140','53daaa2bc1621c14dec5643577d1756b','GOKULNATH G','','0000-00-00 00:00:00',NULL,NULL),
 (317,'A141','b6f68c2cebdd9cd0121578c7e0b851c7','JEEVITHA P','','0000-00-00 00:00:00',NULL,NULL),
 (318,'A142','c7b43c14008098af671606afff5d396f','MOHAMED ASFAQUE A','','0000-00-00 00:00:00',NULL,NULL),
 (319,'A143','1883e851d59bf2489bce88be1997015e','SHOBANA C','','0000-00-00 00:00:00',NULL,NULL),
 (320,'A144','75298a4884e1953d55fc2128a7444ff0','AKSHAYA DEVI.K.R','','0000-00-00 00:00:00',NULL,NULL),
 (321,'A145','95d58be615225ed19649de1f45e015bb','ANUSUJA.R','','0000-00-00 00:00:00',NULL,NULL),
 (322,'A146','840f5ff42559e1b4f124b7dccb0c0709','ARAVINDH.S','','0000-00-00 00:00:00',NULL,NULL),
 (323,'A147','dbca8da07847d75acc556a4d66ed458a','ARUNGANESHAN.J.S','','0000-00-00 00:00:00',NULL,NULL),
 (324,'A148','7541e1074c9a810afa984d686c15821c','ASWIN.K.B','','0000-00-00 00:00:00',NULL,NULL),
 (325,'A149','b2b8704d00353903eeb5e4d8cff66652','BANU PRATHA.K','','0000-00-00 00:00:00',NULL,NULL),
 (326,'A150','75e03c2957d4b5fc27e77c540b8586f4','BARATH KUMAR.S','','0000-00-00 00:00:00',NULL,NULL),
 (327,'A151','77f70d86dca85b91ffae5f29e489d990','BOOBALAN.D','','0000-00-00 00:00:00',NULL,NULL),
 (328,'A152','d2e548b9d8947f1039461b949bec371a','BOOPESH.M','','0000-00-00 00:00:00',NULL,NULL),
 (329,'A153','b3b8206c05555c4d7d841fec46137364','DHINAKARAN.P','','0000-00-00 00:00:00',NULL,NULL),
 (330,'A154','92f132f86666e49e32bf4fb7282a489e','GOKUL RAAJ.V','','0000-00-00 00:00:00',NULL,NULL),
 (331,'A155','d6ee6f8edfd579433085818069091437','HEMANATHAN.P.R','','0000-00-00 00:00:00',NULL,NULL),
 (332,'A156','dc2cc70314a19a83c49bfc8658d20bed','JAYASURIYA.S','','0000-00-00 00:00:00',NULL,NULL),
 (333,'A157','7b9104a772404a3776a8586840fa7dc6','KANIGA.R','','0000-00-00 00:00:00',NULL,NULL),
 (334,'A158','fb8973cba6bddc7c0bedfac225c797a5','KANISHKA.R','','0000-00-00 00:00:00',NULL,NULL),
 (335,'A159','2864bb185c171ff88e9479e8ffe0f86a','KARTHIKEYAN.R','','0000-00-00 00:00:00',NULL,NULL),
 (336,'A160','f2de5217bfaee2bd7be30e068de75d17','KATHIRVEL.S','','0000-00-00 00:00:00',NULL,NULL),
 (337,'A161','83dbe17c16e349b47bad103cdd832810','KAVYA.V','','0000-00-00 00:00:00',NULL,NULL),
 (338,'A162','415aadf098237dea1c22e66b94160198','KIRUTHIKA.K','','0000-00-00 00:00:00',NULL,NULL),
 (339,'A163','0c6ebdfdf8bad70a1d3bf71569ca65df','KISHORE.R','','0000-00-00 00:00:00',NULL,NULL),
 (340,'A164','83c69adb1e999b0630af641609398ac8','KOGILAMBAL.G','','0000-00-00 00:00:00',NULL,NULL),
 (341,'A165','c8b7972c82c3f4c28defed64e8159108','LOGESWAR.S','','0000-00-00 00:00:00',NULL,NULL),
 (342,'A166','1192bac29b07641a3e6ab1bd170d1edd','NADHIYA.P','','0000-00-00 00:00:00',NULL,NULL),
 (343,'A167','ae50af7d72a50a7457111c000ae594ad','PAVISH.S','','0000-00-00 00:00:00',NULL,NULL),
 (344,'A168','fed3eca8dce029bee81062b594990e19','PRIYADHARSHINI.K','','0000-00-00 00:00:00',NULL,NULL),
 (345,'A169','db03dee75e50b46d72a880c967c56f05','PUGAZHARASAN.E','','0000-00-00 00:00:00',NULL,NULL),
 (346,'A170','6fe2472f4d9a81652570a74bb58dfde5','RAGUL.D','','0000-00-00 00:00:00',NULL,NULL),
 (347,'A171','30f6ffde06cbc60b5d123bf6f83a953f','RAJIV.V','','0000-00-00 00:00:00',NULL,NULL),
 (348,'A172','7c4de5c7e4ee9157e039be7834b7172a','SANJID.S','','0000-00-00 00:00:00',NULL,NULL),
 (349,'A173','87ea799cb417cd1a08e158402ca6090b','SARAVANA SATHISH.R','','0000-00-00 00:00:00',NULL,NULL),
 (350,'A174','02e4126936a48e4a63629364e7901dad','SHARATH RAJ.J.K','','0000-00-00 00:00:00',NULL,NULL),
 (351,'A175','f584b186a4e80cbb8e9859e4f4562851','SREE SUBHAPRIYA.V','','0000-00-00 00:00:00',NULL,NULL),
 (352,'A176','c983f4de30ce8ec570d0367e5189d52b','SUDHAN KUMAR.M','','0000-00-00 00:00:00',NULL,NULL),
 (353,'A177','e4d73444cb624397d9b5535cf18e5de9','SUJITHKKUMAR.R','','0000-00-00 00:00:00',NULL,NULL),
 (354,'A178','70be2ac13d0d421b9cdae4b545f20087','TAMIL SELVAN.G','','0000-00-00 00:00:00',NULL,NULL),
 (355,'A179','c045722fd814e0da8ca5ad20a0b4f5c9','THIRUVENGADAM.K','','0000-00-00 00:00:00',NULL,NULL),
 (356,'A180','a78c44ca70b86dbd422e080689311be7','THRRITHEASHWARI.T.S','','0000-00-00 00:00:00',NULL,NULL),
 (357,'A181','f8846d2ab448fd585807d284b4228601','VISHAL.P','','0000-00-00 00:00:00',NULL,NULL),
 (358,'A182','639dd57c2e1f9a770ce41f91787231cc','YASHVANTH.S','','0000-00-00 00:00:00',NULL,NULL),
 (359,'A183','ddd0c3ab38de23508cd71453cc5af205','AKSHAI LIJO.L.J','','0000-00-00 00:00:00',NULL,NULL),
 (360,'A184','bf69c00ad3269676553eaf25b1d9a3f6','ALEX PANDIAN.T','','0000-00-00 00:00:00',NULL,NULL),
 (361,'A185','dff2f15810a5d82d87c23292f51f0ec7','ARUN KUMAR.S','','0000-00-00 00:00:00',NULL,NULL),
 (362,'A186','1d2f8d8b6c89778a2d113076a0e4a47c','ATCHAYA.K','','0000-00-00 00:00:00',NULL,NULL),
 (363,'A187','4eb2fbbf9202a574e75b786e78ec9bae','EBSEBA ANGEL.M.P','','0000-00-00 00:00:00',NULL,NULL),
 (364,'A188','5114d1541d568a709b7499e190ef711d','MATHAN RAJ.R','','0000-00-00 00:00:00',NULL,NULL),
 (365,'A189','2b5f81ffc15b44580d4a0cc240fa8dcd','MOHAN KUMAR.R','','0000-00-00 00:00:00',NULL,NULL),
 (366,'A190','5f07f5f8ed82e1ea7849c4c7727d7bac','NAVIN KUMAR.R','','0000-00-00 00:00:00',NULL,NULL),
 (367,'A191','b89d8ad56f578bbf75a0d8e3d3496eab','THILLAI NATHAN.M','','0000-00-00 00:00:00',NULL,NULL),
 (368,'A192','a508d2ac660a95e0d6e01d171d2167ea','ARVIND.R','','0000-00-00 00:00:00',NULL,NULL),
 (369,'A193','2e65a703c1fccb248559337cc422f3ea','AKILESH N','','0000-00-00 00:00:00',NULL,NULL),
 (370,'A194','71c995727aa1bff38388f5460d6359d4','ARCHANA R','','0000-00-00 00:00:00',NULL,NULL),
 (371,'A195','440bb8f11d6f1ce00e7f51696b1c84ce','ARUN PRAKASH G','','0000-00-00 00:00:00',NULL,NULL),
 (372,'A196','7b7f0842ad5a22a349591d945c073afc','ASHWANTHJEE A.R','','0000-00-00 00:00:00',NULL,NULL),
 (373,'A197','ae5c85014a94a2cb21196ed7901b013c','AYYANAR S','','0000-00-00 00:00:00',NULL,NULL),
 (374,'A198','17f63a685caf21ad02a8a35841a3db2f','DHINESH A','','0000-00-00 00:00:00',NULL,NULL),
 (375,'A199','28875064aeab81bdea7298076aad263f','DILLIRAJ G','','0000-00-00 00:00:00',NULL,NULL),
 (376,'A200','d2bdf3a66ef0c94d9ebbde2ca1cc8117','GOKULAVASAN A','','0000-00-00 00:00:00',NULL,NULL),
 (377,'A201','d746b442790cbc9fdb624a5f1412bc5f','HARISH R','','0000-00-00 00:00:00',NULL,NULL),
 (378,'A202','411090571a546748ccc69622bef77430','JANANI R','','0000-00-00 00:00:00',NULL,NULL),
 (379,'A203','442ec596706c260b38d06404e7d119d0','JAYASRIGAYATHIRI S V','','0000-00-00 00:00:00',NULL,NULL),
 (380,'A204','6e06a12016e4839d8e07d0dd32d6493e','KABILAN P','','0000-00-00 00:00:00',NULL,NULL),
 (381,'A205','9f5458cbd6fccab1f8610b4f78d88dc7','KABILAN T','','0000-00-00 00:00:00',NULL,NULL),
 (382,'A206','fbf881d08f938161be024571c08a3846','KALAIVANAN V','','0000-00-00 00:00:00',NULL,NULL),
 (383,'A207','e6658c534b0f0238463d3f58e25bc13f','KANISHKAR V','','0000-00-00 00:00:00',NULL,NULL),
 (384,'A208','55018abb02b40d8ea4a76fd7c2a39586','KARTHICK R','','0000-00-00 00:00:00',NULL,NULL),
 (385,'A209','91ae45042674df263de11e5ee753cc6b','KISHORE VARSAN U K','','0000-00-00 00:00:00',NULL,NULL),
 (386,'A210','8970acb825a0c59181ab71d53f42a8c0','MANMATHARAJA M','','0000-00-00 00:00:00',NULL,NULL),
 (387,'A211','097495c421e7eabde816eaa6f02460c2','MANOJ V','','0000-00-00 00:00:00',NULL,NULL),
 (388,'A212','d6be4f1f9166ad36bdb058f4acb4b89d','MOHAMED RASHEQ A','','0000-00-00 00:00:00',NULL,NULL),
 (389,'A213','0a319ab84a42b50a2de42e6b2527112c','NARMADHADEVI S','','0000-00-00 00:00:00',NULL,NULL),
 (390,'A214','c48daf860eaf1d242c1490940e627726','PRADEEP KUMAR R','','0000-00-00 00:00:00',NULL,NULL),
 (391,'A215','03226fbc4966cedef09e8600ce184ea7','RAMESH M','','0000-00-00 00:00:00',NULL,NULL),
 (392,'A216','d9a81a3fa12a7b6f09b6edec08d36d39','RASHIKA R','','0000-00-00 00:00:00',NULL,NULL),
 (393,'A217','1b369c97cb85fa9fb896c95501c2a06e','RETHANYA S','','0000-00-00 00:00:00',NULL,NULL),
 (394,'A218','b535ddc0e15cd223cffe486465d12e61','SANJAY M','','0000-00-00 00:00:00',NULL,NULL),
 (395,'A219','1242a585eae50098ef17b9d14b7efcf3','SARANYA S','','0000-00-00 00:00:00',NULL,NULL),
 (396,'A220','dd11b6d5d153ca1fc999a7e0298d9f72','SHAGINA V','','0000-00-00 00:00:00',NULL,NULL),
 (397,'A221','0d4b7438e1757c4afc54da155ad1c5fd','SHANMATHI R','','0000-00-00 00:00:00',NULL,NULL),
 (398,'A222','7fbaa02f1d1daa6e12f162e2e8e38d1a','SHOBIKA T','','0000-00-00 00:00:00',NULL,NULL),
 (399,'A223','c14ae91a175a75eaa19944647938a42d','SHUNGEETHAA G','','0000-00-00 00:00:00',NULL,NULL),
 (400,'A224','a023ecc0c20cd9c3873a5caf0642b6bd','SIFANAA PARVEEN M','','0000-00-00 00:00:00',NULL,NULL),
 (401,'A225','a9cc11356579aab1a4006fc4a5214686','SNEGA B','','0000-00-00 00:00:00',NULL,NULL),
 (402,'A226','623fd83d8bd789b0f710cf04d69be1cc','SOBIKHA SHERIN S','','0000-00-00 00:00:00',NULL,NULL),
 (403,'A227','48a3554d84d2d5954496132705fa874f','SOWMYA R','','0000-00-00 00:00:00',NULL,NULL),
 (404,'A228','8862ab5f153b2c4f9039fb0e48e2e111','SUBASH RAGAVENDRA G','','0000-00-00 00:00:00',NULL,NULL),
 (405,'A229','4da76e504459f8512f4dd8f462ce2a54','SUBHA SRI S','','0000-00-00 00:00:00',NULL,NULL),
 (406,'A230','2d2e56b191e5ab2a5e5601b7a2b6bfcc','SUBHASHINI R','','0000-00-00 00:00:00',NULL,NULL),
 (407,'A231','3acd4e9a1e8d27827e35e647cad18022','SUBRAMANI J','','0000-00-00 00:00:00',NULL,NULL),
 (408,'A232','56716603e1dcb31b41eeea9e7ed7adf2','SUNIL K','','0000-00-00 00:00:00',NULL,NULL),
 (409,'A233','bd403107f4b4556078d170a244813913','SURUTHI S K','','0000-00-00 00:00:00',NULL,NULL),
 (410,'A234','de806d95859ea87b024383f1a90b34a9','THARANI L','','0000-00-00 00:00:00',NULL,NULL),
 (411,'A235','fa9bee61e5dbf28668868d4a32327d7d','UMAMAHESWARI R','','0000-00-00 00:00:00',NULL,NULL),
 (412,'A236','8a9c54d91e9ae235274c27a7e744f86a','VAISHNAVI S','','0000-00-00 00:00:00',NULL,NULL),
 (413,'A237','b9ffe41db1031955da164be08e320295','VASANTHAKUMAR G','','0000-00-00 00:00:00',NULL,NULL),
 (414,'A238','d4fd9d0353b0fe191674f3a27be4305d','VIMALNATH P','','0000-00-00 00:00:00',NULL,NULL),
 (415,'A239','cd5701fc8dcf85b60fc1ed0c20645c4d','YUVAN KUMAR A','','0000-00-00 00:00:00',NULL,NULL),
 (416,'A240','99ef4ca3ceb4090049b45a568ee8fe6c','DHANUSH S','','0000-00-00 00:00:00',NULL,NULL),
 (417,'A241','1d90f812617279050eb78c0d313702b6','KAVISHKAR V','','0000-00-00 00:00:00',NULL,NULL),
 (418,'A242','15a40e7f71b02ace834c9c8d5384d8f1','RUTCHAGAN G','','0000-00-00 00:00:00',NULL,NULL),
 (419,'A243','a9165c6398f6490bff9e4ba5b1748900','SATHYA M','','0000-00-00 00:00:00',NULL,NULL),
 (420,'A244','e7694b18c6b099b5f3711aa38b667197','VIGNESH S','','0000-00-00 00:00:00',NULL,NULL),
 (421,'A245','b7d3224243f395c69876ded27177aaff','ABINESH T','','0000-00-00 00:00:00',NULL,NULL),
 (422,'A246','0e7bce00b30154406f8525302397bc1b','ADHARSHMON S','','0000-00-00 00:00:00',NULL,NULL),
 (423,'A247','d5ca29dc628086d34353dff5af6d3582','AHAMED SHARFAN','','0000-00-00 00:00:00',NULL,NULL),
 (424,'A248','06b26781c1b33d8beeffe4aceb218c64','AJAY D','','0000-00-00 00:00:00',NULL,NULL),
 (425,'A249','de76548e06a264aa60d77cf93f4617bc','AJEETH S','','0000-00-00 00:00:00',NULL,NULL),
 (426,'A250','9501d65550b6996026eec6f9b214526c','ALAN CHRISTO A','','0000-00-00 00:00:00',NULL,NULL),
 (427,'A251','9bf675d6cb930c2426915561fe86d3a2','BALAHARIHARAN R.','','0000-00-00 00:00:00',NULL,NULL),
 (428,'A252','2b4920f88fc6e2fa8202bf60af21de9f','DHARANIDHARAN G','','0000-00-00 00:00:00',NULL,NULL),
 (429,'A253','ae55bde839a468681eee7dd279577925','DHARANIDHARAN V','','0000-00-00 00:00:00',NULL,NULL),
 (430,'A254','bbefc752b1887afd9d56e202c9de9989','DHIVYADHARSHAN','','0000-00-00 00:00:00',NULL,NULL),
 (431,'A255','b70526e4f07b8239b0a63ac4c7990057','DINAKARAN V','','0000-00-00 00:00:00',NULL,NULL),
 (432,'A256','cf48d88c1fcd4e6a3faa47ab9874e054','GIRIBALAN','','0000-00-00 00:00:00',NULL,NULL),
 (433,'A257','579ae9518e7aed801add6b53d1a23d48','GOKUL M','','0000-00-00 00:00:00',NULL,NULL),
 (434,'A258','2244c099c937c91ddd2bae91c15b1439','GOKULAKRISHNA K.L','','0000-00-00 00:00:00',NULL,NULL),
 (435,'A259','4428b39dddb24e2466060c3da437e1ca','HARIPRASATH K','','0000-00-00 00:00:00',NULL,NULL),
 (436,'A260','949b1701c78b51974760fefb4279b2b9','JALAKANDESHWARAN P','','0000-00-00 00:00:00',NULL,NULL),
 (437,'A261','502cabf1b0a2cc43123aa47a55a73275','JEEVANANTHAN S','','0000-00-00 00:00:00',NULL,NULL),
 (438,'A262','2a960d052fb2f83e2667986526af72f4','KARTHIKEYAN M','','0000-00-00 00:00:00',NULL,NULL),
 (439,'A263','51933d2fa3dd05c3fde4b766b8439fcf','KAVIN VISHNU S','','0000-00-00 00:00:00',NULL,NULL),
 (440,'A264','32f8e0bed082f07e023f09cd556d44a7','KIRANRAGHUL S.S','','0000-00-00 00:00:00',NULL,NULL),
 (441,'A265','2b720aca10013734090cdecb9ae6a40b','MOHAN V','','0000-00-00 00:00:00',NULL,NULL),
 (442,'A266','f2e6d122be4dc8c05e4a5af0cade9c2c','NAVEENKUMAR P','','0000-00-00 00:00:00',NULL,NULL),
 (443,'A267','0502f64e2c2cc8c09e848d241e2be38f','PRASANNA J S','','0000-00-00 00:00:00',NULL,NULL),
 (444,'A268','f229c135351607ca8c245d6470c3a001','PREETHI.M','','0000-00-00 00:00:00',NULL,NULL),
 (445,'A269','f58511b5527a9e67b64105b3c28e94cb','SABARI KUMAR M.','','0000-00-00 00:00:00',NULL,NULL),
 (446,'A270','da41d26f9b9fb4fd0be6ecb3634f8984','SANKAR R','','0000-00-00 00:00:00',NULL,NULL),
 (447,'A271','4ac1df74b31b0f802759d3998b077685','SANTHOSH E','','0000-00-00 00:00:00',NULL,NULL),
 (448,'A272','776612f1eb8d6f4dd1df4e49b526289a','SANTHOSH P','','0000-00-00 00:00:00',NULL,NULL),
 (449,'A273','86b98d5685687bc3d05e609868bcd2ce','SANTHOSHKUMAR N','','0000-00-00 00:00:00',NULL,NULL),
 (450,'A274','bb66360b72c78ea6e1d198231f61529b','SEENIVASAN S S','','0000-00-00 00:00:00',NULL,NULL),
 (451,'A275','5ac730f5a76725cd14e61c6ad0ea8e11','SELWYN JEBASINGH N','','0000-00-00 00:00:00',NULL,NULL),
 (452,'A276','4ba37e1b9739e4cce25aa0c575c8c504','SIVASUBRAMANIYAN G','','0000-00-00 00:00:00',NULL,NULL),
 (453,'A277','072122e5a6dc571d119df77fbfffcf30','SRI BHARATH K.','','0000-00-00 00:00:00',NULL,NULL),
 (454,'A278','c8241bb73fdadf6322a3b2cfa60ee0bc','SUBASH S','','0000-00-00 00:00:00',NULL,NULL),
 (455,'A279','2519bb5113603cfa5719759453b46173','SUKANTHAMURUGAN S','','0000-00-00 00:00:00',NULL,NULL),
 (456,'A280','a1ad80ab5c592b34faa8da66c9a8834b','THANGA PANDI K','','0000-00-00 00:00:00',NULL,NULL),
 (457,'A281','d3caf9fd78c281db5732317ab743165b','THIRUMAL H','','0000-00-00 00:00:00',NULL,NULL),
 (458,'A282','4713b8e69a532e5d48b921e7ec1a6334','VELMURUGAN G','','0000-00-00 00:00:00',NULL,NULL),
 (459,'A283','21e638664615c49df28994af22014d67','VIJAY D S','','0000-00-00 00:00:00',NULL,NULL),
 (460,'A284','6138f0231c29fc889c9978d33bc940fc','YOWAN BENET K','','0000-00-00 00:00:00',NULL,NULL),
 (461,'A285','87b59f0f37f29598f73cb04731ce4be7','BHARATHWAJ S K','','0000-00-00 00:00:00',NULL,NULL),
 (462,'A286','e799258c848565107a5bb90edeac1a93','DHANESH S B','','0000-00-00 00:00:00',NULL,NULL),
 (463,'A287','ba21c1a29b6d3a9fc5c4e819aba7e883','ELAVARASAN S','','0000-00-00 00:00:00',NULL,NULL),
 (464,'A288','bc1f91776bd8ebb667bd74c637e34809','KARTHICK ANANTH SUTHAN G','','0000-00-00 00:00:00',NULL,NULL),
 (465,'A289','af0eb5f2fa3308c06c82aec098d43b71','PRAVEEN M','','0000-00-00 00:00:00',NULL,NULL),
 (466,'A290','58afbe6f7545840cc93440444bfb2e47','SELVA BHARATHI S','','0000-00-00 00:00:00',NULL,NULL),
 (467,'A291','9c04462899022f56d20495846452a390','SRINIVASAN  M','','0000-00-00 00:00:00',NULL,NULL);
/*!40000 ALTER TABLE `users` ENABLE KEYS */;


--
-- Definition of table `v_imported_users`
--

DROP TABLE IF EXISTS `v_imported_users`;
CREATE TABLE `v_imported_users` (
  `UserID` int(11) DEFAULT NULL,
  `Name` varchar(250) DEFAULT NULL,
  `Surname` varchar(255) DEFAULT NULL,
  `UserName` varchar(150) DEFAULT NULL,
  `Password` varchar(150) DEFAULT NULL
) ENGINE=InnoDB DEFAULT CHARSET=latin1;

--
-- Dumping data for table `v_imported_users`
--

/*!40000 ALTER TABLE `v_imported_users` DISABLE KEYS */;
/*!40000 ALTER TABLE `v_imported_users` ENABLE KEYS */;




/*!40101 SET SQL_MODE=@OLD_SQL_MODE */;
/*!40014 SET FOREIGN_KEY_CHECKS=@OLD_FOREIGN_KEY_CHECKS */;
/*!40014 SET UNIQUE_CHECKS=@OLD_UNIQUE_CHECKS */;
/*!40101 SET CHARACTER_SET_CLIENT=@OLD_CHARACTER_SET_CLIENT */;
/*!40101 SET CHARACTER_SET_RESULTS=@OLD_CHARACTER_SET_RESULTS */;
/*!40101 SET COLLATION_CONNECTION=@OLD_COLLATION_CONNECTION */;
/*!40101 SET CHARACTER_SET_CLIENT=@OLD_CHARACTER_SET_CLIENT */;
