-- phpMyAdmin SQL Dump
-- version 5.2.1
-- https://www.phpmyadmin.net/
--
-- Host: localhost:3306
-- Generation Time: Feb 01, 2024 at 07:11 PM
-- Server version: 10.6.16-MariaDB
-- PHP Version: 8.1.27

SET SQL_MODE = "NO_AUTO_VALUE_ON_ZERO";
START TRANSACTION;
SET time_zone = "+00:00";


/*!40101 SET @OLD_CHARACTER_SET_CLIENT=@@CHARACTER_SET_CLIENT */;
/*!40101 SET @OLD_CHARACTER_SET_RESULTS=@@CHARACTER_SET_RESULTS */;
/*!40101 SET @OLD_COLLATION_CONNECTION=@@COLLATION_CONNECTION */;
/*!40101 SET NAMES utf8mb4 */;

--
-- Database: `oxygen_aptonlinetwo`
--
CREATE DATABASE IF NOT EXISTS `oxygen_aptonlinetwo` DEFAULT CHARACTER SET latin1 COLLATE latin1_swedish_ci;
USE `oxygen_aptonlinetwo`;

-- --------------------------------------------------------

--
-- Table structure for table `aa_link`
--

DROP TABLE IF EXISTS `aa_link`;
CREATE TABLE IF NOT EXISTS `aa_link` (
  `link_id` int(10) UNSIGNED NOT NULL AUTO_INCREMENT,
  `link_text` varchar(1000) NOT NULL DEFAULT ' ',
  `link_url` varchar(1000) NOT NULL DEFAULT ' ',
  `order_no` int(11) NOT NULL DEFAULT 0,
  `is_active` tinyint(1) NOT NULL DEFAULT 1,
  PRIMARY KEY (`link_id`)
) ENGINE=InnoDB DEFAULT CHARSET=latin1 COLLATE=latin1_swedish_ci;

-- --------------------------------------------------------

--
-- Table structure for table `aa_make_score`
--

DROP TABLE IF EXISTS `aa_make_score`;
CREATE TABLE IF NOT EXISTS `aa_make_score` (
  `report_id` int(10) UNSIGNED NOT NULL AUTO_INCREMENT,
  `report_name` varchar(100) NOT NULL DEFAULT ' ',
  `test_papers` varchar(2000) NOT NULL DEFAULT ' ',
  `field_list` varchar(1000) NOT NULL DEFAULT ' ',
  `field_caption` varchar(1000) NOT NULL DEFAULT ' ',
  `user_list` varchar(8000) NOT NULL,
  `is_active` tinyint(1) NOT NULL DEFAULT 1,
  PRIMARY KEY (`report_id`)
) ENGINE=InnoDB AUTO_INCREMENT=16 DEFAULT CHARSET=latin1 COLLATE=latin1_swedish_ci;

--
-- Dumping data for table `aa_make_score`
--

INSERT INTO `aa_make_score` (`report_id`, `report_name`, `test_papers`, `field_list`, `field_caption`, `user_list`, `is_active`) VALUES
(15, 'Assessment Test #001', 'Assessment Test #001', 'sno, fullname, answered_1, score_1, attendance_1, TestStartedAt_1, TimeSpent_1, username', 'S. No., Name of Student, Qns Answered (Out of ~qn_count~), Score (Out of ~qn_count~), Attendance, Test Started At, Time Spent (Max ~time_limit~ mins), Login User ID', '*', 1);

-- --------------------------------------------------------

--
-- Table structure for table `aa_mkrpt_field`
--

DROP TABLE IF EXISTS `aa_mkrpt_field`;
CREATE TABLE IF NOT EXISTS `aa_mkrpt_field` (
  `field_id` int(10) UNSIGNED NOT NULL AUTO_INCREMENT,
  `field_name` varchar(250) NOT NULL DEFAULT ' ',
  `field_list` varchar(1000) NOT NULL DEFAULT ' ',
  `field_caption` varchar(1000) NOT NULL DEFAULT ' ',
  `is_active` tinyint(1) NOT NULL DEFAULT 1,
  PRIMARY KEY (`field_id`)
) ENGINE=InnoDB AUTO_INCREMENT=11 DEFAULT CHARSET=latin1 COLLATE=latin1_swedish_ci;

--
-- Dumping data for table `aa_mkrpt_field`
--

INSERT INTO `aa_mkrpt_field` (`field_id`, `field_name`, `field_list`, `field_caption`, `is_active`) VALUES
(1, 'Single Test Paper - Login ID at Last', 'sno, fullname, answered_1, score_1, attendance_1, username', 'S. No., Name of Student, Qns Answered (Out of ~qn_count~), Score (Out of ~qn_count~), Attendance, Login User ID', 0),
(2, 'Single Test Paper - Test Started At(OFF), Time Spent, Login ID Bef Name', 'sno, username, fullname, answered_1, score_1, attendance_1, TimeSpent_1', 'S. No., Login ID, Name of Student, Qns Answered (Out of ~qn_count~), Score (Out of ~qn_count~), Attendance, Time Spent (Max ~time_limit~ mins)', 0),
(3, 'Two Test Paper - Test Started At, Time Spent, Login ID at Last', 'sno, fullname, answered_1, score_1, attendance_1, TestStartedAt_1, TimeSpent_1, answered_2, score_2, attendance_2, TestStartedAt_2, TimeSpent_2, username', 'S. No., Name of Student, Qns Answered (Out of ~qn_count~), Score (Out of ~qn_count~), Attendance, Test Started At, Time Spent (Max ~time_limit~ mins), Qns Answered (Out of ~qn_count~), Score (Out of ~qn_count~), Attendance, Test Started At, Time Spent (Max ~time_limit~ mins), Login User ID', 0),
(4, 'Three Test Paper - Test Started At(OFF), Time Spent, Login ID at Last', 'sno, username, fullname, answered_1, score_1, attendance_1, TimeSpent_1, answered_2, score_2, attendance_2, TimeSpent_2, answered_3, score_3, attendance_3, TimeSpent_3', 'S. No., Login ID, Name of Student, Qns Answered (Out of ~qn_count~), Score (Out of ~qn_count~), Attendance, Time Spent (Max ~time_limit~ mins), Qns Answered (Out of ~qn_count~), Score (Out of ~qn_count~), Attendance, Time Spent (Max ~time_limit~ mins), Qns Answered (Out of ~qn_count~), Score (Out of ~qn_count~), Attendance, Time Spent (Max ~time_limit~ mins)', 0),
(5, 'Seven Test Paper - Scores Only, Login ID at Last', 'sno, fullname, score_1, score_2, score_3, score_4, score_5, score_6, score_7, username', 'S. No., Name of Student, Score (Out of ~qn_count~), Score (Out of ~qn_count~), Score (Out of ~qn_count~), Score (Out of ~qn_count~), Score (Out of ~qn_count~), Score (Out of ~qn_count~), Score (Out of ~qn_count~), Login User ID', 0),
(6, 'Four Test Paper - Test Started At, Time Spent, Login ID Bef Name', 'sno, fullname, answered_1, score_1, attendance_1, TestStartedAt_1, TimeSpent_1, answered_2, score_2, attendance_2, TestStartedAt_2, TimeSpent_2, answered_3, score_3, attendance_3, TestStartedAt_3, TimeSpent_3, answered_4, score_4, attendance_4, TestStartedAt_4, TimeSpent_4, username', 'S. No., Name of Student, Qns Answered (Out of ~qn_count~), Score (Out of ~qn_count~), Attendance, Test Started At, Time Spent (Max ~time_limit~ mins), Qns Answered (Out of ~qn_count~), Score (Out of ~qn_count~), Attendance, Test Started At, Time Spent (Max ~time_limit~ mins), Qns Answered (Out of ~qn_count~), Score (Out of ~qn_count~), Attendance, Test Started At, Time Spent (Max ~time_limit~ mins), Qns Answered (Out of ~qn_count~), Score (Out of ~qn_count~), Attendance, Test Started At, Time Spent (Max ~time_limit~ mins), Login User ID', 0),
(7, 'Analysis - Three Test Paper - (+Remark) Test Started At, Time Spent, Login ID Bef Name', 'sno, username, fullname, answered_1, score_1, attendance_1, TimeSpent_1, TimePer_1, ScorePer_1, Remark_1, answered_2, score_2, attendance_2, TimeSpent_2, TimePer_1, ScorePer_1, Remark_2, answered_3, score_3, attendance_3, TimeSpent_3, TimePer_1, ScorePer_1, Remark_3', 'S. No., Login ID, Name of Student, Qns Answered (Out of ~qn_count~), Score (Out of ~qn_count~), Attendance, Time Spent (Max ~time_limit~ mins), Time %(Max 100%), Score %(Max 100%), Remark, Qns Answered (Out of ~qn_count~), Score (Out of ~qn_count~), Attendance, Time Spent (Max ~time_limit~ mins), Time %(Max 100%), Score %(Max 100%), Remark, Qns Answered (Out of ~qn_count~), Score (Out of ~qn_count~), Attendance, Time Spent (Max ~time_limit~ mins),Time %(Max 100%), Score %(Max 100%), Remark', 0),
(8, 'Analysis + Rule - Three Test Paper - (+Rule For Remark +Remark) Test Started At, Time Spent, Login ID Bef Name', 'sno, username, fullname, answered_1, score_1, attendance_1, TimeSpent_1, TimePer_1, ScorePer_1, RuleRemark_1, Remark_1, answered_2, score_2, attendance_2, TimeSpent_2, TimePer_2, ScorePer_2, RuleRemark_2, Remark_2, answered_3, score_3, attendance_3, TimeSpent_3, TimePer_3, ScorePer_3, RuleRemark_3, Remark_3', 'S. No., Login ID, Name of Student, Qns Answered (Out of ~qn_count~), Score (Out of ~qn_count~), Attendance, Time Spent (Max ~time_limit~ mins), Time %(Max 100%), Score %(Max 100%), Rule For Remark, Remark, Qns Answered (Out of ~qn_count~), Score (Out of ~qn_count~), Attendance, Time Spent (Max ~time_limit~ mins), Time %(Max 100%), Score %(Max 100%), Rule For Remark, Remark, Qns Answered (Out of ~qn_count~), Score (Out of ~qn_count~), Attendance, Time Spent (Max ~time_limit~ mins),Time %(Max 100%), Score %(Max 100%), Rule For Remark, Remark', 0),
(9, 'Analysis + Rule - One Test Paper - (+Rule For Remark +Remark) Test Started At, Time Spent, Login ID Bef Name', 'sno, username, fullname, answered_1, score_1, attendance_1, TimeSpent_1, TimePer_1, ScorePer_1, RuleRemark_1, Remark_1', 'S. No., Login ID, Name of Student, Qns Answered (Out of ~qn_count~), Score (Out of ~qn_count~), Attendance, Time Spent (Max ~time_limit~ mins), Time %(Max 100%), Score %(Max 100%), Rules For Remark, Remarks', 1),
(10, 'Analysis + Rule - Four Test Paper - (+Rule For Remark +Remark) Test Started At, Time Spent, Login ID Bef Name', 'sno, username, fullname, answered_1, score_1, attendance_1, TimeSpent_1, TimePer_1, ScorePer_1, RuleRemark_1, Remark_1, answered_2, score_2, attendance_2, TimeSpent_2, TimePer_2, ScorePer_2, RuleRemark_2, Remark_2, answered_3, score_3, attendance_3, TimeSpent_3, TimePer_3, ScorePer_3, RuleRemark_3, Remark_3, answered_4, score_4, attendance_4, TimeSpent_4, TimePer_4, ScorePer_4, RuleRemark_4, Remark_4', 'S. No., Login ID, Name of Student, Qns Answered (Out of ~qn_count~), Score (Out of ~qn_count~), Attendance, Time Spent (Max ~time_limit~ mins), Time %(Max 100%), Score %(Max 100%), Rule For Remark, Remark, Qns Answered (Out of ~qn_count~), Score (Out of ~qn_count~), Attendance, Time Spent (Max ~time_limit~ mins), Time %(Max 100%), Score %(Max 100%), Rule For Remark, Remark, Qns Answered (Out of ~qn_count~), Score (Out of ~qn_count~), Attendance, Time Spent (Max ~time_limit~ mins),Time %(Max 100%), Score %(Max 100%), Rule For Remark, Remark, Qns Answered (Out of ~qn_count~), Score (Out of ~qn_count~), Attendance, Time Spent (Max ~time_limit~ mins),Time %(Max 100%), Score %(Max 100%), Rule For Remark, Remark', 0);

-- --------------------------------------------------------

--
-- Table structure for table `aa_mkrpt_usrgroup`
--

DROP TABLE IF EXISTS `aa_mkrpt_usrgroup`;
CREATE TABLE IF NOT EXISTS `aa_mkrpt_usrgroup` (
  `group_id` int(10) UNSIGNED NOT NULL AUTO_INCREMENT,
  `group_name` varchar(250) NOT NULL DEFAULT ' ',
  `user_list` varchar(8000) NOT NULL,
  `is_active` tinyint(1) NOT NULL DEFAULT 1,
  PRIMARY KEY (`group_id`)
) ENGINE=InnoDB AUTO_INCREMENT=12 DEFAULT CHARSET=latin1 COLLATE=latin1_swedish_ci;

--
-- Dumping data for table `aa_mkrpt_usrgroup`
--

INSERT INTO `aa_mkrpt_usrgroup` (`group_id`, `group_name`, `user_list`, `is_active`) VALUES
(2, 'Ultra', '*', 0),
(11, 'Ultra', '*', 1);

-- --------------------------------------------------------

--
-- Table structure for table `answers`
--

DROP TABLE IF EXISTS `answers`;
CREATE TABLE IF NOT EXISTS `answers` (
  `id` int(11) NOT NULL AUTO_INCREMENT,
  `group_id` int(11) NOT NULL,
  `answer_text` varchar(800) CHARACTER SET utf8mb3 COLLATE utf8mb3_general_ci DEFAULT NULL,
  `answer_image` varchar(450) CHARACTER SET utf8mb3 COLLATE utf8mb3_general_ci DEFAULT NULL,
  `correct_answer` int(11) NOT NULL,
  `priority` int(11) DEFAULT NULL,
  `correct_answer_text` varchar(800) CHARACTER SET utf8mb3 COLLATE utf8mb3_general_ci DEFAULT NULL,
  `answer_pos` int(11) NOT NULL DEFAULT 0,
  `parent_id` int(11) NOT NULL,
  `answer_text_eng` varchar(800) CHARACTER SET utf8mb3 COLLATE utf8mb3_general_ci DEFAULT NULL,
  `control_type` int(11) DEFAULT NULL,
  `answer_parent_id` int(11) DEFAULT NULL,
  `text_unit` char(10) CHARACTER SET utf8mb3 COLLATE utf8mb3_general_ci NOT NULL,
  PRIMARY KEY (`id`),
  KEY `group_id` (`group_id`)
) ENGINE=InnoDB AUTO_INCREMENT=202 DEFAULT CHARSET=latin1 COLLATE=latin1_swedish_ci;

--
-- Dumping data for table `answers`
--

INSERT INTO `answers` (`id`, `group_id`, `answer_text`, `answer_image`, `correct_answer`, `priority`, `correct_answer_text`, `answer_pos`, `parent_id`, `answer_text_eng`, `control_type`, `answer_parent_id`, `text_unit`) VALUES
(1, 1, 'A', NULL, 0, 0, '', 0, 0, NULL, 1, 0, ''),
(2, 1, 'B', NULL, 0, 0, '', 0, 0, NULL, 1, 0, ''),
(3, 1, 'D', NULL, 0, 0, '', 0, 0, NULL, 1, 0, ''),
(4, 1, 'E', NULL, 1, 0, '', 0, 0, NULL, 1, 0, ''),
(5, 2, 'a', NULL, 1, 0, '', 0, 0, NULL, 1, 0, ''),
(6, 2, 'b', NULL, 0, 0, '', 0, 0, NULL, 1, 0, ''),
(7, 2, 'c', NULL, 0, 0, '', 0, 0, NULL, 1, 0, ''),
(8, 2, 'd', NULL, 0, 0, '', 0, 0, NULL, 1, 0, ''),
(9, 3, 'a', NULL, 0, 0, '', 0, 0, NULL, 1, 0, ''),
(10, 3, 'b', NULL, 1, 0, '', 0, 0, NULL, 1, 0, ''),
(11, 3, 'c', NULL, 0, 0, '', 0, 0, NULL, 1, 0, ''),
(12, 3, 'd', NULL, 0, 0, '', 0, 0, NULL, 1, 0, ''),
(13, 4, 'a', NULL, 0, 0, '', 0, 0, NULL, 1, 0, ''),
(14, 4, 'b', NULL, 0, 0, '', 0, 0, NULL, 1, 0, ''),
(15, 4, 'c', NULL, 0, 0, '', 0, 0, NULL, 1, 0, ''),
(16, 4, 'd', NULL, 1, 0, '', 0, 0, NULL, 1, 0, ''),
(17, 5, 'a', NULL, 0, 0, '', 0, 0, NULL, 1, 0, ''),
(18, 5, 'b', NULL, 0, 0, '', 0, 0, NULL, 1, 0, ''),
(19, 5, 'c', NULL, 1, 0, '', 0, 0, NULL, 1, 0, ''),
(20, 5, 'd', NULL, 0, 0, '', 0, 0, NULL, 1, 0, ''),
(21, 6, 'a', NULL, 0, 0, '', 0, 0, NULL, 1, 0, ''),
(22, 6, 'b', NULL, 1, 0, '', 0, 0, NULL, 1, 0, ''),
(23, 6, 'c', NULL, 0, 0, '', 0, 0, NULL, 1, 0, ''),
(24, 6, 'd', NULL, 0, 0, '', 0, 0, NULL, 1, 0, ''),
(25, 7, 'a', NULL, 0, 0, '', 0, 0, NULL, 1, 0, ''),
(26, 7, 'c', NULL, 0, 0, '', 0, 0, NULL, 1, 0, ''),
(27, 7, 'd', NULL, 0, 0, '', 0, 0, NULL, 1, 0, ''),
(28, 7, 'e', NULL, 1, 0, '', 0, 0, NULL, 1, 0, ''),
(29, 8, 'a', NULL, 0, 0, '', 0, 0, NULL, 1, 0, ''),
(30, 8, 'b', NULL, 0, 0, '', 0, 0, NULL, 1, 0, ''),
(31, 8, 'c', NULL, 1, 0, '', 0, 0, NULL, 1, 0, ''),
(32, 8, 'd', NULL, 0, 0, '', 0, 0, NULL, 1, 0, ''),
(33, 9, 'a', NULL, 0, 0, '', 0, 0, NULL, 1, 0, ''),
(34, 9, 'b', NULL, 1, 0, '', 0, 0, NULL, 1, 0, ''),
(35, 9, 'c', NULL, 0, 0, '', 0, 0, NULL, 1, 0, ''),
(36, 9, 'd', NULL, 0, 0, '', 0, 0, NULL, 1, 0, ''),
(37, 10, 'a', NULL, 1, 0, '', 0, 0, NULL, 1, 0, ''),
(38, 10, 'b', NULL, 0, 0, '', 0, 0, NULL, 1, 0, ''),
(39, 10, 'c', NULL, 0, 0, '', 0, 0, NULL, 1, 0, ''),
(40, 10, 'd', NULL, 0, 0, '', 0, 0, NULL, 1, 0, ''),
(41, 10, 'e', NULL, 0, 0, '', 0, 0, NULL, 1, 0, ''),
(42, 11, 'sat', NULL, 0, 0, '', 0, 0, NULL, 1, 0, ''),
(43, 11, 'crossed', NULL, 0, 0, '', 0, 0, NULL, 1, 0, ''),
(44, 11, 'leaned', NULL, 0, 0, '', 0, 0, NULL, 1, 0, ''),
(45, 11, 'lay', NULL, 1, 0, '', 0, 0, NULL, 1, 0, ''),
(46, 12, 'into', NULL, 0, 0, '', 0, 0, NULL, 1, 0, ''),
(47, 12, 'down', NULL, 1, 0, '', 0, 0, NULL, 1, 0, ''),
(48, 12, 'at', NULL, 0, 0, '', 0, 0, NULL, 1, 0, ''),
(49, 12, 'for', NULL, 0, 0, '', 0, 0, NULL, 1, 0, ''),
(50, 13, 'number', NULL, 1, 0, '', 0, 0, NULL, 1, 0, ''),
(51, 13, 'family', NULL, 0, 0, '', 0, 0, NULL, 1, 0, ''),
(52, 13, 'volume', NULL, 0, 0, '', 0, 0, NULL, 1, 0, ''),
(53, 13, 'semblance', NULL, 0, 0, '', 0, 0, NULL, 1, 0, ''),
(54, 14, 'an', NULL, 0, 0, '', 0, 0, NULL, 1, 0, ''),
(55, 14, 'a', NULL, 1, 0, '', 0, 0, NULL, 1, 0, ''),
(56, 14, 'one', NULL, 0, 0, '', 0, 0, NULL, 1, 0, ''),
(57, 14, 'single', NULL, 0, 0, '', 0, 0, NULL, 1, 0, ''),
(58, 15, 'bank', NULL, 0, 0, '', 0, 0, NULL, 1, 0, ''),
(59, 15, 'peak', NULL, 0, 0, '', 0, 0, NULL, 1, 0, ''),
(60, 15, 'pile', NULL, 1, 0, '', 0, 0, NULL, 1, 0, ''),
(61, 15, 'pit', NULL, 0, 0, '', 0, 0, NULL, 1, 0, ''),
(62, 16, 'form', NULL, 0, 0, '', 0, 0, NULL, 1, 0, ''),
(63, 16, 'kind', NULL, 0, 0, '', 0, 0, NULL, 1, 0, ''),
(64, 16, 'glory', NULL, 0, 0, '', 0, 0, NULL, 1, 0, ''),
(65, 16, 'number', NULL, 1, 0, '', 0, 0, NULL, 1, 0, ''),
(66, 17, 'limited', NULL, 0, 0, '', 0, 0, NULL, 1, 0, ''),
(67, 17, 'shrunk', NULL, 1, 0, '', 0, 0, NULL, 1, 0, ''),
(68, 17, 'abolished', NULL, 0, 0, '', 0, 0, NULL, 1, 0, ''),
(69, 17, 'eliminated', NULL, 0, 0, '', 0, 0, NULL, 1, 0, ''),
(70, 18, 'prevention', NULL, 0, 0, '', 0, 0, NULL, 1, 0, ''),
(71, 18, 'encroaching', NULL, 0, 0, '', 0, 0, NULL, 1, 0, ''),
(72, 18, 'shift', NULL, 1, 0, '', 0, 0, NULL, 1, 0, ''),
(73, 18, 'condition', NULL, 0, 0, '', 0, 0, NULL, 1, 0, ''),
(74, 19, 'deployed', NULL, 1, 0, '', 0, 0, NULL, 1, 0, ''),
(75, 19, 'brought', NULL, 0, 0, '', 0, 0, NULL, 1, 0, ''),
(76, 19, 'swept', NULL, 0, 0, '', 0, 0, NULL, 1, 0, ''),
(77, 19, 'set', NULL, 0, 0, '', 0, 0, NULL, 1, 0, ''),
(78, 20, 'agreement', NULL, 0, 0, '', 0, 0, NULL, 1, 0, ''),
(79, 20, 'contract', NULL, 0, 0, '', 0, 0, NULL, 1, 0, ''),
(80, 20, 'ban', NULL, 1, 0, '', 0, 0, NULL, 1, 0, ''),
(81, 20, 'link', NULL, 0, 0, '', 0, 0, NULL, 1, 0, ''),
(82, 21, 'PSQR', NULL, 0, 0, '', 0, 0, NULL, 1, 0, ''),
(83, 21, 'PSRQ', NULL, 1, 0, '', 0, 0, NULL, 1, 0, ''),
(84, 21, 'SPQR', NULL, 0, 0, '', 0, 0, NULL, 1, 0, ''),
(85, 21, 'SPRQ', NULL, 0, 0, '', 0, 0, NULL, 1, 0, ''),
(86, 22, 'PRSQ', NULL, 0, 0, '', 0, 0, NULL, 1, 0, ''),
(87, 22, 'QPSR', NULL, 0, 0, '', 0, 0, NULL, 1, 0, ''),
(88, 22, 'RPSQ', NULL, 1, 0, '', 0, 0, NULL, 1, 0, ''),
(89, 22, 'SRPQ', NULL, 0, 0, '', 0, 0, NULL, 1, 0, ''),
(90, 23, 'PQRS', NULL, 0, 0, '', 0, 0, NULL, 1, 0, ''),
(91, 23, 'QPSR', NULL, 0, 0, '', 0, 0, NULL, 1, 0, ''),
(92, 23, 'RPSQ', NULL, 0, 0, '', 0, 0, NULL, 1, 0, ''),
(93, 23, 'SQRP', NULL, 1, 0, '', 0, 0, NULL, 1, 0, ''),
(94, 24, 'PRSQ', NULL, 0, 0, '', 0, 0, NULL, 1, 0, ''),
(95, 24, 'QSPR', NULL, 0, 0, '', 0, 0, NULL, 1, 0, ''),
(96, 24, 'RQSP', NULL, 0, 0, '', 0, 0, NULL, 1, 0, ''),
(97, 24, 'SQPR', NULL, 1, 0, '', 0, 0, NULL, 1, 0, ''),
(98, 25, 'PRSQ', NULL, 0, 0, '', 0, 0, NULL, 1, 0, ''),
(99, 25, 'RQPS', NULL, 1, 0, '', 0, 0, NULL, 1, 0, ''),
(100, 25, 'RQPS', NULL, 0, 0, '', 0, 0, NULL, 1, 0, ''),
(101, 25, 'PSRQ', NULL, 0, 0, '', 0, 0, NULL, 1, 0, ''),
(102, 26, 'RPSQ', NULL, 1, 0, '', 0, 0, NULL, 1, 0, ''),
(103, 26, 'QSPR', NULL, 0, 0, '', 0, 0, NULL, 1, 0, ''),
(104, 26, 'QSRP', NULL, 0, 0, '', 0, 0, NULL, 1, 0, ''),
(105, 26, 'RSQP', NULL, 0, 0, '', 0, 0, NULL, 1, 0, ''),
(106, 27, 'PQRS', NULL, 0, 0, '', 0, 0, NULL, 1, 0, ''),
(107, 27, 'RQPS', NULL, 0, 0, '', 0, 0, NULL, 1, 0, ''),
(108, 27, 'QPSR', NULL, 1, 0, '', 0, 0, NULL, 1, 0, ''),
(109, 27, 'RSPQ', NULL, 0, 0, '', 0, 0, NULL, 1, 0, ''),
(110, 28, 'QPRS', NULL, 1, 0, '', 0, 0, NULL, 1, 0, ''),
(111, 28, 'QPSR', NULL, 0, 0, '', 0, 0, NULL, 1, 0, ''),
(112, 28, 'RQPS', NULL, 0, 0, '', 0, 0, NULL, 1, 0, ''),
(113, 28, 'SRPQ', NULL, 0, 0, '', 0, 0, NULL, 1, 0, ''),
(114, 29, 'PRSQ', NULL, 0, 0, '', 0, 0, NULL, 1, 0, ''),
(115, 29, 'QRSP', NULL, 1, 0, '', 0, 0, NULL, 1, 0, ''),
(116, 29, 'RSPQ', NULL, 0, 0, '', 0, 0, NULL, 1, 0, ''),
(117, 29, 'RSPQ', NULL, 0, 0, '', 0, 0, NULL, 1, 0, ''),
(118, 30, 'PQRS', NULL, 0, 0, '', 0, 0, NULL, 1, 0, ''),
(119, 30, 'QSPR', NULL, 0, 0, '', 0, 0, NULL, 1, 0, ''),
(120, 30, 'PRSQ', NULL, 0, 0, '', 0, 0, NULL, 1, 0, ''),
(121, 30, 'RQPS', NULL, 1, 0, '', 0, 0, NULL, 1, 0, ''),
(122, 31, 'there is a great number of books available to us', NULL, 1, 0, '', 0, 0, NULL, 1, 0, ''),
(123, 31, 'there is scarcity of books', NULL, 0, 0, '', 0, 0, NULL, 1, 0, ''),
(124, 31, 'there are only bad books in the market', NULL, 0, 0, '', 0, 0, NULL, 1, 0, ''),
(125, 31, 'none of the above', NULL, 0, 0, '', 0, 0, NULL, 1, 0, ''),
(126, 32, 'cost high price', NULL, 0, 0, '', 0, 0, NULL, 1, 0, ''),
(127, 32, 'come in paperback', NULL, 0, 0, '', 0, 0, NULL, 1, 0, ''),
(128, 32, 'corrupt our lives by suggesting evils', NULL, 1, 0, '', 0, 0, NULL, 1, 0, ''),
(129, 32, 'come in more than one volume', NULL, 0, 0, '', 0, 0, NULL, 1, 0, ''),
(130, 33, 'great books', NULL, 0, 0, '', 0, 0, NULL, 1, 0, ''),
(131, 33, 'rare books', NULL, 0, 0, '', 0, 0, NULL, 1, 0, ''),
(132, 33, 'biographies', NULL, 0, 0, '', 0, 0, NULL, 1, 0, ''),
(133, 33, 'classics', NULL, 1, 0, '', 0, 0, NULL, 1, 0, ''),
(134, 34, 'They affect our mind in a good way', NULL, 0, 0, '', 0, 0, NULL, 1, 0, ''),
(135, 34, 'They teach us something great and also entertain us', NULL, 0, 0, '', 0, 0, NULL, 1, 0, ''),
(136, 34, 'They help us in our spiritual growth', NULL, 0, 0, '', 0, 0, NULL, 1, 0, ''),
(137, 34, 'All the above', NULL, 1, 0, '', 0, 0, NULL, 1, 0, ''),
(138, 35, 'Spiritual enjoyment', NULL, 0, 0, '', 0, 0, NULL, 1, 0, ''),
(139, 35, 'Ennobling influence', NULL, 1, 0, '', 0, 0, NULL, 1, 0, ''),
(140, 35, 'high ideals', NULL, 0, 0, '', 0, 0, NULL, 1, 0, ''),
(141, 35, 'Very careful', NULL, 0, 0, '', 0, 0, NULL, 1, 0, ''),
(142, 36, 'Working force of a country', NULL, 0, 0, '', 0, 0, NULL, 1, 0, ''),
(143, 36, 'Technology developed in a country', NULL, 0, 0, '', 0, 0, NULL, 1, 0, ''),
(144, 36, 'Climatic conditions in a country', NULL, 0, 0, '', 0, 0, NULL, 1, 0, ''),
(145, 36, 'Raw materials available in a country', NULL, 1, 0, '', 0, 0, NULL, 1, 0, ''),
(146, 37, 'do not create jobs', NULL, 0, 0, '', 0, 0, NULL, 1, 0, ''),
(147, 37, 'pay minimum wages and exploit natural resources', NULL, 1, 0, '', 0, 0, NULL, 1, 0, ''),
(148, 37, 'do not bring in new technology', NULL, 0, 0, '', 0, 0, NULL, 1, 0, ''),
(149, 37, 'make huge profits', NULL, 0, 0, '', 0, 0, NULL, 1, 0, ''),
(150, 38, 'are a boon to the third world countries', NULL, 0, 0, '', 0, 0, NULL, 1, 0, ''),
(151, 38, 'become prosperous at the expense of poor countries', NULL, 1, 0, '', 0, 0, NULL, 1, 0, ''),
(152, 38, 'facilitate the economic growth of poor nations', NULL, 0, 0, '', 0, 0, NULL, 1, 0, ''),
(153, 38, 'bring technological innovations to poor countries', NULL, 0, 0, '', 0, 0, NULL, 1, 0, ''),
(154, 39, 'make huge profits', NULL, 0, 0, '', 0, 0, NULL, 1, 0, ''),
(155, 39, 'operate in at least six countries', NULL, 0, 0, '', 0, 0, NULL, 1, 0, ''),
(156, 39, 'exploit their employees in the third world', NULL, 0, 0, '', 0, 0, NULL, 1, 0, ''),
(157, 39, 'All of these', NULL, 1, 0, '', 0, 0, NULL, 1, 0, ''),
(158, 40, 'Introduction of new gadgets', NULL, 0, 0, '', 0, 0, NULL, 1, 0, ''),
(159, 40, 'Creation of more jobs', NULL, 0, 0, '', 0, 0, NULL, 1, 0, ''),
(160, 40, 'Transfer of technical know-how', NULL, 1, 0, '', 0, 0, NULL, 1, 0, ''),
(161, 40, 'Development of scientific knowledge', NULL, 0, 0, '', 0, 0, NULL, 1, 0, ''),
(162, 41, 'used paper, tiffin, packings, plastic bags and fallen leaves from trees', NULL, 1, 0, '', 0, 0, NULL, 1, 0, ''),
(163, 41, 'leftovers of food', NULL, 0, 0, '', 0, 0, NULL, 1, 0, ''),
(164, 41, 'fallen branches from trees', NULL, 0, 0, '', 0, 0, NULL, 1, 0, ''),
(165, 41, 'building materials', NULL, 0, 0, '', 0, 0, NULL, 1, 0, ''),
(166, 42, 'spreading foul smell', NULL, 0, 0, '', 0, 0, NULL, 1, 0, ''),
(167, 42, 'slowing our vehicles on the road', NULL, 0, 0, '', 0, 0, NULL, 1, 0, ''),
(168, 42, 'spreading several diseases', NULL, 1, 0, '', 0, 0, NULL, 1, 0, ''),
(169, 42, 'all the above', NULL, 0, 0, '', 0, 0, NULL, 1, 0, ''),
(170, 43, 'It is thrown away', NULL, 0, 0, '', 0, 0, NULL, 1, 0, ''),
(171, 43, 'It is recycled for reuse', NULL, 1, 0, '', 0, 0, NULL, 1, 0, ''),
(172, 43, 'It is sold to the rag pickers', NULL, 0, 0, '', 0, 0, NULL, 1, 0, ''),
(173, 43, 'It is dumped into the ground', NULL, 0, 0, '', 0, 0, NULL, 1, 0, ''),
(174, 44, 'solve the problem of fuel wood in village households', NULL, 0, 0, '', 0, 0, NULL, 1, 0, ''),
(175, 44, 'enrich water quality', NULL, 1, 0, '', 0, 0, NULL, 1, 0, ''),
(176, 44, 'enrich soil fertility', NULL, 0, 0, '', 0, 0, NULL, 1, 0, ''),
(177, 44, 'beautify landscape', NULL, 0, 0, '', 0, 0, NULL, 1, 0, ''),
(178, 45, 'The refuge is placed with layers of soil with an occasional sprinkling of water', NULL, 0, 0, '', 0, 0, NULL, 1, 0, ''),
(179, 45, 'It contributes to the manufacture of useful fertilizer', NULL, 0, 0, '', 0, 0, NULL, 1, 0, ''),
(180, 45, 'It prevents pollution', NULL, 0, 0, '', 0, 0, NULL, 1, 0, ''),
(181, 45, 'All the above', NULL, 1, 0, '', 0, 0, NULL, 1, 0, ''),
(182, 46, 'Stems', NULL, 0, 0, '', 0, 0, NULL, 1, 0, ''),
(183, 46, 'Tubes', NULL, 1, 0, '', 0, 0, NULL, 1, 0, ''),
(184, 46, 'Pillars', NULL, 0, 0, '', 0, 0, NULL, 1, 0, ''),
(185, 46, 'Needles', NULL, 0, 0, '', 0, 0, NULL, 1, 0, ''),
(186, 47, 'Like balls', NULL, 0, 0, '', 0, 0, NULL, 1, 0, ''),
(187, 47, 'Like tubes', NULL, 0, 0, '', 0, 0, NULL, 1, 0, ''),
(188, 47, 'Like wheels', NULL, 0, 0, '', 0, 0, NULL, 1, 0, ''),
(189, 47, 'All of the above', NULL, 1, 0, '', 0, 0, NULL, 1, 0, ''),
(190, 48, 'North and South America', NULL, 1, 0, '', 0, 0, NULL, 1, 0, ''),
(191, 48, 'Southern Europe', NULL, 0, 0, '', 0, 0, NULL, 1, 0, ''),
(192, 48, 'Antarctica', NULL, 0, 0, '', 0, 0, NULL, 1, 0, ''),
(193, 48, 'Asia', NULL, 0, 0, '', 0, 0, NULL, 1, 0, ''),
(194, 49, 'Growing Small Leaves', NULL, 1, 0, '', 0, 0, NULL, 1, 0, ''),
(195, 49, 'Growing Small Stems', NULL, 0, 0, '', 0, 0, NULL, 1, 0, ''),
(196, 49, 'Growing Large Leaves', NULL, 0, 0, '', 0, 0, NULL, 1, 0, ''),
(197, 49, 'Growing Deep Roots', NULL, 0, 0, '', 0, 0, NULL, 1, 0, ''),
(198, 50, 'their flowers fall of', NULL, 0, 0, '', 0, 0, NULL, 1, 0, ''),
(199, 50, 'their flowers come out', NULL, 0, 0, '', 0, 0, NULL, 1, 0, ''),
(200, 50, 'they are eaten by insects', NULL, 0, 0, '', 0, 0, NULL, 1, 0, ''),
(201, 50, 'they are eaten by small animals', NULL, 1, 0, '', 0, 0, NULL, 1, 0, '');

-- --------------------------------------------------------

--
-- Table structure for table `apt_tp_rule`
--

DROP TABLE IF EXISTS `apt_tp_rule`;
CREATE TABLE IF NOT EXISTS `apt_tp_rule` (
  `tp_id` bigint(20) UNSIGNED NOT NULL,
  `rule` varchar(4000) NOT NULL DEFAULT '',
  PRIMARY KEY (`tp_id`)
) ENGINE=InnoDB DEFAULT CHARSET=latin1 COLLATE=latin1_swedish_ci;

--
-- Dumping data for table `apt_tp_rule`
--

INSERT INTO `apt_tp_rule` (`tp_id`, `rule`) VALUES
(1, ''),
(2, ''),
(3, ''),
(4, ''),
(5, ''),
(6, ''),
(7, ''),
(8, ''),
(9, ''),
(10, ''),
(11, ''),
(12, ''),
(13, ''),
(14, ''),
(15, ''),
(16, ''),
(17, ''),
(18, ''),
(19, ''),
(20, '');

-- --------------------------------------------------------

--
-- Table structure for table `assignments`
--

DROP TABLE IF EXISTS `assignments`;
CREATE TABLE IF NOT EXISTS `assignments` (
  `id` int(11) NOT NULL AUTO_INCREMENT,
  `quiz_id` int(11) NOT NULL DEFAULT 0,
  `org_quiz_id` int(11) NOT NULL DEFAULT 0,
  `results_mode` int(11) NOT NULL DEFAULT 0,
  `added_date` datetime NOT NULL DEFAULT '0000-00-00 00:00:00',
  `quiz_time` int(11) NOT NULL DEFAULT 0,
  `show_results` int(11) NOT NULL DEFAULT 0,
  `pass_score` decimal(10,2) NOT NULL DEFAULT 0.00,
  `quiz_type` int(11) NOT NULL DEFAULT 0,
  `status` int(11) NOT NULL DEFAULT 0,
  PRIMARY KEY (`id`)
) ENGINE=InnoDB AUTO_INCREMENT=3 DEFAULT CHARSET=latin1 COLLATE=latin1_swedish_ci;

--
-- Dumping data for table `assignments`
--

INSERT INTO `assignments` (`id`, `quiz_id`, `org_quiz_id`, `results_mode`, `added_date`, `quiz_time`, `show_results`, `pass_score`, `quiz_type`, `status`) VALUES
(1, 1, 1, 1, '2024-01-06 10:23:12', 60, 1, 50.00, 1, 2),
(2, 1, 1, 1, '2024-01-06 10:23:12', 60, 1, 50.00, 1, 2);

-- --------------------------------------------------------

--
-- Table structure for table `assignment_users`
--

DROP TABLE IF EXISTS `assignment_users`;
CREATE TABLE IF NOT EXISTS `assignment_users` (
  `id` int(11) NOT NULL AUTO_INCREMENT,
  `assignment_id` int(11) NOT NULL DEFAULT 0,
  `user_type` int(11) NOT NULL DEFAULT 0,
  `user_id` int(11) NOT NULL DEFAULT 0,
  `shuffled_qn_ids` varchar(8000) NOT NULL DEFAULT '',
  `answered_ids` varchar(8000) NOT NULL DEFAULT '',
  `qns_time_spent` varchar(8000) NOT NULL DEFAULT ' ',
  `qns_visited` varchar(8000) NOT NULL DEFAULT ' ',
  `time_test_init` datetime DEFAULT NULL,
  `time_test_start` datetime DEFAULT NULL,
  `time_test_lastqn_answered` datetime DEFAULT NULL,
  `time_test_end` datetime DEFAULT NULL,
  `count_qns_answered` int(10) UNSIGNED NOT NULL DEFAULT 0,
  `count_qns_correct` int(10) UNSIGNED NOT NULL DEFAULT 0,
  `count_qns_visited` int(10) UNSIGNED NOT NULL DEFAULT 0,
  `count_test_page_away` int(10) UNSIGNED NOT NULL DEFAULT 0,
  `count_test_app_away` int(10) UNSIGNED NOT NULL DEFAULT 0,
  PRIMARY KEY (`id`),
  KEY `assignment_id` (`assignment_id`)
) ENGINE=InnoDB AUTO_INCREMENT=250 DEFAULT CHARSET=latin1 COLLATE=latin1_swedish_ci;

--
-- Dumping data for table `assignment_users`
--

INSERT INTO `assignment_users` (`id`, `assignment_id`, `user_type`, `user_id`, `shuffled_qn_ids`, `answered_ids`, `qns_time_spent`, `qns_visited`, `time_test_init`, `time_test_start`, `time_test_lastqn_answered`, `time_test_end`, `count_qns_answered`, `count_qns_correct`, `count_qns_visited`, `count_test_page_away`, `count_test_app_away`) VALUES
(1, 1, 1, 2, '', '', ' ', ' ', NULL, NULL, NULL, NULL, 0, 0, 0, 0, 0),
(2, 1, 1, 3, '', '', ' ', ' ', NULL, NULL, NULL, NULL, 0, 0, 0, 0, 0),
(3, 1, 1, 4, '', '', ' ', ' ', NULL, NULL, NULL, NULL, 0, 0, 0, 0, 0),
(4, 1, 1, 5, '', '', ' ', ' ', NULL, NULL, NULL, NULL, 0, 0, 0, 0, 0),
(5, 1, 1, 6, '', '', ' ', ' ', NULL, NULL, NULL, NULL, 0, 0, 0, 0, 0),
(6, 1, 1, 7, '', '', ' ', ' ', NULL, NULL, NULL, NULL, 0, 0, 0, 0, 0),
(7, 1, 1, 8, '', '', ' ', ' ', NULL, NULL, NULL, NULL, 0, 0, 0, 0, 0),
(8, 1, 1, 9, '', '', ' ', ' ', NULL, NULL, NULL, NULL, 0, 0, 0, 0, 0),
(9, 1, 1, 10, '', '', ' ', ' ', NULL, NULL, NULL, NULL, 0, 0, 0, 0, 0),
(10, 1, 1, 11, '', '', ' ', ' ', NULL, NULL, NULL, NULL, 0, 0, 0, 0, 0),
(11, 1, 1, 12, '', '', ' ', ' ', NULL, NULL, NULL, NULL, 0, 0, 0, 0, 0),
(12, 1, 1, 13, '', '', ' ', ' ', NULL, NULL, NULL, NULL, 0, 0, 0, 0, 0),
(13, 1, 1, 14, '', '', ' ', ' ', NULL, NULL, NULL, NULL, 0, 0, 0, 0, 0),
(14, 1, 1, 15, '', '', ' ', ' ', NULL, NULL, NULL, NULL, 0, 0, 0, 0, 0),
(15, 1, 1, 16, '', '', ' ', ' ', NULL, NULL, NULL, NULL, 0, 0, 0, 0, 0),
(16, 1, 1, 17, '', '', ' ', ' ', NULL, NULL, NULL, NULL, 0, 0, 0, 0, 0),
(17, 1, 1, 18, '', '', ' ', ' ', NULL, NULL, NULL, NULL, 0, 0, 0, 0, 0),
(18, 1, 1, 19, '', '', ' ', ' ', NULL, NULL, NULL, NULL, 0, 0, 0, 0, 0),
(19, 1, 1, 20, '', '', ' ', ' ', NULL, NULL, NULL, NULL, 0, 0, 0, 0, 0),
(20, 1, 1, 21, '', '', ' ', ' ', NULL, NULL, NULL, NULL, 0, 0, 0, 0, 0),
(21, 1, 1, 22, '', '', ' ', ' ', NULL, NULL, NULL, NULL, 0, 0, 0, 0, 0),
(22, 1, 1, 23, '', '', ' ', ' ', NULL, NULL, NULL, NULL, 0, 0, 0, 0, 0),
(23, 1, 1, 24, '', '', ' ', ' ', NULL, NULL, NULL, NULL, 0, 0, 0, 0, 0),
(24, 1, 1, 25, '', '', ' ', ' ', NULL, NULL, NULL, NULL, 0, 0, 0, 0, 0),
(25, 1, 1, 26, '', '', ' ', ' ', NULL, NULL, NULL, NULL, 0, 0, 0, 0, 0),
(26, 1, 1, 27, '', '', ' ', ' ', NULL, NULL, NULL, NULL, 0, 0, 0, 0, 0),
(27, 1, 1, 28, '', '', ' ', ' ', NULL, NULL, NULL, NULL, 0, 0, 0, 0, 0),
(28, 1, 1, 29, '', '', ' ', ' ', NULL, NULL, NULL, NULL, 0, 0, 0, 0, 0),
(29, 1, 1, 30, '', '', ' ', ' ', NULL, NULL, NULL, NULL, 0, 0, 0, 0, 0),
(30, 1, 1, 31, '', '', ' ', ' ', NULL, NULL, NULL, NULL, 0, 0, 0, 0, 0),
(31, 1, 1, 32, '', '', ' ', ' ', NULL, NULL, NULL, NULL, 0, 0, 0, 0, 0),
(32, 1, 1, 33, '', '', ' ', ' ', NULL, NULL, NULL, NULL, 0, 0, 0, 0, 0),
(33, 1, 1, 34, '', '', ' ', ' ', NULL, NULL, NULL, NULL, 0, 0, 0, 0, 0),
(34, 1, 1, 35, '', '', ' ', ' ', NULL, NULL, NULL, NULL, 0, 0, 0, 0, 0),
(35, 1, 1, 36, '', '', ' ', ' ', NULL, NULL, NULL, NULL, 0, 0, 0, 0, 0),
(36, 1, 1, 37, '', '', ' ', ' ', NULL, NULL, NULL, NULL, 0, 0, 0, 0, 0),
(37, 1, 1, 38, '', '', ' ', ' ', NULL, NULL, NULL, NULL, 0, 0, 0, 0, 0),
(38, 1, 1, 39, '', '', ' ', ' ', NULL, NULL, NULL, NULL, 0, 0, 0, 0, 0),
(39, 1, 1, 40, '', '', ' ', ' ', NULL, NULL, NULL, NULL, 0, 0, 0, 0, 0),
(40, 1, 1, 41, '', '', ' ', ' ', NULL, NULL, NULL, NULL, 0, 0, 0, 0, 0),
(41, 1, 1, 42, '', '', ' ', ' ', NULL, NULL, NULL, NULL, 0, 0, 0, 0, 0),
(42, 1, 1, 43, '', '', ' ', ' ', NULL, NULL, NULL, NULL, 0, 0, 0, 0, 0),
(43, 1, 1, 44, '', '', ' ', ' ', NULL, NULL, NULL, NULL, 0, 0, 0, 0, 0),
(44, 1, 1, 45, '', '', ' ', ' ', NULL, NULL, NULL, NULL, 0, 0, 0, 0, 0),
(45, 1, 1, 46, '', '', ' ', ' ', NULL, NULL, NULL, NULL, 0, 0, 0, 0, 0),
(46, 1, 1, 47, '', '', ' ', ' ', NULL, NULL, NULL, NULL, 0, 0, 0, 0, 0),
(47, 1, 1, 48, '', '', ' ', ' ', NULL, NULL, NULL, NULL, 0, 0, 0, 0, 0),
(48, 1, 1, 49, '', '', ' ', ' ', NULL, NULL, NULL, NULL, 0, 0, 0, 0, 0),
(49, 1, 1, 50, '', '', ' ', ' ', NULL, NULL, NULL, NULL, 0, 0, 0, 0, 0),
(50, 1, 1, 51, '', '', ' ', ' ', NULL, NULL, NULL, NULL, 0, 0, 0, 0, 0),
(51, 1, 1, 52, '', '', ' ', ' ', NULL, NULL, NULL, NULL, 0, 0, 0, 0, 0),
(52, 1, 1, 53, '', '', ' ', ' ', NULL, NULL, NULL, NULL, 0, 0, 0, 0, 0),
(53, 1, 1, 54, '', '', ' ', ' ', NULL, NULL, NULL, NULL, 0, 0, 0, 0, 0),
(54, 1, 1, 55, '', '', ' ', ' ', NULL, NULL, NULL, NULL, 0, 0, 0, 0, 0),
(55, 1, 1, 56, '', '', ' ', ' ', NULL, NULL, NULL, NULL, 0, 0, 0, 0, 0),
(56, 1, 1, 57, '', '', ' ', ' ', NULL, NULL, NULL, NULL, 0, 0, 0, 0, 0),
(57, 1, 1, 58, '', '', ' ', ' ', NULL, NULL, NULL, NULL, 0, 0, 0, 0, 0),
(58, 1, 1, 59, '', '', ' ', ' ', NULL, NULL, NULL, NULL, 0, 0, 0, 0, 0),
(59, 1, 1, 60, '', '', ' ', ' ', NULL, NULL, NULL, NULL, 0, 0, 0, 0, 0),
(60, 1, 1, 61, '', '', ' ', ' ', NULL, NULL, NULL, NULL, 0, 0, 0, 0, 0),
(61, 1, 1, 62, '', '', ' ', ' ', NULL, NULL, NULL, NULL, 0, 0, 0, 0, 0),
(62, 1, 1, 63, '', '', ' ', ' ', NULL, NULL, NULL, NULL, 0, 0, 0, 0, 0),
(63, 1, 1, 64, '', '', ' ', ' ', NULL, NULL, NULL, NULL, 0, 0, 0, 0, 0),
(64, 1, 1, 65, '', '', ' ', ' ', NULL, NULL, NULL, NULL, 0, 0, 0, 0, 0),
(65, 1, 1, 66, '', '', ' ', ' ', NULL, NULL, NULL, NULL, 0, 0, 0, 0, 0),
(66, 1, 1, 67, '', '', ' ', ' ', NULL, NULL, NULL, NULL, 0, 0, 0, 0, 0),
(67, 1, 1, 68, '', '', ' ', ' ', NULL, NULL, NULL, NULL, 0, 0, 0, 0, 0),
(68, 1, 1, 69, '', '', ' ', ' ', NULL, NULL, NULL, NULL, 0, 0, 0, 0, 0),
(69, 1, 1, 70, '', '', ' ', ' ', NULL, NULL, NULL, NULL, 0, 0, 0, 0, 0),
(70, 1, 1, 71, '', '', ' ', ' ', NULL, NULL, NULL, NULL, 0, 0, 0, 0, 0),
(71, 1, 1, 72, '', '', ' ', ' ', NULL, NULL, NULL, NULL, 0, 0, 0, 0, 0),
(72, 1, 1, 73, '', '', ' ', ' ', NULL, NULL, NULL, NULL, 0, 0, 0, 0, 0),
(73, 1, 1, 74, '', '', ' ', ' ', NULL, NULL, NULL, NULL, 0, 0, 0, 0, 0),
(74, 1, 1, 75, '', '', ' ', ' ', NULL, NULL, NULL, NULL, 0, 0, 0, 0, 0),
(75, 1, 1, 76, '', '', ' ', ' ', NULL, NULL, NULL, NULL, 0, 0, 0, 0, 0),
(76, 2, 1, 77, '', '', ' ', ' ', NULL, NULL, NULL, NULL, 0, 0, 0, 0, 0),
(77, 2, 1, 78, '', '', ' ', ' ', NULL, NULL, NULL, NULL, 0, 0, 0, 0, 0),
(78, 2, 1, 79, '', '', ' ', ' ', NULL, NULL, NULL, NULL, 0, 0, 0, 0, 0),
(79, 2, 1, 80, '', '', ' ', ' ', NULL, NULL, NULL, NULL, 0, 0, 0, 0, 0),
(80, 2, 1, 81, '', '', ' ', ' ', NULL, NULL, NULL, NULL, 0, 0, 0, 0, 0),
(81, 2, 1, 82, '', '', ' ', ' ', NULL, NULL, NULL, NULL, 0, 0, 0, 0, 0),
(82, 2, 1, 83, '', '', ' ', ' ', NULL, NULL, NULL, NULL, 0, 0, 0, 0, 0),
(83, 2, 1, 84, '', '', ' ', ' ', NULL, NULL, NULL, NULL, 0, 0, 0, 0, 0),
(84, 2, 1, 85, '', '', ' ', ' ', NULL, NULL, NULL, NULL, 0, 0, 0, 0, 0),
(85, 2, 1, 86, '', '', ' ', ' ', NULL, NULL, NULL, NULL, 0, 0, 0, 0, 0),
(86, 2, 1, 87, '', '', ' ', ' ', NULL, NULL, NULL, NULL, 0, 0, 0, 0, 0),
(87, 2, 1, 88, '', '', ' ', ' ', NULL, NULL, NULL, NULL, 0, 0, 0, 0, 0),
(88, 2, 1, 89, '', '', ' ', ' ', NULL, NULL, NULL, NULL, 0, 0, 0, 0, 0),
(89, 2, 1, 90, '', '', ' ', ' ', NULL, NULL, NULL, NULL, 0, 0, 0, 0, 0),
(90, 2, 1, 91, '', '', ' ', ' ', NULL, NULL, NULL, NULL, 0, 0, 0, 0, 0),
(91, 2, 1, 92, '', '', ' ', ' ', NULL, NULL, NULL, NULL, 0, 0, 0, 0, 0),
(92, 2, 1, 93, '', '', ' ', ' ', NULL, NULL, NULL, NULL, 0, 0, 0, 0, 0),
(93, 2, 1, 94, '', '', ' ', ' ', NULL, NULL, NULL, NULL, 0, 0, 0, 0, 0),
(94, 2, 1, 95, '', '', ' ', ' ', NULL, NULL, NULL, NULL, 0, 0, 0, 0, 0),
(95, 2, 1, 96, '', '', ' ', ' ', NULL, NULL, NULL, NULL, 0, 0, 0, 0, 0),
(96, 2, 1, 97, '', '', ' ', ' ', NULL, NULL, NULL, NULL, 0, 0, 0, 0, 0),
(97, 2, 1, 98, '', '', ' ', ' ', NULL, NULL, NULL, NULL, 0, 0, 0, 0, 0),
(98, 2, 1, 99, '', '', ' ', ' ', NULL, NULL, NULL, NULL, 0, 0, 0, 0, 0),
(99, 2, 1, 100, '', '', ' ', ' ', NULL, NULL, NULL, NULL, 0, 0, 0, 0, 0),
(100, 2, 1, 101, '', '', ' ', ' ', NULL, NULL, NULL, NULL, 0, 0, 0, 0, 0),
(101, 2, 1, 102, '', '', ' ', ' ', NULL, NULL, NULL, NULL, 0, 0, 0, 0, 0),
(102, 2, 1, 103, '', '', ' ', ' ', NULL, NULL, NULL, NULL, 0, 0, 0, 0, 0),
(103, 2, 1, 104, '', '', ' ', ' ', NULL, NULL, NULL, NULL, 0, 0, 0, 0, 0),
(104, 2, 1, 105, '', '', ' ', ' ', NULL, NULL, NULL, NULL, 0, 0, 0, 0, 0),
(105, 2, 1, 106, '', '', ' ', ' ', NULL, NULL, NULL, NULL, 0, 0, 0, 0, 0),
(106, 2, 1, 107, '', '', ' ', ' ', NULL, NULL, NULL, NULL, 0, 0, 0, 0, 0),
(107, 2, 1, 108, '', '', ' ', ' ', NULL, NULL, NULL, NULL, 0, 0, 0, 0, 0),
(108, 2, 1, 109, '', '', ' ', ' ', NULL, NULL, NULL, NULL, 0, 0, 0, 0, 0),
(109, 2, 1, 110, '', '', ' ', ' ', NULL, NULL, NULL, NULL, 0, 0, 0, 0, 0),
(110, 2, 1, 111, '', '', ' ', ' ', NULL, NULL, NULL, NULL, 0, 0, 0, 0, 0),
(111, 2, 1, 112, '', '', ' ', ' ', NULL, NULL, NULL, NULL, 0, 0, 0, 0, 0),
(112, 2, 1, 113, '', '', ' ', ' ', NULL, NULL, NULL, NULL, 0, 0, 0, 0, 0),
(113, 2, 1, 114, '', '', ' ', ' ', NULL, NULL, NULL, NULL, 0, 0, 0, 0, 0),
(114, 2, 1, 115, '', '', ' ', ' ', NULL, NULL, NULL, NULL, 0, 0, 0, 0, 0),
(115, 2, 1, 116, '', '', ' ', ' ', NULL, NULL, NULL, NULL, 0, 0, 0, 0, 0),
(116, 2, 1, 117, '', '', ' ', ' ', NULL, NULL, NULL, NULL, 0, 0, 0, 0, 0),
(117, 2, 1, 118, '', '', ' ', ' ', NULL, NULL, NULL, NULL, 0, 0, 0, 0, 0),
(118, 2, 1, 119, '', '', ' ', ' ', NULL, NULL, NULL, NULL, 0, 0, 0, 0, 0),
(119, 2, 1, 120, '', '', ' ', ' ', NULL, NULL, NULL, NULL, 0, 0, 0, 0, 0),
(120, 2, 1, 121, '', '', ' ', ' ', NULL, NULL, NULL, NULL, 0, 0, 0, 0, 0),
(121, 2, 1, 122, '', '', ' ', ' ', NULL, NULL, NULL, NULL, 0, 0, 0, 0, 0),
(122, 2, 1, 123, '', '', ' ', ' ', NULL, NULL, NULL, NULL, 0, 0, 0, 0, 0),
(123, 2, 1, 124, '', '', ' ', ' ', NULL, NULL, NULL, NULL, 0, 0, 0, 0, 0),
(124, 2, 1, 125, '', '', ' ', ' ', NULL, NULL, NULL, NULL, 0, 0, 0, 0, 0),
(125, 2, 1, 126, '', '', ' ', ' ', NULL, NULL, NULL, NULL, 0, 0, 0, 0, 0),
(126, 2, 1, 127, '', '', ' ', ' ', NULL, NULL, NULL, NULL, 0, 0, 0, 0, 0),
(127, 2, 1, 128, '', '', ' ', ' ', NULL, NULL, NULL, NULL, 0, 0, 0, 0, 0),
(128, 2, 1, 129, '', '', ' ', ' ', NULL, NULL, NULL, NULL, 0, 0, 0, 0, 0),
(129, 2, 1, 130, '', '', ' ', ' ', NULL, NULL, NULL, NULL, 0, 0, 0, 0, 0),
(130, 2, 1, 131, '', '', ' ', ' ', NULL, NULL, NULL, NULL, 0, 0, 0, 0, 0),
(131, 2, 1, 132, '', '', ' ', ' ', NULL, NULL, NULL, NULL, 0, 0, 0, 0, 0),
(132, 2, 1, 133, '', '', ' ', ' ', NULL, NULL, NULL, NULL, 0, 0, 0, 0, 0),
(133, 2, 1, 134, '', '', ' ', ' ', NULL, NULL, NULL, NULL, 0, 0, 0, 0, 0),
(134, 2, 1, 135, '', '', ' ', ' ', NULL, NULL, NULL, NULL, 0, 0, 0, 0, 0),
(135, 2, 1, 136, '', '', ' ', ' ', NULL, NULL, NULL, NULL, 0, 0, 0, 0, 0),
(136, 2, 1, 137, '', '', ' ', ' ', NULL, NULL, NULL, NULL, 0, 0, 0, 0, 0),
(137, 2, 1, 138, '', '', ' ', ' ', NULL, NULL, NULL, NULL, 0, 0, 0, 0, 0),
(138, 2, 1, 139, '', '', ' ', ' ', NULL, NULL, NULL, NULL, 0, 0, 0, 0, 0),
(139, 2, 1, 140, '', '', ' ', ' ', NULL, NULL, NULL, NULL, 0, 0, 0, 0, 0),
(140, 2, 1, 141, '', '', ' ', ' ', NULL, NULL, NULL, NULL, 0, 0, 0, 0, 0),
(141, 2, 1, 142, '', '', ' ', ' ', NULL, NULL, NULL, NULL, 0, 0, 0, 0, 0),
(142, 2, 1, 143, '', '', ' ', ' ', NULL, NULL, NULL, NULL, 0, 0, 0, 0, 0),
(143, 2, 1, 144, '', '', ' ', ' ', NULL, NULL, NULL, NULL, 0, 0, 0, 0, 0),
(144, 2, 1, 145, '', '', ' ', ' ', NULL, NULL, NULL, NULL, 0, 0, 0, 0, 0),
(145, 2, 1, 146, '', '', ' ', ' ', NULL, NULL, NULL, NULL, 0, 0, 0, 0, 0),
(146, 2, 1, 147, '', '', ' ', ' ', NULL, NULL, NULL, NULL, 0, 0, 0, 0, 0),
(147, 2, 1, 148, '', '', ' ', ' ', NULL, NULL, NULL, NULL, 0, 0, 0, 0, 0),
(148, 2, 1, 149, '', '', ' ', ' ', NULL, NULL, NULL, NULL, 0, 0, 0, 0, 0),
(149, 2, 1, 150, '', '', ' ', ' ', NULL, NULL, NULL, NULL, 0, 0, 0, 0, 0),
(150, 2, 1, 151, '', '', ' ', ' ', NULL, NULL, NULL, NULL, 0, 0, 0, 0, 0),
(151, 2, 1, 152, '', '', ' ', ' ', NULL, NULL, NULL, NULL, 0, 0, 0, 0, 0),
(152, 2, 1, 153, '', '', ' ', ' ', NULL, NULL, NULL, NULL, 0, 0, 0, 0, 0),
(153, 2, 1, 154, '', '', ' ', ' ', NULL, NULL, NULL, NULL, 0, 0, 0, 0, 0),
(154, 2, 1, 155, '', '', ' ', ' ', NULL, NULL, NULL, NULL, 0, 0, 0, 0, 0),
(155, 2, 1, 156, '', '', ' ', ' ', NULL, NULL, NULL, NULL, 0, 0, 0, 0, 0),
(156, 2, 1, 157, '', '', ' ', ' ', NULL, NULL, NULL, NULL, 0, 0, 0, 0, 0),
(157, 2, 1, 158, '', '', ' ', ' ', NULL, NULL, NULL, NULL, 0, 0, 0, 0, 0),
(158, 2, 1, 159, '', '', ' ', ' ', NULL, NULL, NULL, NULL, 0, 0, 0, 0, 0),
(159, 2, 1, 160, '', '', ' ', ' ', NULL, NULL, NULL, NULL, 0, 0, 0, 0, 0),
(160, 2, 1, 161, '', '', ' ', ' ', NULL, NULL, NULL, NULL, 0, 0, 0, 0, 0),
(161, 2, 1, 162, '', '', ' ', ' ', NULL, NULL, NULL, NULL, 0, 0, 0, 0, 0),
(162, 2, 1, 163, '', '', ' ', ' ', NULL, NULL, NULL, NULL, 0, 0, 0, 0, 0),
(163, 2, 1, 164, '', '', ' ', ' ', NULL, NULL, NULL, NULL, 0, 0, 0, 0, 0),
(164, 2, 1, 165, '', '', ' ', ' ', NULL, NULL, NULL, NULL, 0, 0, 0, 0, 0),
(165, 2, 1, 166, '', '', ' ', ' ', NULL, NULL, NULL, NULL, 0, 0, 0, 0, 0),
(166, 2, 1, 167, '', '', ' ', ' ', NULL, NULL, NULL, NULL, 0, 0, 0, 0, 0),
(167, 2, 1, 168, '', '', ' ', ' ', NULL, NULL, NULL, NULL, 0, 0, 0, 0, 0),
(168, 2, 1, 169, '', '', ' ', ' ', NULL, NULL, NULL, NULL, 0, 0, 0, 0, 0),
(169, 2, 1, 170, '', '', ' ', ' ', NULL, NULL, NULL, NULL, 0, 0, 0, 0, 0),
(170, 2, 1, 171, '', '', ' ', ' ', NULL, NULL, NULL, NULL, 0, 0, 0, 0, 0),
(171, 2, 1, 172, '', '', ' ', ' ', NULL, NULL, NULL, NULL, 0, 0, 0, 0, 0),
(172, 2, 1, 173, '', '', ' ', ' ', NULL, NULL, NULL, NULL, 0, 0, 0, 0, 0),
(173, 2, 1, 174, '', '', ' ', ' ', NULL, NULL, NULL, NULL, 0, 0, 0, 0, 0),
(174, 2, 1, 175, '', '', ' ', ' ', NULL, NULL, NULL, NULL, 0, 0, 0, 0, 0),
(175, 2, 1, 176, '', '', ' ', ' ', NULL, NULL, NULL, NULL, 0, 0, 0, 0, 0),
(176, 2, 1, 177, '1:40,2:8,3:31,4:1,5:38,6:21,7:45,8:36,9:17,10:5,11:27,12:15,13:35,14:29,15:30,16:12,17:9,18:7,19:20,20:3,21:32,22:6,23:44,24:22,25:2,26:50,27:25,28:26,29:19,30:33,31:13,32:16,33:41,34:47,35:18,36:43,37:34,38:39,39:42,40:48,41:14,42:37,43:10,44:11,45:28,46:46,47:23,48:24,49:4,50:49', '1:3,2:5,3:9,4:13,5:18,6:23,7:28,8:30,9:35,10:37,11:45,12:48,13:51,14:55,15:60,16:64,17:69,18:73,19:77,20:79,21:82,22:87,23:93,24:94,25:98,26:102,27:108,28:110,29:115,30:121,31:122,32:128,33:133,34:136,35:138,36:145,37:147,38:153,39:157,40:160,41:162,42:169,43:171,44:177,45:181,46:185,47:189,48:190,49:196,50:199', ' ', ' ', NULL, NULL, NULL, NULL, 0, 0, 0, 0, 0),
(177, 2, 1, 178, '1:26,2:14,3:24,4:8,5:30,6:23,7:37,8:35,9:5,10:6,11:17,12:28,13:9,14:13,15:32,16:29,17:43,18:27,19:50,20:42,21:3,22:25,23:47,24:12,25:11,26:38,27:40,28:41,29:31,30:36,31:16,32:4,33:33,34:15,35:44,36:46,37:18,38:20,39:1,40:34,41:19,42:10,43:7,44:21,45:45,46:2,47:22,48:49,49:48,50:39', '1:3,2:7,3:10,4:13,5:19,6:24,7:28,8:31,9:33,10:41,11:42,12:47,13:52,14:55,15:58,16:64,17:67,18:73,19:76,20:79,21:83,22:89,23:92,24:95,25:99,26:104,27:108,28:112,29:114,30:121,31:123,32:128,33:131,34:137,35:141,36:143,37:149,38:151,39:156,40:161,41:163,42:169,43:171,44:176,45:181,46:185,47:189,48:191,49:194,50:200', ' ', ' ', NULL, NULL, NULL, NULL, 0, 0, 0, 0, 0),
(178, 2, 1, 179, '1:2,2:13,3:12,4:1,5:36,6:19,7:28,8:11,9:17,10:18,11:20,12:49,13:46,14:48,15:27,16:29,17:9,18:47,19:6,20:35,21:15,22:37,23:33,24:32,25:31,26:42,27:23,28:26,29:16,30:38,31:5,32:39,33:8,34:25,35:34,36:10,37:50,38:24,39:45,40:14,41:44,42:41,43:4,44:7,45:40,46:21,47:22,48:3,49:30,50:43', '1:4,2:5,3:10,4:13,5:17,6:24,7:25,8:31,9:36,10:37,11:44,12:47,13:50,14:55,15:61,16:65,17:67,18:72,19:77,20:80,21:83,22:88,23:93,24:97,25:100,26:102,27:108,28:110,29:114,30:121,31:122,32:128,33:133,34:137,35:139,36:145,37:147,38:151,39:157,40:160,41:162,42:169,43:171,44:176,45:181,46:185,47:189,48:190,49:194,50:199', ' ', ' ', NULL, NULL, NULL, NULL, 0, 0, 0, 0, 0),
(179, 2, 1, 180, '1:32,2:48,3:24,4:19,5:50,6:21,7:7,8:40,9:15,10:11,11:42,12:2,13:47,14:35,15:3,16:36,17:23,18:4,19:8,20:25,21:31,22:6,23:41,24:13,25:16,26:30,27:9,28:10,29:38,30:43,31:29,32:5,33:14,34:1,35:22,36:39,37:18,38:12,39:28,40:20,41:44,42:17,43:34,44:37,45:45,46:26,47:27,48:33,49:46,50:49', '1:1,2:5,3:9,4:15,5:18,6:24,7:28,8:32,9:35,10:37,11:44,12:47,13:53,14:55,15:60,16:65,17:68,18:72,19:75,20:78,21:82,22:88,23:93,24:97,25:100,26:102,27:108,28:110,29:115,30:121,31:122,32:128,33:133,34:136,35:139,36:145,37:147,38:151,39:157,40:160,41:162,42:168,43:173,44:176,45:179,46:185,47:189,48:190,49:194,50:201', ' ', ' ', NULL, NULL, NULL, NULL, 0, 0, 0, 0, 0),
(180, 2, 1, 181, '1:12,2:44,3:15,4:7,5:4,6:24,7:47,8:40,9:11,10:16,11:23,12:45,13:10,14:5,15:34,16:25,17:28,18:9,19:32,20:31,21:13,22:30,23:41,24:6,25:19,26:50,27:1,28:27,29:20,30:38,31:35,32:46,33:48,34:8,35:29,36:37,37:2,38:39,39:22,40:21,41:3,42:17,43:43,44:18,45:14,46:49,47:26,48:36,49:33,50:42', '1:1,2:5,3:10,4:16,5:19,6:22,7:28,8:31,9:34,10:37,11:45,12:47,13:50,14:55,15:60,16:65,17:66,18:70,19:75,20:80,21:83,22:89,23:93,24:97,25:100,26:102,27:108,28:110,29:115,30:121,31:122,32:128,33:133,34:137,35:139,36:145,37:147,38:150,39:157,40:160,41:162,42:169,43:171,44:176,45:178,46:185,47:189,48:190,49:194,50:199', ' ', ' ', NULL, NULL, NULL, NULL, 0, 0, 0, 0, 0),
(181, 2, 1, 182, '', '', ' ', ' ', NULL, NULL, NULL, NULL, 0, 0, 0, 0, 0),
(182, 2, 1, 183, '1:34,2:1,3:15,4:9,5:41,6:25,7:16,8:4,9:27,10:3,11:14,12:45,13:29,14:2,15:32,16:24,17:23,18:21,19:19,20:7,21:5,22:44,23:8,24:22,25:37,26:6,27:28,28:17,29:11,30:38,31:46,32:20,33:26,34:43,35:18,36:39,37:12,38:13,39:49,40:33,41:48,42:40,43:31,44:36,45:42,46:47,47:30,48:10,49:50,50:35', '1:4,2:5,3:10,4:16,5:19,6:22,7:28,8:31,9:34,10:37,11:44,12:46,13:51,14:55,15:60,16:65,17:67,18:71,19:75,20:80,21:83,22:88,23:93,24:97,25:100,26:102,27:108,28:110,29:115,30:121,31:122,32:128,33:133,34:137,35:139,36:142,37:147,38:151,39:157,40:158,41:162,42:169,43:171,44:176,45:181,46:185,47:189,48:190,49:194,50:199', ' ', ' ', NULL, NULL, NULL, NULL, 0, 0, 0, 0, 0),
(183, 2, 1, 184, '1:7,2:31,3:17,4:47,5:13,6:43,7:35,8:9,9:19,10:8,11:30,12:28,13:46,14:18,15:27,16:14,17:29,18:45,19:16,20:32,21:26,22:42,23:10,24:33,25:37,26:11,27:20,28:15,29:2,30:39,31:4,32:21,33:48,34:22,35:5,36:49,37:38,38:25,39:50,40:12,41:23,42:1,43:6,44:34,45:40,46:44,47:41,48:36,49:24,50:3', '1:4,2:5,3:9,4:16,5:19,6:23,7:27,8:31,9:34,10:38,11:45,12:46,13:53,14:55,15:58,16:63,17:67,18:71,19:74,20:80,21:83,22:86,23:92,24:95,25:98,26:105,27:108,28:113,29:114,30:120,31:122,32:128,33:133,34:135,35:139,36:145,37:147,38:151,39:156,40:160,41:162,42:168,43:171,44:176,45:178,46:185,47:189,48:190,49:194,50:199', ' ', ' ', NULL, NULL, NULL, NULL, 0, 0, 0, 0, 0),
(184, 2, 1, 185, '1:50,2:1,3:11,4:2,5:25,6:20,7:16,8:12,9:46,10:34,11:43,12:49,13:8,14:30,15:27,16:41,17:13,18:3,19:18,20:19,21:36,22:28,23:35,24:37,25:39,26:14,27:40,28:15,29:4,30:45,31:10,32:5,33:6,34:22,35:24,36:7,37:23,38:21,39:38,40:48,41:26,42:42,43:31,44:29,45:44,46:17,47:9,48:33,49:32,50:47', '1:2,2:8,3:11,4:14,5:20,6:23,7:26,8:32,9:35,10:38,11:43,12:49,13:51,14:57,15:58,16:63,17:68,18:71,19:74,20:78,21:85,22:86,23:91,24:95,25:98,26:103,27:106,28:112,29:117,30:118,31:125,32:129,33:133,34:136,35:138,36:144,37:147,38:150,39:157,40:158,41:163,42:166,43:172,44:176,45:178,46:185,47:189,48:192,49:195,50:201', ' ', ' ', NULL, NULL, NULL, NULL, 0, 0, 0, 0, 0),
(185, 2, 1, 186, '1:27,2:36,3:7,4:50,5:13,6:17,7:40,8:49,9:43,10:3,11:12,12:8,13:34,14:26,15:42,16:20,17:2,18:28,19:33,20:25,21:29,22:10,23:47,24:37,25:18,26:48,27:5,28:6,29:11,30:41,31:38,32:15,33:14,34:31,35:22,36:21,37:35,38:19,39:45,40:44,41:9,42:23,43:4,44:46,45:16,46:39,47:1,48:30,49:32,50:24', '1:3,2:8,3:11,4:16,5:17,6:21,7:26,8:29,9:35,10:38,11:43,12:49,13:51,14:54,15:58,16:65,17:68,18:70,19:75,20:78,21:82,22:89,23:90,24:96,25:98,26:105,27:108,28:112,29:114,30:118,31:123,32:129,33:133,34:137,35:138,36:145,37:147,38:153,39:156,40:161,41:162,42:167,43:170,44:176,45:181,46:182,47:187,48:190,49:194,50:201', ' ', ' ', NULL, NULL, NULL, NULL, 0, 0, 0, 0, 0),
(186, 2, 1, 187, '1:41,2:19,3:46,4:50,5:49,6:31,7:23,8:2,9:33,10:16,11:9,12:11,13:36,14:44,15:32,16:15,17:40,18:21,19:12,20:5,21:7,22:3,23:24,24:26,25:1,26:38,27:30,28:37,29:4,30:39,31:22,32:18,33:43,34:25,35:17,36:13,37:20,38:29,39:48,40:47,41:6,42:8,43:34,44:42,45:14,46:28,47:10,48:45,49:35,50:27', '1:4,2:7,3:10,4:16,5:19,6:23,7:26,8:31,9:34,10:37,11:45,12:47,13:50,14:54,15:60,16:65,17:67,18:72,19:74,20:80,21:82,22:88,23:93,24:97,25:100,26:102,27:106,28:110,29:115,30:121,31:122,32:128,33:132,34:137,35:139,36:145,37:147,38:151,39:157,40:160,41:162,42:168,43:171,44:176,45:181,46:185,47:189,48:190,49:194,50:199', ' ', ' ', NULL, NULL, NULL, NULL, 0, 0, 0, 0, 0),
(187, 2, 1, 188, '1:49,2:16,3:21,4:45,5:34,6:29,7:18,8:19,9:42,10:5,11:43,12:32,13:17,14:28,15:4,16:31,17:24,18:10,19:36,20:50,21:26,22:8,23:27,24:12,25:41,26:44,27:35,28:39,29:37,30:40,31:25,32:15,33:13,34:6,35:48,36:14,37:20,38:30,39:22,40:23,41:7,42:9,43:47,44:2,45:33,46:38,47:1,48:3,49:11,50:46', '1:4,2:5,3:10,4:15,5:19,6:22,7:25,8:31,9:33,10:37,11:43,12:46,13:53,14:57,15:60,16:65,17:67,18:71,19:74,20:80,21:83,22:86,23:91,24:97,25:98,26:104,27:108,28:110,29:116,30:118,31:122,32:128,33:133,34:137,35:138,36:145,37:147,38:151,39:157,40:161,41:162,42:169,43:171,44:174,45:181,46:185,47:189,48:190,49:194,50:199', ' ', ' ', NULL, NULL, NULL, NULL, 0, 0, 0, 0, 0),
(188, 2, 1, 189, '1:3,2:17,3:33,4:31,5:40,6:10,7:48,8:39,9:1,10:32,11:6,12:26,13:29,14:22,15:25,16:28,17:8,18:46,19:43,20:37,21:45,22:50,23:34,24:44,25:19,26:7,27:13,28:24,29:18,30:41,31:20,32:47,33:9,34:14,35:5,36:38,37:35,38:11,39:49,40:27,41:21,42:4,43:23,44:16,45:12,46:30,47:2,48:36,49:15,50:42', '1:2,2:5,3:10,4:15,5:18,6:21,7:25,8:31,9:34,10:39,11:42,12:48,13:53,14:54,15:59,16:65,17:67,18:71,19:74,20:80,21:84,22:86,23:90,24:95,25:98,26:103,27:106,28:110,29:115,30:120,31:122,32:128,33:133,34:137,35:139,36:145,37:147,38:151,39:156,40:160,41:162,42:169,43:171,44:176,45:181,46:185,47:189,48:190,49:194,50:199', ' ', ' ', NULL, NULL, NULL, NULL, 0, 0, 0, 0, 0),
(189, 2, 1, 190, '1:41,2:33,3:20,4:43,5:25,6:22,7:37,8:27,9:32,10:16,11:18,12:11,13:30,14:6,15:5,16:45,17:4,18:46,19:42,20:1,21:29,22:35,23:17,24:19,25:9,26:10,27:39,28:13,29:7,30:48,31:40,32:15,33:14,34:31,35:38,36:21,37:8,38:24,39:23,40:50,41:28,42:49,43:12,44:26,45:2,46:3,47:47,48:34,49:44,50:36', '1:1,2:5,3:11,4:16,5:18,6:22,7:26,8:31,9:33,10:38,11:44,12:47,13:50,14:55,15:60,16:65,17:66,18:72,19:75,20:80,21:83,22:88,23:91,24:97,25:99,26:102,27:108,28:110,29:116,30:118,31:125,32:128,33:133,34:137,35:138,36:144,37:147,38:150,39:157,40:161,41:162,42:169,43:171,44:176,45:181,46:185,47:189,48:190,49:197,50:199', ' ', ' ', NULL, NULL, NULL, NULL, 0, 0, 0, 0, 0),
(190, 2, 1, 191, '', '', ' ', ' ', NULL, NULL, NULL, NULL, 0, 0, 0, 0, 0),
(191, 2, 1, 192, '', '', ' ', ' ', NULL, NULL, NULL, NULL, 0, 0, 0, 0, 0),
(192, 2, 1, 193, '1:29,2:26,3:15,4:7,5:43,6:11,7:5,8:21,9:50,10:25,11:16,12:48,13:44,14:2,15:49,16:9,17:47,18:36,19:40,20:27,21:6,22:33,23:24,24:20,25:19,26:32,27:34,28:22,29:3,30:17,31:37,32:13,33:14,34:8,35:46,36:38,37:12,38:41,39:31,40:23,41:42,42:45,43:10,44:18,45:39,46:28,47:4,48:30,49:35,50:1', '1:4,2:5,3:10,4:15,5:19,6:21,7:26,8:29,9:36,10:37,11:44,12:47,13:51,14:55,15:60,16:65,17:67,18:72,19:75,20:80,21:83,22:88,23:93,24:97,25:100,26:102,27:108,28:110,29:115,30:118,31:125,32:128,33:133,34:137,35:139,36:145,37:147,38:151,39:157,40:160,41:162,42:168,43:171,44:176,45:181,46:185,47:189,48:190,49:194,50:199', ' ', ' ', NULL, NULL, NULL, NULL, 0, 0, 0, 0, 0),
(193, 2, 1, 194, '1:18,2:21,3:3,4:16,5:24,6:8,7:20,8:43,9:34,10:2,11:50,12:29,13:41,14:28,15:49,16:4,17:36,18:44,19:32,20:9,21:19,22:30,23:12,24:45,25:39,26:10,27:26,28:25,29:6,30:22,31:5,32:14,33:15,34:38,35:33,36:27,37:1,38:40,39:13,40:11,41:31,42:47,43:48,44:23,45:7,46:17,47:35,48:37,49:42,50:46', '1:4,2:5,3:10,4:16,5:19,6:22,7:26,8:31,9:36,10:37,11:44,12:47,13:53,14:55,15:60,16:65,17:66,18:72,19:77,20:80,21:83,22:88,23:93,24:97,25:100,26:102,27:108,28:110,29:115,30:121,31:122,32:128,33:130,34:137,35:139,36:145,37:147,38:151,39:154,40:160,41:162,42:168,43:171,44:176,45:181,46:185,47:189,48:190,49:194,50:199', ' ', ' ', NULL, NULL, NULL, NULL, 0, 0, 0, 0, 0),
(194, 2, 1, 195, '1:38,2:22,3:31,4:4,5:20,6:6,7:39,8:2,9:12,10:7,11:8,12:10,13:13,14:15,15:41,16:40,17:17,18:26,19:32,20:33,21:3,22:5,23:19,24:46,25:29,26:11,27:42,28:34,29:16,30:24,31:37,32:30,33:23,34:35,35:28,36:9,37:1,38:14,39:36,40:21,41:18,42:49,43:44,44:45,45:27,46:47,47:43,48:50,49:25,50:48', '1:2,2:6,3:10,4:13,5:20,6:22,7:25,8:32,9:33,10:37,11:44,12:47,13:53,14:55,15:60,16:65,17:67,18:71,19:77,20:80,21:82,22:89,23:91,24:97,25:100,26:102,27:108,28:110,29:115,30:121,31:122,32:128,33:133,34:137,35:139,36:145,37:147,38:151,39:156,40:158,41:162,42:168,43:171,44:176,45:181,46:185,47:189,48:190,49:194,50:199', ' ', ' ', NULL, NULL, NULL, NULL, 0, 0, 0, 0, 0),
(195, 2, 1, 196, '1:5,2:37,3:20,4:40,5:49,6:39,7:50,8:35,9:43,10:29,11:30,12:17,13:6,14:28,15:2,16:27,17:25,18:31,19:42,20:7,21:36,22:22,23:9,24:38,25:3,26:19,27:24,28:14,29:18,30:15,31:45,32:46,33:11,34:47,35:33,36:32,37:48,38:41,39:1,40:4,41:16,42:34,43:23,44:44,45:10,46:26,47:13,48:8,49:21,50:12', '1:2,2:6,3:9,4:16,5:19,6:21,7:27,8:29,9:35,10:41,11:45,12:47,13:50,14:55,15:60,16:65,17:67,18:72,19:74,20:80,21:83,22:89,23:92,24:97,25:99,26:103,27:108,28:110,29:117,30:121,31:122,32:128,33:133,34:135,35:139,36:145,37:147,38:151,39:157,40:160,41:162,42:168,43:171,44:174,45:181,46:185,47:189,48:190,49:194,50:201', ' ', ' ', NULL, NULL, NULL, NULL, 0, 0, 0, 0, 0),
(196, 2, 1, 197, '1:48,2:39,3:16,4:38,5:23,6:13,7:17,8:43,9:24,10:41,11:2,12:40,13:49,14:26,15:50,16:11,17:47,18:1,19:44,20:30,21:5,22:36,23:21,24:37,25:46,26:22,27:7,28:31,29:35,30:20,31:42,32:15,33:32,34:10,35:18,36:25,37:4,38:8,39:12,40:28,41:34,42:9,43:6,44:3,45:33,46:27,47:14,48:29,49:19,50:45', '1:4,2:5,3:10,4:13,5:20,6:21,7:25,8:30,9:33,10:41,11:43,12:46,13:50,14:56,15:58,16:65,17:66,18:71,19:74,20:78,21:82,22:89,23:92,24:97,25:99,26:102,27:108,28:111,29:117,30:120,31:123,32:128,33:130,34:134,35:138,36:143,37:147,38:152,39:156,40:161,41:162,42:169,43:170,44:174,45:179,46:185,47:188,48:191,49:197,50:200', ' ', ' ', NULL, NULL, NULL, NULL, 0, 0, 0, 0, 0),
(197, 2, 1, 198, '1:11,2:32,3:42,4:16,5:6,6:36,7:3,8:46,9:40,10:39,11:29,12:26,13:18,14:12,15:28,16:31,17:23,18:14,19:2,20:21,21:20,22:17,23:35,24:15,25:19,26:10,27:24,28:41,29:7,30:34,31:45,32:25,33:50,34:8,35:48,36:38,37:22,38:27,39:9,40:47,41:30,42:43,43:44,44:37,45:5,46:13,47:33,48:4,49:1,50:49', '1:1,2:5,3:9,4:16,5:19,6:22,7:28,8:31,9:34,10:38,11:45,12:46,13:51,14:55,15:61,16:65,17:66,18:71,19:77,20:79,21:83,22:88,23:93,24:97,25:100,26:102,27:108,28:110,29:115,30:119,31:125,32:127,33:133,34:135,35:138,36:144,37:147,38:153,39:157,40:161,41:162,42:168,43:171,44:176,45:178,46:185,47:189,48:190,49:194,50:199', ' ', ' ', NULL, NULL, NULL, NULL, 0, 0, 0, 0, 0),
(198, 2, 1, 199, '1:32,2:45,3:20,4:49,5:36,6:39,7:40,8:35,9:18,10:23,11:44,12:46,13:42,14:6,15:43,16:10,17:24,18:47,19:13,20:4,21:12,22:9,23:11,24:19,25:16,26:41,27:30,28:26,29:28,30:29,31:21,32:1,33:8,34:22,35:48,36:33,37:50,38:27,39:37,40:2,41:15,42:3,43:7,44:31,45:25,46:38,47:17,48:5,49:14,50:34', '1:3,2:5,3:10,4:14,5:20,6:23,7:26,8:30,9:33,10:37,11:44,12:47,13:51,14:55,15:60,16:65,17:66,18:72,19:75,20:80,21:85,22:86,23:93,24:97,25:99,26:103,27:108,28:110,29:115,30:121,31:122,32:128,33:133,34:137,35:139,36:145,37:147,38:151,39:157,40:161,41:162,42:169,43:171,44:176,45:181,46:185,47:187,48:190,49:194,50:199', ' ', ' ', NULL, NULL, NULL, NULL, 0, 0, 0, 0, 0),
(199, 2, 1, 200, '', '', ' ', ' ', NULL, NULL, NULL, NULL, 0, 0, 0, 0, 0),
(200, 2, 1, 201, '1:50,2:36,3:6,4:33,5:12,6:18,7:30,8:46,9:41,10:29,11:47,12:37,13:10,14:43,15:34,16:27,17:19,18:5,19:49,20:45,21:26,22:13,23:17,24:7,25:28,26:21,27:3,28:16,29:15,30:11,31:23,32:4,33:44,34:20,35:14,36:48,37:38,38:25,39:9,40:35,41:8,42:32,43:24,44:22,45:39,46:31,47:40,48:42,49:2,50:1', '1:4,2:5,3:10,4:13,5:20,6:22,7:28,8:31,9:36,10:37,11:44,12:47,13:50,14:55,15:61,16:65,17:67,18:72,19:77,20:80,21:82,22:88,23:93,24:97,25:99,26:102,27:106,28:111,29:115,30:121,31:122,32:128,33:133,34:137,35:138,36:145,37:147,38:151,39:157,40:160,41:162,42:169,43:171,44:176,45:181,46:185,47:187,48:190,49:194,50:199', ' ', ' ', NULL, NULL, NULL, NULL, 0, 0, 0, 0, 0),
(201, 2, 1, 202, '1:31,2:42,3:13,4:38,5:47,6:30,7:3,8:46,9:10,10:9,11:43,12:6,13:5,14:41,15:36,16:1,17:14,18:44,19:19,20:8,21:2,22:18,23:7,24:37,25:50,26:49,27:26,28:48,29:29,30:45,31:35,32:11,33:40,34:20,35:27,36:21,37:22,38:16,39:34,40:32,41:24,42:25,43:15,44:12,45:4,46:39,47:28,48:33,49:17,50:23', '1:4,2:7,3:9,4:15,5:18,6:21,7:27,8:30,9:33,10:39,11:45,12:46,13:51,14:56,15:61,16:62,17:68,18:71,19:74,20:78,21:85,22:89,23:91,24:97,25:101,26:104,27:108,28:110,29:115,30:121,31:123,32:127,33:133,34:134,35:141,36:145,37:146,38:153,39:156,40:159,41:165,42:169,43:171,44:177,45:179,46:185,47:188,48:193,49:194,50:201', ' ', ' ', NULL, NULL, NULL, NULL, 0, 0, 0, 0, 0),
(202, 2, 1, 203, '1:46,2:19,3:45,4:50,5:7,6:29,7:35,8:34,9:16,10:42,11:18,12:20,13:47,14:28,15:11,16:14,17:40,18:22,19:1,20:12,21:37,22:32,23:17,24:10,25:49,26:15,27:39,28:4,29:43,30:41,31:5,32:13,33:23,34:9,35:27,36:25,37:33,38:44,39:38,40:3,41:21,42:31,43:24,44:2,45:30,46:36,47:48,48:6,49:26,50:8', '1:4,2:7,3:11,4:16,5:20,6:24,7:26,8:30,9:34,10:38,11:44,12:46,13:53,14:55,15:60,16:65,17:67,18:72,19:75,20:80,21:83,22:88,23:91,24:94,25:98,26:102,27:107,28:110,29:114,30:121,31:122,32:129,33:133,34:137,35:140,36:145,37:147,38:151,39:157,40:161,41:162,42:169,43:171,44:176,45:181,46:185,47:189,48:190,49:194,50:201', ' ', ' ', NULL, NULL, NULL, NULL, 0, 0, 0, 0, 0),
(203, 2, 1, 204, '1:24,2:13,3:47,4:8,5:19,6:23,7:1,8:12,9:46,10:35,11:32,12:14,13:40,14:29,15:18,16:28,17:22,18:2,19:36,20:15,21:30,22:34,23:45,24:9,25:6,26:7,27:5,28:16,29:4,30:37,31:41,32:11,33:50,34:38,35:48,36:31,37:17,38:43,39:3,40:49,41:39,42:27,43:42,44:44,45:21,46:26,47:33,48:10,49:25,50:20', '1:4,2:5,3:10,4:13,5:20,6:22,7:25,8:32,9:34,10:37,11:44,12:47,13:51,14:55,15:60,16:65,17:67,18:71,19:74,20:80,21:83,22:88,23:93,24:97,25:100,26:102,27:107,28:110,29:115,30:121,31:122,32:128,33:133,34:137,35:140,36:145,37:147,38:151,39:157,40:161,41:162,42:169,43:171,44:176,45:181,46:185,47:189,48:190,49:194,50:199', ' ', ' ', NULL, NULL, NULL, NULL, 0, 0, 0, 0, 0),
(204, 2, 1, 205, '1:37,2:19,3:26,4:50,5:11,6:8,7:47,8:36,9:28,10:40,11:44,12:17,13:10,14:12,15:45,16:30,17:29,18:38,19:42,20:34,21:43,22:4,23:22,24:32,25:21,26:2,27:7,28:5,29:16,30:20,31:48,32:35,33:24,34:18,35:39,36:27,37:9,38:23,39:14,40:46,41:49,42:15,43:33,44:13,45:31,46:6,47:3,48:25,49:41,50:1', '1:1,2:5,3:10,4:16,5:17,6:21,7:26,8:32,9:34,10:37,11:44,12:47,13:51,14:55,15:58,16:63,17:67,18:71,19:75,20:79,21:83,22:86,23:93,24:97,25:98,26:102,27:108,28:110,29:115,30:120,31:124,32:128,33:131,34:137,35:138,36:145,37:147,38:153,39:157,40:161,41:162,42:169,43:171,44:176,45:181,46:185,47:189,48:191,49:194,50:201', ' ', ' ', NULL, NULL, NULL, NULL, 0, 0, 0, 0, 0),
(205, 2, 1, 206, '1:13,2:44,3:37,4:46,5:48,6:12,7:3,8:22,9:25,10:14,11:15,12:33,13:19,14:23,15:1,16:27,17:8,18:43,19:35,20:2,21:10,22:28,23:36,24:9,25:38,26:30,27:5,28:49,29:29,30:47,31:50,32:42,33:41,34:24,35:18,36:4,37:17,38:20,39:31,40:40,41:34,42:45,43:21,44:39,45:11,46:7,47:16,48:26,49:6,50:32', '1:3,2:5,3:12,4:14,5:19,6:22,7:26,8:31,9:34,10:38,11:44,12:47,13:50,14:55,15:58,16:65,17:67,18:71,19:74,20:80,21:82,22:87,23:93,24:97,25:100,26:102,27:107,28:110,29:115,30:121,31:122,32:128,33:133,34:137,35:139,36:145,37:147,38:151,39:157,40:160,41:162,42:168,43:171,44:176,45:181,46:185,47:189,48:190,49:194,50:199', ' ', ' ', NULL, NULL, NULL, NULL, 0, 0, 0, 0, 0),
(206, 2, 1, 207, '1:29,2:30,3:20,4:40,5:45,6:15,7:28,8:31,9:46,10:21,11:9,12:3,13:12,14:37,15:16,16:1,17:7,18:38,19:35,20:13,21:36,22:43,23:33,24:50,25:32,26:42,27:48,28:27,29:25,30:5,31:47,32:6,33:14,34:8,35:26,36:2,37:4,38:23,39:18,40:39,41:10,42:49,43:41,44:24,45:11,46:44,47:34,48:22,49:19,50:17', '1:4,2:5,3:10,4:16,5:19,6:22,7:28,8:31,9:34,10:37,11:45,12:47,13:51,14:55,15:60,16:65,17:67,18:71,19:77,20:80,21:83,22:88,23:93,24:97,25:100,26:102,27:108,28:110,29:115,30:121,31:125,32:128,33:133,34:137,35:139,36:145,37:147,38:151,39:157,40:161,41:162,42:168,43:171,44:176,45:181,46:185,47:189,48:190,49:194,50:199', ' ', ' ', NULL, NULL, NULL, NULL, 0, 0, 0, 0, 0),
(207, 2, 1, 208, '1:24,2:32,3:42,4:34,5:35,6:29,7:48,8:47,9:9,10:6,11:22,12:23,13:37,14:19,15:49,16:27,17:46,18:14,19:2,20:31,21:5,22:50,23:26,24:36,25:10,26:40,27:3,28:18,29:44,30:30,31:16,32:25,33:11,34:43,35:28,36:20,37:38,38:1,39:8,40:33,41:21,42:4,43:39,44:41,45:45,46:7,47:13,48:12,49:17,50:15', '1:4,2:5,3:10,4:16,5:20,6:22,7:25,8:31,9:36,10:37,11:44,12:47,13:50,14:55,15:58,16:65,17:67,18:71,19:77,20:80,21:83,22:88,23:93,24:97,25:100,26:102,27:108,28:110,29:115,30:121,31:122,32:129,33:133,34:137,35:139,36:145,37:147,38:151,39:157,40:158,41:162,42:169,43:171,44:176,45:181,46:185,47:189,48:190,49:194,50:199', ' ', ' ', NULL, NULL, NULL, NULL, 0, 0, 0, 0, 0),
(208, 2, 1, 209, '1:2,2:15,3:19,4:4,5:48,6:37,7:28,8:16,9:42,10:18,11:10,12:45,13:6,14:32,15:47,16:40,17:3,18:9,19:36,20:43,21:14,22:5,23:38,24:12,25:23,26:13,27:49,28:41,29:29,30:26,31:21,32:7,33:27,34:25,35:11,36:34,37:50,38:1,39:22,40:33,41:44,42:39,43:8,44:17,45:30,46:31,47:46,48:20,49:35,50:24', '1:4,2:8,3:10,4:16,5:20,6:23,7:25,8:31,9:36,10:37,11:45,12:47,13:50,14:55,15:61,16:63,17:66,18:72,19:75,20:81,21:83,22:89,23:93,24:97,25:100,26:104,27:108,28:110,29:115,30:121,31:122,32:128,33:133,34:136,35:138,36:144,37:147,38:152,39:154,40:161,41:162,42:169,43:171,44:176,45:181,46:185,47:187,48:190,49:196,50:201', ' ', ' ', NULL, NULL, NULL, NULL, 0, 0, 0, 0, 0),
(209, 2, 1, 210, '', '', ' ', ' ', NULL, NULL, NULL, NULL, 0, 0, 0, 0, 0),
(210, 2, 1, 211, '1:11,2:9,3:10,4:42,5:2,6:31,7:1,8:29,9:27,10:33,11:34,12:35,13:4,14:45,15:16,16:7,17:44,18:26,19:50,20:24,21:47,22:43,23:15,24:25,25:38,26:32,27:19,28:49,29:14,30:20,31:3,32:28,33:36,34:48,35:22,36:30,37:41,38:23,39:46,40:39,41:18,42:40,43:5,44:8,45:13,46:17,47:6,48:12,49:37,50:21', '1:4,2:7,3:9,4:13,5:18,6:23,7:26,8:30,9:36,10:38,11:42,12:48,13:50,14:56,15:60,16:65,17:68,18:70,19:76,20:81,21:82,22:88,23:93,24:97,25:100,26:102,27:108,28:112,29:115,30:121,31:125,32:127,33:130,34:136,35:138,36:145,37:149,38:150,39:157,40:159,41:162,42:169,43:171,44:176,45:179,46:185,47:188,48:191,49:196,50:199', ' ', ' ', NULL, NULL, NULL, NULL, 0, 0, 0, 0, 0),
(211, 2, 1, 212, '1:49,2:21,3:17,4:18,5:31,6:20,7:42,8:43,9:4,10:25,11:47,12:9,13:16,14:46,15:30,16:35,17:19,18:44,19:34,20:23,21:7,22:10,23:1,24:28,25:48,26:22,27:29,28:13,29:12,30:2,31:3,32:11,33:6,34:37,35:41,36:26,37:50,38:27,39:8,40:33,41:14,42:15,43:24,44:38,45:36,46:40,47:32,48:5,49:45,50:39', '1:1,2:5,3:10,4:-1,5:17,6:21,7:28,8:-1,9:34,10:38,11:45,12:47,13:50,14:55,15:59,16:65,17:68,18:72,19:74,20:80,21:83,22:88,23:93,24:-1,25:100,26:104,27:-1,28:110,29:115,30:121,31:122,32:129,33:133,34:137,35:139,36:145,37:147,38:151,39:157,40:160,41:162,42:168,43:171,44:176,45:180,46:185,47:189,48:190,49:194,50:201', ' ', ' ', NULL, NULL, NULL, NULL, 0, 0, 0, 0, 0),
(212, 2, 1, 213, '', '', ' ', ' ', NULL, NULL, NULL, NULL, 0, 0, 0, 0, 0),
(213, 2, 1, 214, '', '', ' ', ' ', NULL, NULL, NULL, NULL, 0, 0, 0, 0, 0),
(214, 2, 1, 215, '', '', ' ', ' ', NULL, NULL, NULL, NULL, 0, 0, 0, 0, 0),
(215, 2, 1, 216, '1:29,2:15,3:3,4:19,5:39,6:40,7:18,8:50,9:14,10:5,11:23,12:38,13:33,14:22,15:4,16:8,17:7,18:49,19:21,20:48,21:41,22:37,23:24,24:6,25:20,26:43,27:35,28:16,29:2,30:44,31:45,32:30,33:27,34:42,35:31,36:12,37:17,38:11,39:25,40:46,41:28,42:47,43:9,44:32,45:34,46:36,47:13,48:10,49:26,50:1', '1:4,2:5,3:10,4:15,5:19,6:23,7:28,8:31,9:35,10:38,11:45,12:47,13:50,14:54,15:60,16:65,17:67,18:72,19:77,20:80,21:83,22:88,23:93,24:97,25:100,26:102,27:108,28:110,29:114,30:120,31:122,32:128,33:130,34:134,35:140,36:145,37:147,38:150,39:156,40:161,41:162,42:169,43:171,44:176,45:179,46:185,47:187,48:190,49:197,50:199', ' ', ' ', NULL, NULL, NULL, NULL, 0, 0, 0, 0, 0),
(216, 2, 1, 217, '1:36,2:42,3:20,4:16,5:3,6:48,7:9,8:47,9:4,10:22,11:25,12:5,13:1,14:17,15:31,16:19,17:46,18:10,19:7,20:34,21:15,22:49,23:45,24:13,25:12,26:33,27:26,28:23,29:21,30:41,31:37,32:32,33:50,34:11,35:6,36:27,37:35,38:29,39:24,40:44,41:43,42:40,43:39,44:2,45:8,46:30,47:18,48:28,49:14,50:38', '1:4,2:5,3:10,4:16,5:19,6:22,7:26,8:31,9:33,10:37,11:43,12:46,13:50,14:55,15:60,16:65,17:67,18:73,19:75,20:80,21:83,22:88,23:93,24:97,25:100,26:102,27:108,28:110,29:115,30:121,31:122,32:128,33:133,34:137,35:139,36:145,37:147,38:151,39:157,40:161,41:162,42:169,43:173,44:176,45:181,46:185,47:187,48:190,49:195,50:199', ' ', ' ', NULL, NULL, NULL, NULL, 0, 0, 0, 0, 0),
(217, 2, 1, 218, '1:49,2:26,3:43,4:42,5:7,6:14,7:35,8:46,9:3,10:21,11:4,12:8,13:28,14:12,15:39,16:17,17:2,18:11,19:25,20:20,21:30,22:10,23:1,24:37,25:15,26:23,27:45,28:40,29:50,30:6,31:33,32:9,33:32,34:18,35:36,36:22,37:29,38:44,39:24,40:16,41:47,42:13,43:34,44:5,45:19,46:27,47:38,48:41,49:31,50:48', '1:4,2:5,3:10,4:13,5:20,6:22,7:25,8:31,9:33,10:38,11:44,12:47,13:50,14:55,15:60,16:65,17:67,18:72,19:74,20:80,21:83,22:88,23:93,24:97,25:100,26:102,27:106,28:110,29:115,30:118,31:122,32:128,33:133,34:137,35:139,36:145,37:146,38:151,39:157,40:158,41:162,42:169,43:171,44:176,45:181,46:185,47:189,48:190,49:194,50:199', ' ', ' ', NULL, NULL, NULL, NULL, 0, 0, 0, 0, 0),
(218, 2, 1, 219, '1:19,2:40,3:24,4:20,5:17,6:50,7:49,8:7,9:38,10:3,11:43,12:33,13:29,14:21,15:37,16:10,17:15,18:13,19:18,20:42,21:30,22:2,23:35,24:12,25:36,26:9,27:22,28:27,29:16,30:48,31:1,32:25,33:5,34:26,35:47,36:28,37:4,38:31,39:32,40:14,41:45,42:6,43:8,44:34,45:39,46:46,47:44,48:23,49:11,50:41', '1:1,2:7,3:10,4:13,5:19,6:24,7:25,8:29,9:36,10:37,11:45,12:47,13:50,14:54,15:60,16:63,17:66,18:70,19:75,20:79,21:83,22:88,23:93,24:97,25:99,26:102,27:108,28:110,29:115,30:121,31:122,32:128,33:133,34:137,35:139,36:145,37:147,38:151,39:157,40:160,41:162,42:168,43:171,44:174,45:181,46:185,47:189,48:190,49:194,50:201', ' ', ' ', NULL, NULL, NULL, NULL, 0, 0, 0, 0, 0),
(219, 2, 1, 220, '1:20,2:5,3:10,4:50,5:31,6:46,7:38,8:4,9:3,10:12,11:21,12:47,13:26,14:35,15:34,16:36,17:40,18:29,19:49,20:39,21:24,22:11,23:45,24:30,25:27,26:7,27:25,28:6,29:9,30:16,31:48,32:28,33:18,34:42,35:41,36:37,37:32,38:22,39:44,40:43,41:13,42:17,43:8,44:1,45:15,46:2,47:14,48:33,49:19,50:23', '1:1,2:8,3:9,4:14,5:17,6:22,7:25,8:29,9:34,10:41,11:44,12:47,13:51,14:57,15:58,16:65,17:66,18:73,19:77,20:78,21:83,22:89,23:90,24:95,25:98,26:103,27:108,28:110,29:117,30:119,31:123,32:129,33:133,34:135,35:138,36:143,37:146,38:151,39:156,40:159,41:162,42:167,43:170,44:177,45:180,46:183,47:188,48:191,49:195,50:198', ' ', ' ', NULL, NULL, NULL, NULL, 0, 0, 0, 0, 0),
(220, 2, 1, 221, '', '', ' ', ' ', NULL, NULL, NULL, NULL, 0, 0, 0, 0, 0),
(221, 2, 1, 222, '1:5,2:9,3:48,4:35,5:27,6:14,7:30,8:19,9:25,10:2,11:16,12:20,13:36,14:44,15:1,16:40,17:28,18:38,19:6,20:43,21:50,22:42,23:3,24:29,25:11,26:18,27:34,28:45,29:15,30:39,31:22,32:8,33:17,34:31,35:49,36:41,37:13,38:26,39:32,40:37,41:4,42:21,43:10,44:24,45:23,46:33,47:47,48:7,49:12,50:46', '1:1,2:5,3:10,4:15,5:19,6:23,7:25,8:31,9:35,10:38,11:42,12:49,13:52,14:54,15:61,16:63,17:66,18:72,19:77,20:80,21:85,22:86,23:90,24:97,25:99,26:102,27:107,28:113,29:115,30:118,31:125,32:128,33:133,34:134,35:139,36:144,37:147,38:150,39:157,40:160,41:162,42:169,43:171,44:176,45:181,46:185,47:189,48:190,49:194,50:199', ' ', ' ', NULL, NULL, NULL, NULL, 0, 0, 0, 0, 0),
(222, 2, 1, 223, '1:2,2:42,3:8,4:41,5:45,6:29,7:49,8:3,9:35,10:19,11:5,12:9,13:16,14:46,15:22,16:11,17:47,18:1,19:17,20:36,21:33,22:34,23:18,24:14,25:20,26:27,27:30,28:39,29:50,30:43,31:37,32:15,33:21,34:6,35:31,36:13,37:23,38:25,39:12,40:7,41:44,42:10,43:32,44:48,45:38,46:40,47:4,48:28,49:24,50:26', '1:4,2:5,3:10,4:13,5:19,6:22,7:28,8:31,9:33,10:37,11:44,12:47,13:51,14:55,15:60,16:65,17:67,18:71,19:77,20:80,21:85,22:88,23:93,24:97,25:100,26:102,27:108,28:110,29:115,30:121,31:125,32:128,33:133,34:137,35:139,36:145,37:147,38:151,39:157,40:159,41:162,42:169,43:171,44:176,45:181,46:185,47:189,48:190,49:194,50:199', ' ', ' ', NULL, NULL, NULL, NULL, 0, 0, 0, 0, 0),
(223, 2, 1, 224, '1:50,2:20,3:48,4:10,5:40,6:25,7:26,8:34,9:38,10:12,11:22,12:4,13:15,14:8,15:14,16:46,17:5,18:35,19:24,20:36,21:7,22:29,23:21,24:33,25:41,26:16,27:9,28:1,29:18,30:42,31:45,32:30,33:44,34:2,35:28,36:23,37:37,38:6,39:32,40:11,41:27,42:17,43:3,44:19,45:49,46:39,47:13,48:31,49:47,50:43', '1:3,2:7,3:10,4:14,5:18,6:24,7:27,8:31,9:36,10:40,11:44,12:47,13:50,14:54,15:60,16:65,17:67,18:71,19:77,20:80,21:83,22:88,23:93,24:97,25:100,26:102,27:107,28:110,29:115,30:121,31:122,32:128,33:130,34:137,35:138,36:145,37:147,38:151,39:155,40:161,41:162,42:169,43:171,44:176,45:181,46:185,47:189,48:190,49:194,50:199', ' ', ' ', NULL, NULL, NULL, NULL, 0, 0, 0, 0, 0),
(224, 2, 1, 225, '', '', ' ', ' ', NULL, NULL, NULL, NULL, 0, 0, 0, 0, 0),
(225, 2, 1, 226, '1:28,2:36,3:20,4:40,5:3,6:35,7:42,8:48,9:31,10:13,11:9,12:24,13:27,14:15,15:22,16:17,17:49,18:26,19:33,20:25,21:1,22:11,23:50,24:30,25:21,26:2,27:41,28:12,29:16,30:46,31:32,32:43,33:37,34:19,35:47,36:23,37:45,38:4,39:7,40:34,41:6,42:8,43:44,44:14,45:10,46:38,47:29,48:18,49:5,50:39', '1:1,2:5,3:10,4:14,5:19,6:22,7:25,8:31,9:34,10:38,11:45,12:47,13:50,14:55,15:61,16:65,17:67,18:73,19:77,20:80,21:83,22:88,23:93,24:97,25:99,26:102,27:109,28:110,29:115,30:121,31:122,32:128,33:133,34:137,35:138,36:145,37:147,38:151,39:157,40:160,41:162,42:168,43:171,44:176,45:181,46:185,47:189,48:190,49:194,50:200', ' ', ' ', NULL, NULL, NULL, NULL, 0, 0, 0, 0, 0),
(226, 2, 1, 227, '', '', ' ', ' ', NULL, NULL, NULL, NULL, 0, 0, 0, 0, 0),
(227, 2, 1, 228, '', '', ' ', ' ', NULL, NULL, NULL, NULL, 0, 0, 0, 0, 0),
(228, 2, 1, 229, '', '', ' ', ' ', NULL, NULL, NULL, NULL, 0, 0, 0, 0, 0),
(229, 2, 1, 230, '1:42,2:23,3:24,4:43,5:15,6:19,7:28,8:4,9:26,10:1,11:17,12:44,13:31,14:7,15:12,16:21,17:36,18:33,19:50,20:8,21:30,22:39,23:46,24:40,25:25,26:48,27:16,28:41,29:35,30:9,31:27,32:13,33:22,34:6,35:11,36:18,37:3,38:20,39:29,40:5,41:45,42:10,43:14,44:32,45:47,46:2,47:37,48:49,49:38,50:34', '1:4,2:5,3:11,4:13,5:19,6:24,7:26,8:29,9:35,10:40,11:44,12:47,13:52,14:57,15:59,16:64,17:69,18:70,19:75,20:78,21:82,22:89,23:90,24:97,25:99,26:104,27:109,28:113,29:117,30:120,31:122,32:126,33:130,34:137,35:138,36:143,37:149,38:152,39:155,40:158,41:164,42:168,43:171,44:176,45:178,46:182,47:189,48:190,49:196,50:201', ' ', ' ', NULL, NULL, NULL, NULL, 0, 0, 0, 0, 0),
(230, 2, 1, 231, '', '', ' ', ' ', NULL, NULL, NULL, NULL, 0, 0, 0, 0, 0),
(231, 2, 1, 232, '', '', ' ', ' ', NULL, NULL, NULL, NULL, 0, 0, 0, 0, 0),
(232, 2, 1, 233, '', '', ' ', ' ', NULL, NULL, NULL, NULL, 0, 0, 0, 0, 0),
(233, 2, 1, 234, '', '', ' ', ' ', NULL, NULL, NULL, NULL, 0, 0, 0, 0, 0),
(234, 2, 1, 235, '', '', ' ', ' ', NULL, NULL, NULL, NULL, 0, 0, 0, 0, 0),
(235, 2, 1, 236, '', '', ' ', ' ', NULL, NULL, NULL, NULL, 0, 0, 0, 0, 0),
(236, 2, 1, 237, '1:39,2:10,3:37,4:22,5:19,6:23,7:45,8:35,9:27,10:6,11:34,12:33,13:4,14:41,15:17,16:18,17:24,18:28,19:38,20:9,21:25,22:26,23:20,24:14,25:5,26:8,27:21,28:50,29:30,30:42,31:2,32:36,33:43,34:11,35:49,36:16,37:40,38:15,39:3,40:29,41:44,42:7,43:46,44:13,45:1,46:48,47:32,48:31,49:12,50:47', '1:4,2:5,3:10,4:15,5:19,6:22,7:28,8:30,9:34,10:37,11:45,12:47,13:50,14:55,15:60,16:65,17:67,18:72,19:77,20:80,21:83,22:88,23:93,24:97,25:100,26:102,27:108,28:110,29:115,30:121,31:122,32:128,33:133,34:137,35:139,36:145,37:147,38:151,39:157,40:160,41:165,42:168,43:171,44:176,45:181,46:185,47:189,48:190,49:194,50:201', ' ', ' ', NULL, NULL, NULL, NULL, 0, 0, 0, 0, 0),
(237, 2, 1, 238, '', '', ' ', ' ', NULL, NULL, NULL, NULL, 0, 0, 0, 0, 0),
(238, 2, 1, 239, '', '', ' ', ' ', NULL, NULL, NULL, NULL, 0, 0, 0, 0, 0),
(239, 2, 1, 240, '', '', ' ', ' ', NULL, NULL, NULL, NULL, 0, 0, 0, 0, 0),
(240, 2, 1, 241, '1:26,2:38,3:42,4:5,5:40,6:36,7:7,8:23,9:37,10:45,11:43,12:18,13:39,14:1,15:44,16:46,17:3,18:33,19:4,20:32,21:29,22:47,23:16,24:30,25:28,26:50,27:25,28:19,29:20,30:35,31:34,32:22,33:10,34:9,35:15,36:31,37:48,38:2,39:24,40:41,41:6,42:17,43:13,44:11,45:21,46:49,47:14,48:12,49:8,50:27', '1:3,2:5,3:10,4:13,5:19,6:22,7:27,8:31,9:36,10:37,11:44,12:47,13:51,14:55,15:60,16:65,17:67,18:71,19:75,20:80,21:-1,22:88,23:93,24:97,25:100,26:102,27:108,28:110,29:115,30:121,31:122,32:128,33:133,34:137,35:139,36:145,37:147,38:151,39:156,40:160,41:162,42:169,43:171,44:176,45:181,46:185,47:187,48:190,49:194,50:199', ' ', ' ', NULL, NULL, NULL, NULL, 0, 0, 0, 0, 0),
(241, 2, 1, 242, '', '', ' ', ' ', NULL, NULL, NULL, NULL, 0, 0, 0, 0, 0),
(242, 2, 1, 243, '1:20,2:33,3:19,4:34,5:39,6:10,7:3,8:35,9:11,10:45,11:29,12:40,13:17,14:49,15:13,16:5,17:38,18:50,19:18,20:12,21:43,22:9,23:7,24:31,25:16,26:8,27:14,28:1,29:24,30:44,31:21,32:46,33:26,34:2,35:28,36:25,37:42,38:36,39:15,40:30,41:41,42:6,43:23,44:37,45:27,46:48,47:32,48:4,49:47,50:22', '1:2,2:7,3:10,4:15,5:20,6:22,7:25,8:31,9:33,10:38,11:44,12:47,13:50,14:55,15:59,16:65,17:69,18:71,19:75,20:81,21:82,22:88,23:90,24:97,25:98,26:102,27:106,28:110,29:114,30:121,31:122,32:128,33:133,34:137,35:140,36:145,37:147,38:150,39:157,40:161,41:162,42:169,43:171,44:176,45:181,46:185,47:189,48:193,49:197,50:199', ' ', ' ', NULL, NULL, NULL, NULL, 0, 0, 0, 0, 0),
(243, 2, 1, 244, '1:43,2:23,3:38,4:41,5:26,6:8,7:50,8:35,9:25,10:32,11:4,12:47,13:48,14:21,15:18,16:40,17:33,18:9,19:10,20:29,21:22,22:6,23:44,24:15,25:19,26:5,27:13,28:24,29:37,30:31,31:36,32:30,33:27,34:2,35:39,36:12,37:49,38:42,39:1,40:11,41:3,42:45,43:46,44:14,45:20,46:34,47:28,48:17,49:7,50:16', '1:4,2:5,3:12,4:15,5:20,6:22,7:27,8:29,9:36,10:37,11:44,12:49,13:52,14:55,15:61,16:63,17:67,18:72,19:75,20:81,21:83,22:88,23:93,24:97,25:99,26:102,27:108,28:110,29:115,30:121,31:122,32:128,33:133,34:137,35:139,36:145,37:147,38:151,39:157,40:160,41:162,42:168,43:171,44:174,45:181,46:185,47:189,48:190,49:194,50:201', ' ', ' ', NULL, NULL, NULL, NULL, 0, 0, 0, 0, 0),
(244, 2, 1, 245, '', '', ' ', ' ', NULL, NULL, NULL, NULL, 0, 0, 0, 0, 0),
(245, 2, 1, 246, '', '', ' ', ' ', NULL, NULL, NULL, NULL, 0, 0, 0, 0, 0),
(246, 2, 1, 247, '1:20,2:1,3:12,4:31,5:33,6:5,7:27,8:23,9:24,10:19,11:44,12:34,13:38,14:28,15:18,16:42,17:46,18:6,19:11,20:32,21:3,22:36,23:40,24:8,25:35,26:17,27:25,28:15,29:9,30:21,31:45,32:47,33:10,34:2,35:29,36:4,37:39,38:13,39:41,40:16,41:50,42:43,43:14,44:22,45:37,46:26,47:30,48:48,49:49,50:7', '1:1,2:5,3:12,4:13,5:19,6:22,7:25,8:29,9:34,10:38,11:44,12:48,13:50,14:54,15:61,16:65,17:67,18:71,19:75,20:80,21:82,22:87,23:93,24:97,25:99,26:102,27:108,28:110,29:114,30:121,31:125,32:128,33:133,34:137,35:138,36:145,37:149,38:153,39:157,40:161,41:162,42:169,43:171,44:176,45:181,46:185,47:189,48:190,49:196,50:199', ' ', ' ', NULL, NULL, NULL, NULL, 0, 0, 0, 0, 0),
(247, 2, 1, 248, '1:19,2:5,3:27,4:35,5:21,6:20,7:32,8:4,9:18,10:3,11:50,12:26,13:25,14:6,15:22,16:15,17:12,18:29,19:13,20:46,21:9,22:28,23:38,24:8,25:31,26:2,27:33,28:37,29:16,30:11,31:1,32:39,33:49,34:34,35:42,36:14,37:41,38:36,39:40,40:7,41:47,42:48,43:24,44:43,45:17,46:45,47:10,48:44,49:30,50:23', '1:1,2:7,3:12,4:-1,5:18,6:24,7:27,8:31,9:34,10:41,11:42,12:48,13:52,14:56,15:59,16:64,17:67,18:73,19:74,20:81,21:85,22:89,23:92,24:95,25:101,26:102,27:108,28:113,29:114,30:119,31:122,32:129,33:132,34:137,35:138,36:142,37:149,38:152,39:156,40:158,41:162,42:166,43:172,44:175,45:178,46:184,47:187,48:191,49:195,50:198', ' ', ' ', NULL, NULL, NULL, NULL, 0, 0, 0, 0, 0),
(248, 2, 1, 249, '', '', ' ', ' ', NULL, NULL, NULL, NULL, 0, 0, 0, 0, 0),
(249, 2, 1, 250, '', '', ' ', ' ', NULL, NULL, NULL, NULL, 0, 0, 0, 0, 0);

-- --------------------------------------------------------

--
-- Table structure for table `cats`
--

DROP TABLE IF EXISTS `cats`;
CREATE TABLE IF NOT EXISTS `cats` (
  `id` int(11) NOT NULL AUTO_INCREMENT,
  `cat_name` varchar(255) NOT NULL,
  PRIMARY KEY (`id`)
) ENGINE=InnoDB AUTO_INCREMENT=2 DEFAULT CHARSET=latin1 COLLATE=latin1_swedish_ci;

--
-- Dumping data for table `cats`
--

INSERT INTO `cats` (`id`, `cat_name`) VALUES
(1, 'Assessment Test #002');

-- --------------------------------------------------------

--
-- Table structure for table `imported_users`
--

DROP TABLE IF EXISTS `imported_users`;
CREATE TABLE IF NOT EXISTS `imported_users` (
  `id` int(11) NOT NULL AUTO_INCREMENT,
  `name` varchar(250) NOT NULL DEFAULT '',
  `surname` varchar(255) NOT NULL DEFAULT '',
  `user_name` varchar(150) NOT NULL DEFAULT '',
  `password` varchar(150) NOT NULL DEFAULT '',
  PRIMARY KEY (`id`)
) ENGINE=MyISAM AUTO_INCREMENT=3 DEFAULT CHARSET=latin1 COLLATE=latin1_swedish_ci;

--
-- Dumping data for table `imported_users`
--

INSERT INTO `imported_users` (`id`, `name`, `surname`, `user_name`, `password`) VALUES
(1, 'test1', 'test2', 'user1', 'ee11cbb19052e40b07aac0ca060c23ee'),
(2, 'test2', 'test2', 'user2', 'ee11cbb19052e40b07aac0ca060c23ee');

-- --------------------------------------------------------

--
-- Table structure for table `maxedu_cp_loadmax`
--

DROP TABLE IF EXISTS `maxedu_cp_loadmax`;
CREATE TABLE IF NOT EXISTS `maxedu_cp_loadmax` (
  `id` int(10) UNSIGNED NOT NULL AUTO_INCREMENT,
  `loadtext` varchar(50) NOT NULL,
  `loadval` double NOT NULL DEFAULT 0,
  `loadtime` datetime NOT NULL,
  PRIMARY KEY (`id`)
) ENGINE=InnoDB AUTO_INCREMENT=817 DEFAULT CHARSET=latin1 COLLATE=latin1_swedish_ci;

--
-- Dumping data for table `maxedu_cp_loadmax`
--

INSERT INTO `maxedu_cp_loadmax` (`id`, `loadtext`, `loadval`, `loadtime`) VALUES
(1, '[0,0.01,0.05]', 0.05, '2020-07-21 03:03:56'),
(2, '[0.08,0.03,0.05]', 0.08, '2020-07-21 03:05:36'),
(3, '[0.08,0.1,0.08]', 0.1, '2020-07-21 05:05:46'),
(4, '[0.12,0.11,0.08]', 0.12, '2020-07-21 05:06:24'),
(5, '[0.21,0.12,0.09]', 0.21, '2020-07-21 05:07:20'),
(6, '[0.27,0.14,0.09]', 0.27, '2020-07-21 05:07:25'),
(7, '[0.47,0.18,0.11]', 0.47, '2020-07-21 05:12:10'),
(8, '[0,0.01,0.05]', 0.05, '2020-07-21 06:54:37'),
(9, '[0.07,0.03,0.05]', 0.07, '2020-07-21 08:19:46'),
(10, '[0.14,0.16,0.1]', 0.16, '2020-07-21 09:19:03'),
(11, '[0.04,0.1,0.09]', 0.1, '2020-07-21 10:29:42'),
(12, '[0.15,0.11,0.1]', 0.15, '2020-07-21 10:30:45'),
(13, '[0.29,0.14,0.11]', 0.29, '2020-07-21 10:30:53'),
(14, '[0.35,0.11,0.09]', 0.35, '2020-07-21 10:56:10'),
(15, '[0.01,0.06,0.07]', 0.07, '2020-07-21 11:00:01'),
(16, '[0.08,0.06,0.07]', 0.08, '2020-07-21 11:02:06'),
(17, '[0.13,0.07,0.07]', 0.13, '2020-07-21 11:02:31'),
(18, '[0.17,0.07,0.06]', 0.17, '2020-07-21 11:08:04'),
(19, '[0.18,0.1,0.06]', 0.18, '2020-07-21 11:12:18'),
(20, '[0.22,0.11,0.08]', 0.22, '2020-07-21 11:25:37'),
(21, '[0.27,0.12,0.09]', 0.27, '2020-07-21 11:25:45'),
(22, '[0.29,0.13,0.09]', 0.29, '2020-07-21 11:26:01'),
(23, '[0.09,0.08,0.07]', 0.09, '2020-07-22 02:21:04'),
(24, '[0.33,0.1,0.07]', 0.33, '2020-07-22 02:28:04'),
(25, '[0.39,0.12,0.07]', 0.39, '2020-07-22 02:28:12'),
(26, '[0.68,0.18,0.09]', 0.68, '2020-07-22 02:28:16'),
(27, '[0.02,0.05,0.05]', 0.05, '2020-07-22 09:40:09'),
(28, '[0.11,0.06,0.05]', 0.11, '2020-07-22 11:25:48'),
(29, '[0.15,0.08,0.05]', 0.15, '2020-07-22 11:27:26'),
(30, '[0.25,0.11,0.06]', 0.25, '2020-07-22 11:30:00'),
(31, '[0.29,0.13,0.07]', 0.29, '2020-07-22 11:31:37'),
(32, '[0.09,0.07,0.05]', 0.09, '2020-07-22 12:48:04'),
(33, '[0.15,0.08,0.06]', 0.15, '2020-07-22 12:48:11'),
(34, '[0,0.01,0.05]', 0.05, '2020-07-23 02:10:30'),
(35, '[0.08,0.03,0.05]', 0.08, '2020-07-23 02:11:17'),
(36, '[0.16,0.05,0.06]', 0.16, '2020-07-23 02:21:49'),
(37, '[0.33,0.09,0.07]', 0.33, '2020-07-23 02:25:01'),
(38, '[0.38,0.13,0.07]', 0.38, '2020-07-23 02:28:23'),
(39, '[0.43,0.14,0.08]', 0.43, '2020-07-23 02:28:27'),
(40, '[0.44,0.16,0.08]', 0.44, '2020-07-23 02:28:39'),
(41, '[0.49,0.17,0.09]', 0.49, '2020-07-23 02:28:43'),
(42, '[0.61,0.2,0.1]', 0.61, '2020-07-23 02:28:47'),
(43, '[0.64,0.21,0.1]', 0.64, '2020-07-23 02:28:51'),
(44, '[0.02,0.02,0.05]', 0.05, '2020-07-23 04:13:58'),
(45, '[0.08,0.03,0.05]', 0.08, '2020-07-23 04:20:00'),
(46, '[0.1,0.04,0.05]', 0.1, '2020-07-23 04:21:32'),
(47, '[0.08,0.08,0.06]', 0.08, '2020-07-23 09:20:15'),
(48, '[0.06,0.07,0.06]', 0.07, '2020-07-23 13:58:02'),
(49, '[0.01,0.05,0.05]', 0.05, '2020-07-23 14:00:01'),
(50, '[0.08,0.05,0.05]', 0.08, '2020-07-23 14:01:50'),
(51, '[0.13,0.06,0.05]', 0.13, '2020-07-23 14:02:16'),
(52, '[0.2,0.08,0.06]', 0.2, '2020-07-23 14:02:21'),
(53, '[0.02,0.02,0.05]', 0.05, '2020-07-23 18:16:38'),
(54, '[0.08,0.03,0.05]', 0.08, '2020-07-23 18:25:04'),
(55, '[0.14,0.05,0.05]', 0.14, '2020-07-23 18:45:18'),
(56, '[0.17,0.06,0.06]', 0.17, '2020-07-23 18:45:49'),
(57, '[0.23,0.08,0.06]', 0.23, '2020-07-23 18:46:37'),
(58, '[0,0.01,0.05]', 0.05, '2020-07-23 21:07:14'),
(59, '[0.01,0.06,0.06]', 0.06, '2020-07-24 02:32:36'),
(60, '[0.08,0.04,0.05]', 0.08, '2020-07-24 02:37:02'),
(61, '[0.12,0.06,0.05]', 0.12, '2020-07-24 02:37:52'),
(62, '[0.14,0.07,0.05]', 0.14, '2020-07-24 02:38:28'),
(63, '[0.04,0.03,0.05]', 0.05, '2020-07-24 06:47:09'),
(64, '[0.1,0.04,0.05]', 0.1, '2020-07-24 06:47:35'),
(65, '[0,0.01,0.05]', 0.05, '2020-07-24 08:24:03'),
(66, '[0.09,0.04,0.05]', 0.09, '2020-07-24 08:31:27'),
(67, '[0,0.01,0.05]', 0.05, '2020-07-24 09:01:24'),
(68, '[0.14,0.05,0.06]', 0.14, '2020-07-24 09:03:19'),
(69, '[0,0.01,0.05]', 0.05, '2020-07-24 10:33:13'),
(70, '[0.16,0.05,0.06]', 0.16, '2020-07-24 10:36:54'),
(71, '[0.22,0.06,0.06]', 0.22, '2020-07-24 10:37:04'),
(72, '[0.03,0.22,0.16]', 0.22, '2020-07-25 02:33:25'),
(73, '[0.29,0.14,0.14]', 0.29, '2020-07-25 02:38:42'),
(74, '[0.34,0.16,0.15]', 0.34, '2020-07-25 02:38:46'),
(75, '[0,0.01,0.05]', 0.05, '2020-07-25 03:09:15'),
(76, '[0.06,0.06,0.05]', 0.06, '2020-07-25 04:29:16'),
(77, '[0.1,0.06,0.05]', 0.1, '2020-07-25 07:58:04'),
(78, '[0,0.01,0.05]', 0.05, '2020-07-25 10:46:33'),
(79, '[0,0.01,0.05]', 0.05, '2020-07-25 12:08:55'),
(80, '[0,0.01,0.05]', 0.05, '2020-07-25 14:09:35'),
(81, '[0.08,0.09,0.07]', 0.09, '2020-07-26 04:24:18'),
(82, '[0.06,0.06,0.05]', 0.06, '2020-07-26 05:27:44'),
(83, '[0.1,0.07,0.05]', 0.1, '2020-07-26 05:29:02'),
(84, '[0.11,0.09,0.06]', 0.11, '2020-07-26 09:01:25'),
(85, '[0.15,0.08,0.05]', 0.15, '2020-07-26 09:04:30'),
(86, '[0.16,0.07,0.06]', 0.16, '2020-07-26 09:08:47'),
(87, '[0.19,0.09,0.06]', 0.19, '2020-07-26 09:10:02'),
(88, '[0.25,0.11,0.06]', 0.25, '2020-07-26 09:30:43'),
(89, '[0.02,0.04,0.05]', 0.05, '2020-07-26 10:16:37'),
(90, '[0.08,0.03,0.05]', 0.08, '2020-07-26 10:20:17'),
(91, '[0.13,0.05,0.05]', 0.13, '2020-07-26 10:20:46'),
(92, '[0,0.01,0.05]', 0.05, '2020-07-26 12:05:48'),
(93, '[0.12,0.04,0.05]', 0.12, '2020-07-26 12:17:57'),
(94, '[0,0.01,0.05]', 0.05, '2020-08-07 02:55:10'),
(95, '[0.03,0.04,0.05]', 0.05, '2020-08-07 03:16:08'),
(96, '[0,0.02,0.05]', 0.05, '2020-08-07 04:35:01'),
(97, '[0,0.02,0.05]', 0.05, '2020-08-07 07:41:20'),
(98, '[0,0.01,0.05]', 0.05, '2020-08-07 11:25:40'),
(99, '[0,0.01,0.05]', 0.05, '2020-08-08 02:59:50'),
(100, '[0,0.01,0.05]', 0.05, '2020-08-08 03:00:00'),
(101, '[0.08,0.03,0.05]', 0.08, '2020-08-08 03:01:59'),
(102, '[0.12,0.04,0.05]', 0.12, '2020-08-08 03:02:39'),
(103, '[0,0.01,0.05]', 0.05, '2020-08-08 11:07:23'),
(104, '[0,0.01,0.05]', 0.05, '2020-08-08 13:31:53'),
(105, '[0.08,0.03,0.05]', 0.08, '2020-08-08 13:35:08'),
(106, '[0.02,0.02,0.05]', 0.05, '2020-08-09 10:22:48'),
(107, '[0,0.01,0.05]', 0.05, '2020-08-09 14:26:36'),
(108, '[0,0.13,0.14]', 0.14, '2020-08-10 02:36:03'),
(109, '[0,0.01,0.05]', 0.05, '2020-08-10 03:08:15'),
(110, '[0.08,0.03,0.05]', 0.08, '2020-08-10 03:08:18'),
(111, '[0.38,0.14,0.09]', 0.38, '2020-08-10 03:35:15'),
(112, '[0.1,0.07,0.05]', 0.1, '2020-08-10 05:03:33'),
(113, '[0.14,0.08,0.06]', 0.14, '2020-08-10 05:04:04'),
(114, '[0.25,0.1,0.06]', 0.25, '2020-08-10 05:06:20'),
(115, '[0.28,0.12,0.07]', 0.28, '2020-08-10 05:07:03'),
(116, '[0.03,0.05,0.05]', 0.05, '2020-08-10 06:57:58'),
(117, '[0.09,0.06,0.05]', 0.09, '2020-08-10 06:58:56'),
(118, '[0.13,0.07,0.05]', 0.13, '2020-08-10 06:59:24'),
(119, '[0.08,0.06,0.05]', 0.08, '2020-08-10 07:00:02'),
(120, '[0.1,0.06,0.05]', 0.1, '2020-08-10 07:01:30'),
(121, '[0.13,0.07,0.05]', 0.13, '2020-08-10 07:02:10'),
(122, '[0.03,0.04,0.05]', 0.05, '2020-08-10 09:10:20'),
(123, '[0,0.01,0.05]', 0.05, '2020-08-10 11:05:12'),
(124, '[0.08,0.03,0.05]', 0.08, '2020-08-10 11:15:09'),
(125, '[0.13,0.04,0.05]', 0.13, '2020-08-11 03:10:15'),
(126, '[0.16,0.06,0.06]', 0.16, '2020-08-11 03:53:55'),
(127, '[0.18,0.09,0.06]', 0.18, '2020-08-11 03:56:40'),
(128, '[0.05,0.06,0.05]', 0.06, '2020-08-11 04:00:00'),
(129, '[0.24,0.06,0.06]', 0.24, '2020-08-11 04:39:58'),
(130, '[0.16,0.07,0.06]', 0.16, '2020-08-11 07:24:07'),
(131, '[0.18,0.11,0.07]', 0.18, '2020-08-11 09:54:41'),
(132, '[0.2,0.12,0.07]', 0.2, '2020-08-11 09:55:05'),
(133, '[0,0.03,0.05]', 0.05, '2020-08-11 10:19:49'),
(134, '[0,0.01,0.05]', 0.05, '2020-08-11 11:10:23'),
(135, '[0,0.03,0.05]', 0.05, '2020-08-12 13:52:32'),
(136, '[0.08,0.04,0.05]', 0.08, '2020-08-12 13:53:58'),
(137, '[0.1,0.05,0.05]', 0.1, '2020-08-12 13:55:17'),
(138, '[0.11,0.06,0.05]', 0.11, '2020-08-12 13:56:22'),
(139, '[0.12,0.06,0.05]', 0.12, '2020-08-12 13:57:23'),
(140, '[0.01,0.04,0.05]', 0.05, '2020-08-12 14:00:00'),
(141, '[0.08,0.04,0.05]', 0.08, '2020-08-12 14:02:32'),
(142, '[0.09,0.03,0.05]', 0.09, '2020-08-12 14:24:23'),
(143, '[0.17,0.05,0.06]', 0.17, '2020-08-12 14:29:36'),
(144, '[0.24,0.09,0.06]', 0.24, '2020-08-12 14:46:34'),
(145, '[0.27,0.1,0.06]', 0.27, '2020-08-12 14:46:46'),
(146, '[0.03,0.04,0.05]', 0.05, '2020-08-12 15:00:02'),
(147, '[0.08,0.04,0.05]', 0.08, '2020-08-12 15:03:42'),
(148, '[0.13,0.05,0.05]', 0.13, '2020-08-12 15:04:07'),
(149, '[0.19,0.08,0.06]', 0.19, '2020-08-12 15:09:02'),
(150, '[0.25,0.07,0.06]', 0.25, '2020-08-12 15:25:14'),
(151, '[0.35,0.11,0.07]', 0.35, '2020-08-12 15:26:04'),
(152, '[0.57,0.17,0.09]', 0.57, '2020-08-12 15:46:00'),
(153, '[0.67,0.24,0.12]', 0.67, '2020-08-12 15:55:35'),
(154, '[0.7,0.25,0.13]', 0.7, '2020-08-12 15:55:39'),
(155, '[0.05,0.12,0.11]', 0.12, '2020-08-12 16:00:02'),
(156, '[0.13,0.14,0.11]', 0.14, '2020-08-12 16:00:06'),
(157, '[0.18,0.14,0.12]', 0.18, '2020-08-12 16:00:19'),
(158, '[0.25,0.11,0.1]', 0.25, '2020-08-12 16:09:08'),
(159, '[0.29,0.12,0.11]', 0.29, '2020-08-12 16:09:20'),
(160, '[0,0.01,0.05]', 0.05, '2020-08-12 21:31:08'),
(161, '[0.01,0.07,0.07]', 0.07, '2020-08-13 14:07:34'),
(162, '[0.08,0.08,0.07]', 0.08, '2020-08-13 14:08:44'),
(163, '[0.11,0.08,0.07]', 0.11, '2020-08-13 14:09:44'),
(164, '[0,0.01,0.05]', 0.05, '2020-08-13 21:34:02'),
(165, '[0.08,0.03,0.05]', 0.08, '2020-08-13 21:34:05'),
(166, '[0.14,0.05,0.05]', 0.14, '2020-08-13 21:34:25'),
(167, '[0.02,0.02,0.05]', 0.05, '2020-08-14 13:37:48'),
(168, '[0.08,0.03,0.05]', 0.08, '2020-08-14 13:39:02'),
(169, '[0.14,0.05,0.05]', 0.14, '2020-08-14 13:39:22'),
(170, '[0.2,0.06,0.06]', 0.2, '2020-08-14 13:39:30'),
(171, '[0.3,0.09,0.07]', 0.3, '2020-08-14 13:39:50'),
(172, '[0,0.02,0.05]', 0.05, '2020-08-14 14:00:00'),
(173, '[0.08,0.03,0.05]', 0.08, '2020-08-14 14:01:51'),
(174, '[0.13,0.04,0.05]', 0.13, '2020-08-14 14:02:20'),
(175, '[0.06,0.08,0.12]', 0.12, '2020-08-14 19:12:15'),
(176, '[0.2,0.13,0.14]', 0.2, '2020-08-14 19:18:52'),
(177, '[0.26,0.14,0.14]', 0.26, '2020-08-14 19:18:55'),
(178, '[0,0.01,0.05]', 0.05, '2020-08-14 20:24:01'),
(179, '[0.08,0.03,0.05]', 0.08, '2020-08-14 20:25:09'),
(180, '[0.09,0.04,0.05]', 0.09, '2020-08-14 20:50:08'),
(181, '[0.01,0.02,0.05]', 0.05, '2020-08-14 21:00:00'),
(182, '[0.08,0.03,0.05]', 0.08, '2020-08-14 21:02:45'),
(183, '[0.13,0.04,0.05]', 0.13, '2020-08-14 21:03:21'),
(184, '[0.16,0.05,0.06]', 0.16, '2020-08-14 21:38:32'),
(185, '[0,0.01,0.05]', 0.05, '2020-08-14 22:00:02'),
(186, '[4.89,-1,3.79]', 4.89, '2020-10-10 16:40:54'),
(187, '[3.09,-1,5.33]', 5.33, '2020-10-10 16:40:56'),
(188, '[3.37,-1,6.91]', 6.91, '2020-10-15 12:44:38'),
(189, '[1.57,1.72,1.81]', 1.81, '2020-11-12 18:43:32'),
(190, '[1.06,1.36,1.42]', 1.42, '2020-11-13 07:01:01'),
(191, '[1.44,1.45,1.48]', 1.48, '2020-11-13 08:59:28'),
(192, '[1.48,1.46,1.49]', 1.49, '2020-11-13 08:59:32'),
(193, '[1.52,1.47,1.49]', 1.52, '2020-11-13 08:59:37'),
(194, '[1.8,1.52,1.51]', 1.8, '2020-11-13 08:59:43'),
(195, '[1.82,1.53,1.51]', 1.82, '2020-11-13 08:59:46'),
(196, '[1.91,1.56,1.52]', 1.91, '2020-11-13 08:59:52'),
(197, '[2.16,1.61,1.54]', 2.16, '2020-11-13 08:59:57'),
(198, '[1.99,1.59,1.53]', 1.99, '2020-11-13 09:00:02'),
(199, '[2.09,1.63,1.54]', 2.09, '2020-11-13 09:00:32'),
(200, '[2.25,1.67,1.56]', 2.25, '2020-11-13 09:00:37'),
(201, '[43.12,41.23,40.42]', 43.12, '2020-11-13 22:50:26'),
(202, '[43.91,41.42,40.49]', 43.91, '2020-11-13 22:50:31'),
(203, '[44.16,41.52,40.52]', 44.16, '2020-11-13 22:50:36'),
(204, '[48.43,43.09,41.11]', 48.43, '2020-11-13 22:51:24'),
(205, '[49.72,43.55,41.28]', 49.72, '2020-11-13 22:51:36'),
(206, '[50.23,43.76,41.36]', 50.23, '2020-11-13 22:51:43'),
(207, '[50.72,44.88,41.9]', 50.72, '2020-11-13 22:52:47'),
(208, '[51.47,45.13,41.99]', 51.47, '2020-11-13 22:52:51'),
(209, '[10.05,11.02,11.72]', 11.72, '2020-11-14 07:00:55'),
(210, '[10.47,11.08,11.73]', 11.73, '2020-11-14 07:01:05'),
(211, '[12.2,12.65,12.36]', 12.65, '2020-11-14 12:36:09'),
(212, '[12.27,12.66,12.36]', 12.66, '2020-11-14 12:36:14'),
(213, '[12.33,12.67,12.37]', 12.67, '2020-11-14 12:36:19'),
(214, '[15.27,17.6,17.95]', 17.95, '2020-11-16 14:02:03'),
(215, '[14.36,13.62,13.56]', 14.36, '2020-11-16 23:37:16'),
(216, '[14.4,13.65,13.57]', 14.4, '2020-11-16 23:37:24'),
(217, '[14.97,14.41,14.23]', 14.97, '2020-11-17 09:39:23'),
(218, '[32.88,23.83,18.11]', 32.88, '2020-11-17 17:11:52'),
(219, '[13.15,13.46,13.63]', 13.63, '2020-11-18 08:39:39'),
(220, '[13.43,13.51,13.64]', 13.64, '2020-11-18 08:39:45'),
(221, '[13.56,13.54,13.65]', 13.65, '2020-11-18 08:39:51'),
(222, '[13.67,13.55,13.65]', 13.67, '2020-11-18 08:40:06'),
(223, '[13.91,13.54,13.64]', 13.91, '2020-11-18 08:41:01'),
(224, '[14.8,13.73,13.7]', 14.8, '2020-11-18 08:41:09'),
(225, '[6.47,5.39,5.44]', 6.47, '2020-12-13 20:00:08'),
(226, '[6.54,5.46,5.47]', 6.54, '2020-12-13 20:00:30'),
(227, '[6.58,5.49,5.47]', 6.58, '2020-12-13 20:00:35'),
(228, '[6.72,5.56,5.5]', 6.72, '2020-12-13 20:00:50'),
(229, '[7.5,5.74,5.34]', 7.5, '2020-12-13 20:38:03'),
(230, '[4.24,4.83,5.05]', 5.05, '2020-12-13 21:00:01'),
(231, '[5.9,5.17,5.16]', 5.9, '2020-12-13 21:00:04'),
(232, '[6.47,5.3,5.2]', 6.47, '2020-12-13 21:00:09'),
(233, '[6.23,5.86,5.24]', 6.23, '2020-12-14 11:12:57'),
(234, '[6.29,5.88,5.26]', 6.29, '2020-12-14 11:13:05'),
(235, '[7.4,6.73,6.62]', 7.4, '2020-12-14 17:50:24'),
(236, '[7.67,6.84,6.66]', 7.67, '2020-12-14 17:50:52'),
(237, '[6.26,7.2,7.32]', 7.32, '2020-12-19 20:03:47'),
(238, '[8.19,7.14,7.2]', 8.19, '2020-12-19 20:09:14'),
(239, '[8.26,7.18,7.21]', 8.26, '2020-12-19 20:09:17'),
(240, '[8.38,7.24,7.23]', 8.38, '2020-12-19 20:09:29'),
(241, '[8.51,7.28,7.25]', 8.51, '2020-12-19 20:09:33'),
(242, '[8.95,7.39,7.29]', 8.95, '2020-12-19 20:09:41'),
(243, '[9.12,7.45,7.31]', 9.12, '2020-12-19 20:09:45'),
(244, '[9.13,7.91,7.5]', 9.13, '2020-12-19 20:13:20'),
(245, '[9.5,8.24,7.66]', 9.5, '2020-12-19 20:15:28'),
(246, '[7.52,7.39,7.19]', 7.52, '2020-12-19 21:12:05'),
(247, '[7.68,7.42,7.21]', 7.68, '2020-12-19 21:12:11'),
(248, '[6.78,7.37,7.18]', 7.37, '2020-12-20 12:49:08'),
(249, '[5.36,5.78,6.29]', 6.29, '2020-12-21 23:43:53'),
(250, '[5.93,6,6.27]', 6.27, '2020-12-22 16:14:43'),
(251, '[6.46,6.09,6.29]', 6.46, '2020-12-22 16:15:10'),
(252, '[5.67,5.2,5.03]', 5.67, '2020-12-26 12:35:39'),
(253, '[6.81,6.23,5.75]', 6.81, '2020-12-26 19:12:00'),
(254, '[6.83,6.24,5.75]', 6.83, '2020-12-26 19:12:02'),
(255, '[6.86,6.27,5.77]', 6.86, '2020-12-26 19:12:11'),
(256, '[6.97,6.32,5.79]', 6.97, '2020-12-26 19:12:33'),
(257, '[5.76,5.33,5.48]', 5.76, '2020-12-26 20:30:38'),
(258, '[5.92,5.38,5.48]', 5.92, '2020-12-26 20:31:16'),
(259, '[6.32,5.47,5.51]', 6.32, '2020-12-26 20:31:24'),
(260, '[5.32,5.67,5.77]', 5.77, '2020-12-27 09:19:15'),
(261, '[6.55,6.15,6.33]', 6.55, '2020-12-27 16:56:51'),
(262, '[7.22,6.3,6.38]', 7.22, '2020-12-27 16:56:56'),
(263, '[7.41,6.38,6.41]', 7.41, '2020-12-27 16:57:11'),
(264, '[5.17,5.91,6.23]', 6.23, '2020-12-27 17:00:00'),
(265, '[5.64,6,6.26]', 6.26, '2020-12-27 17:00:05'),
(266, '[6.31,5.81,5.98]', 6.31, '2020-12-27 17:14:21'),
(267, '[6.33,5.84,5.99]', 6.33, '2020-12-27 17:14:37'),
(268, '[6.63,5.91,6.01]', 6.63, '2020-12-27 17:14:41'),
(269, '[6.65,5.95,6.02]', 6.65, '2020-12-27 17:14:57'),
(270, '[6.92,6.01,6.04]', 6.92, '2020-12-27 17:15:01'),
(271, '[7.01,6.05,6.05]', 7.01, '2020-12-27 17:15:05'),
(272, '[7.09,6.11,6.07]', 7.09, '2020-12-27 17:15:21'),
(273, '[7.57,6.23,6.11]', 7.57, '2020-12-27 17:15:29'),
(274, '[7.76,6.29,6.13]', 7.76, '2020-12-27 17:15:33'),
(275, '[7.81,6.45,6.19]', 7.81, '2020-12-27 17:16:13'),
(276, '[7.89,7.52,7.71]', 7.89, '2020-12-27 19:46:14'),
(277, '[7.93,8.49,8.33]', 8.49, '2020-12-27 20:31:52'),
(278, '[8.53,8.54,8.36]', 8.54, '2020-12-27 20:32:31'),
(279, '[8.65,8.57,8.37]', 8.65, '2020-12-27 20:32:36'),
(280, '[8.79,8.6,8.38]', 8.79, '2020-12-27 20:32:46'),
(281, '[8.89,8.62,8.39]', 8.89, '2020-12-27 20:32:51'),
(282, '[8.99,8.65,8.4]', 8.99, '2020-12-27 20:33:16'),
(283, '[8.56,7.68,7.76]', 8.56, '2020-12-27 21:50:45'),
(284, '[4.98,4.67,4.75]', 4.98, '2020-12-28 16:56:20'),
(285, '[5.19,4.74,4.77]', 5.19, '2020-12-28 16:56:45'),
(286, '[5.49,4.81,4.79]', 5.49, '2020-12-28 16:56:55'),
(287, '[5.4,5.33,5.04]', 5.4, '2020-12-28 17:07:02'),
(288, '[5.45,5.3,5.05]', 5.45, '2020-12-28 17:08:10'),
(289, '[5.97,5.41,5.08]', 5.97, '2020-12-28 17:08:17'),
(290, '[4.45,4.54,4.75]', 4.75, '2020-12-29 06:50:40'),
(291, '[4.9,4.63,4.78]', 4.9, '2020-12-29 06:50:42'),
(292, '[8.42,7.74,7.34]', 8.42, '2021-01-03 23:26:29'),
(293, '[8.55,7.77,7.35]', 8.55, '2021-01-03 23:26:34'),
(294, '[8.58,7.79,7.36]', 8.58, '2021-01-03 23:26:38'),
(295, '[4.06,4.98,5.39]', 5.39, '2021-01-04 09:52:58'),
(296, '[5.03,5.1,5.41]', 5.41, '2021-01-04 09:53:26'),
(297, '[5.77,5.32,5.22]', 5.77, '2021-01-04 10:14:50'),
(298, '[6.07,6.1,6.08]', 6.1, '2021-01-04 12:36:07'),
(299, '[6.23,6.13,6.09]', 6.23, '2021-01-04 12:36:10'),
(300, '[6.69,6.23,6.13]', 6.69, '2021-01-04 12:36:15'),
(301, '[5.65,5.87,5.97]', 5.97, '2021-01-04 13:00:00'),
(302, '[5.87,5.91,5.98]', 5.98, '2021-01-04 13:00:12'),
(303, '[5.99,5.93,5.99]', 5.99, '2021-01-04 13:00:28'),
(304, '[6.23,5.98,6]', 6.23, '2021-01-04 13:00:32'),
(305, '[6.46,6.04,6.02]', 6.46, '2021-01-04 13:00:48'),
(306, '[6.58,6.07,6.03]', 6.58, '2021-01-04 13:00:52'),
(307, '[5.45,5.89,6.22]', 6.22, '2021-01-04 16:58:32'),
(308, '[7.27,6.53,6.15]', 7.27, '2021-01-04 17:40:48'),
(309, '[7.57,6.6,6.18]', 7.57, '2021-01-04 17:40:53'),
(310, '[7.76,6.66,6.2]', 7.76, '2021-01-04 17:40:59'),
(311, '[8.26,6.78,6.24]', 8.26, '2021-01-04 17:41:04'),
(312, '[8.3,7.39,7.48]', 8.3, '2021-01-04 21:31:31'),
(313, '[8.8,7.66,7.55]', 8.8, '2021-01-04 21:33:12'),
(314, '[9.06,7.77,7.59]', 9.06, '2021-01-04 21:33:28'),
(315, '[7.82,6.95,6.27]', 7.82, '2021-01-05 09:28:38'),
(316, '[6.41,7.29,7.54]', 7.54, '2021-01-05 17:09:16'),
(317, '[7.58,7.35,7.53]', 7.58, '2021-01-05 17:11:07'),
(318, '[8.58,7.51,7.57]', 8.58, '2021-01-05 17:12:03'),
(319, '[6.49,6.4,6.34]', 6.49, '2021-01-05 18:00:00'),
(320, '[6.53,6.41,6.34]', 6.53, '2021-01-05 18:00:07'),
(321, '[6.57,6.42,6.35]', 6.57, '2021-01-05 18:00:11'),
(322, '[6.7,6.44,6.36]', 6.7, '2021-01-05 18:00:31'),
(323, '[6.97,6.09,6.19]', 6.97, '2021-01-05 18:04:05'),
(324, '[7.13,6.14,6.21]', 7.13, '2021-01-05 18:04:10'),
(325, '[8.14,8.44,8.34]', 8.44, '2021-01-05 19:47:51'),
(326, '[8.45,8.5,8.36]', 8.5, '2021-01-05 19:47:53'),
(327, '[8.72,8.55,8.37]', 8.72, '2021-01-05 19:48:04'),
(328, '[6.76,5.97,6.25]', 6.76, '2021-01-06 00:25:03'),
(329, '[10.4,10.92,10.23]', 10.92, '2021-01-07 18:33:14'),
(330, '[12.21,11.29,10.35]', 12.21, '2021-01-07 18:33:22'),
(331, '[10.52,10.72,10.8]', 10.8, '2021-01-07 20:33:26'),
(332, '[7.59,8.24,9.26]', 9.26, '2021-01-07 21:00:01'),
(333, '[7.78,8.27,9.27]', 9.27, '2021-01-07 21:00:06'),
(334, '[8.36,8.39,9.3]', 9.3, '2021-01-07 21:00:11'),
(335, '[8.73,8.46,9.32]', 9.32, '2021-01-07 21:00:16'),
(336, '[9,8.52,9.33]', 9.33, '2021-01-07 21:00:23'),
(337, '[9.86,8.74,9.37]', 9.86, '2021-01-07 21:01:04'),
(338, '[9.01,7.31,6.83]', 9.01, '2021-01-09 13:55:00'),
(339, '[7.32,7.45,7.05]', 7.45, '2021-01-09 14:01:52'),
(340, '[7.66,7.3,7.04]', 7.66, '2021-01-09 14:04:08'),
(341, '[7.12,7.25,7.23]', 7.25, '2021-01-17 00:24:52'),
(342, '[5.65,5.76,5.69]', 5.76, '2021-01-17 07:07:34'),
(343, '[5.84,5.8,5.7]', 5.84, '2021-01-17 07:07:37'),
(344, '[6.01,5.84,5.71]', 6.01, '2021-01-17 07:07:42'),
(345, '[6.27,5.89,5.73]', 6.27, '2021-01-17 07:08:07'),
(346, '[5.26,5.81,6]', 6, '2021-01-17 10:02:12'),
(347, '[7.17,6.11,6.08]', 7.17, '2021-01-17 10:03:03'),
(348, '[7.3,6.17,6.1]', 7.3, '2021-01-17 10:03:13'),
(349, '[7.36,6.2,6.11]', 7.36, '2021-01-17 10:03:18'),
(350, '[8.45,6.47,6.2]', 8.45, '2021-01-17 10:03:33'),
(351, '[7.16,7.24,7.12]', 7.24, '2021-01-17 13:03:48'),
(352, '[7.31,7.26,7.13]', 7.31, '2021-01-17 13:03:56'),
(353, '[7.36,7.27,7.14]', 7.36, '2021-01-17 13:04:01'),
(354, '[7.57,7.32,7.15]', 7.57, '2021-01-17 13:04:06'),
(355, '[8.59,8.57,8]', 8.59, '2021-01-17 13:13:47'),
(356, '[7.9,7.46,7.27]', 7.9, '2021-01-17 14:38:30'),
(357, '[9.45,8.91,8.85]', 9.45, '2021-01-17 20:26:39'),
(358, '[9.46,8.94,8.86]', 9.46, '2021-01-17 20:27:04'),
(359, '[9.7,8.74,8.74]', 9.7, '2021-01-17 20:31:29'),
(360, '[9.81,8.78,8.75]', 9.81, '2021-01-17 20:31:34'),
(361, '[9.98,8.83,8.77]', 9.98, '2021-01-17 20:31:40'),
(362, '[10.6,9.12,8.86]', 10.6, '2021-01-17 20:33:03'),
(363, '[11.2,8.91,8.77]', 11.2, '2021-01-17 20:51:03'),
(364, '[11.91,9.1,8.83]', 11.91, '2021-01-17 20:51:08'),
(365, '[9.38,9.07,8.9]', 9.38, '2021-01-17 21:27:09'),
(366, '[9.43,9.09,8.91]', 9.43, '2021-01-17 21:27:13'),
(367, '[9.56,9.12,8.92]', 9.56, '2021-01-17 21:27:18'),
(368, '[10,9.22,8.95]', 10, '2021-01-17 21:27:23'),
(369, '[10.29,9.34,9]', 10.29, '2021-01-17 21:28:10'),
(370, '[10.58,9.44,9.04]', 10.58, '2021-01-17 21:28:26'),
(371, '[10.66,9.53,9.08]', 10.66, '2021-01-17 21:28:45'),
(372, '[5.57,5.67,5.75]', 5.75, '2021-01-18 09:00:42'),
(373, '[5.64,5.68,5.76]', 5.76, '2021-01-18 09:00:51'),
(374, '[5.81,5.72,5.77]', 5.81, '2021-01-18 09:01:07'),
(375, '[5.91,5.74,5.77]', 5.91, '2021-01-18 09:01:11'),
(376, '[5.95,5.75,5.77]', 5.95, '2021-01-18 09:01:39'),
(377, '[6.27,5.82,5.8]', 6.27, '2021-01-18 09:01:43'),
(378, '[6.33,5.84,5.8]', 6.33, '2021-01-18 09:01:47'),
(379, '[6.76,5.94,5.84]', 6.76, '2021-01-18 09:01:59'),
(380, '[6.78,5.96,5.84]', 6.78, '2021-01-18 09:02:03'),
(381, '[6.94,6.03,5.87]', 6.94, '2021-01-18 09:02:19'),
(382, '[10.1,9.58,9.32]', 10.1, '2021-01-18 17:43:26'),
(383, '[10.13,9.6,9.33]', 10.13, '2021-01-18 17:44:02'),
(384, '[10.43,9.7,9.37]', 10.43, '2021-01-18 17:44:29'),
(385, '[11.91,10.06,9.5]', 11.91, '2021-01-18 17:45:06'),
(386, '[11.99,10.11,9.52]', 11.99, '2021-01-18 17:45:10'),
(387, '[12.41,10.49,9.73]', 12.41, '2021-01-18 17:47:57'),
(388, '[8.19,8.82,9.25]', 9.25, '2021-01-18 18:04:56'),
(389, '[6.39,6.66,6.26]', 6.66, '2021-01-19 06:50:16'),
(390, '[6.67,6.68,6.28]', 6.68, '2021-01-19 06:50:59'),
(391, '[6.7,6.69,6.29]', 6.7, '2021-01-19 06:51:03'),
(392, '[6.74,6.66,6.29]', 6.74, '2021-01-19 06:51:43'),
(393, '[6.8,6.66,6.3]', 6.8, '2021-01-19 06:52:03'),
(394, '[6.04,6.29,6.32]', 6.32, '2021-01-19 07:17:38'),
(395, '[6.28,6.33,6.33]', 6.33, '2021-01-19 07:17:43'),
(396, '[6.35,6.29,6.31]', 6.35, '2021-01-19 07:19:02'),
(397, '[6.36,6.29,6.31]', 6.36, '2021-01-19 07:19:22'),
(398, '[6.53,6.21,6.27]', 6.53, '2021-01-19 07:20:49'),
(399, '[6.64,6.24,6.28]', 6.64, '2021-01-19 07:20:53'),
(400, '[6.67,6.25,6.28]', 6.67, '2021-01-19 07:21:01'),
(401, '[7.1,6.35,6.31]', 7.1, '2021-01-19 07:21:05'),
(402, '[5.95,6.52,6.09]', 6.52, '2021-01-19 09:04:09'),
(403, '[6.6,6.19,6.03]', 6.6, '2021-01-19 09:10:07'),
(404, '[6.63,6.2,6.03]', 6.63, '2021-01-19 09:10:11'),
(405, '[6.66,6.22,6.04]', 6.66, '2021-01-19 09:10:19'),
(406, '[7.01,6.3,6.07]', 7.01, '2021-01-19 09:10:23'),
(407, '[7.08,6.32,6.11]', 7.08, '2021-01-19 09:15:59'),
(408, '[7.43,6.8,6.82]', 7.43, '2021-01-19 14:17:57'),
(409, '[7.6,6.86,6.84]', 7.6, '2021-01-19 14:18:13'),
(410, '[7.64,6.88,6.84]', 7.64, '2021-01-19 14:18:17'),
(411, '[7.77,8.07,8.01]', 8.07, '2021-01-19 17:19:23'),
(412, '[7.95,8.11,8.02]', 8.11, '2021-01-19 17:19:26'),
(413, '[8.28,8.17,8.04]', 8.28, '2021-01-19 17:19:33'),
(414, '[8.74,8.26,8.07]', 8.74, '2021-01-19 17:20:14'),
(415, '[8.76,8.27,8.08]', 8.76, '2021-01-19 17:20:19'),
(416, '[8.78,8.28,8.08]', 8.78, '2021-01-19 17:20:23'),
(417, '[8.8,8.08,8.02]', 8.8, '2021-01-19 17:23:48'),
(418, '[9.49,8.24,8.07]', 9.49, '2021-01-19 17:24:00'),
(419, '[10.25,8.42,8.13]', 10.25, '2021-01-19 17:24:04'),
(420, '[8.83,8.41,8.06]', 8.83, '2021-01-19 20:00:45'),
(421, '[9.19,8.5,8.09]', 9.19, '2021-01-19 20:00:53'),
(422, '[8.64,7.72,7.09]', 8.64, '2021-01-20 08:55:14'),
(423, '[8.75,7.81,7.13]', 8.75, '2021-01-20 08:55:41'),
(424, '[8.81,7.87,7.17]', 8.81, '2021-01-20 08:55:59'),
(425, '[9.55,8.04,7.23]', 9.55, '2021-01-20 08:56:04'),
(426, '[6.41,7.35,7.13]', 7.35, '2021-01-20 09:00:00'),
(427, '[7.18,7.49,7.18]', 7.49, '2021-01-20 09:00:06'),
(428, '[7.41,7.53,7.2]', 7.53, '2021-01-20 09:00:11'),
(429, '[8.1,7.67,7.24]', 8.1, '2021-01-20 09:00:16'),
(430, '[8.2,7.71,7.27]', 8.2, '2021-01-20 09:01:08'),
(431, '[8.33,7.75,7.29]', 8.33, '2021-01-20 09:01:18'),
(432, '[8.38,7.77,7.3]', 8.38, '2021-01-20 09:01:23'),
(433, '[8.51,7.81,7.32]', 8.51, '2021-01-20 09:01:28'),
(434, '[8.64,7.87,7.34]', 8.64, '2021-01-20 09:01:42'),
(435, '[8.82,7.94,7.38]', 8.82, '2021-01-20 09:02:02'),
(436, '[9.07,8.01,7.41]', 9.07, '2021-01-20 09:02:09'),
(437, '[9.24,8.11,7.45]', 9.24, '2021-01-20 09:02:29'),
(438, '[9.53,8.21,7.49]', 9.53, '2021-01-20 09:02:39'),
(439, '[9.65,8.25,7.51]', 9.65, '2021-01-20 09:02:44'),
(440, '[5.68,5.24,5.65]', 5.68, '2021-01-20 10:17:06'),
(441, '[5.71,5.25,5.66]', 5.71, '2021-01-20 10:17:09'),
(442, '[5.73,5.26,5.66]', 5.73, '2021-01-20 10:17:13'),
(443, '[5.75,5.3,5.66]', 5.75, '2021-01-20 10:17:49'),
(444, '[5.93,5.35,5.67]', 5.93, '2021-01-20 10:17:57'),
(445, '[6.02,5.37,5.68]', 6.02, '2021-01-20 10:18:01'),
(446, '[6.03,5.4,5.68]', 6.03, '2021-01-20 10:18:17'),
(447, '[6.05,5.46,5.69]', 6.05, '2021-01-20 10:18:51'),
(448, '[6.78,5.66,5.73]', 6.78, '2021-01-20 10:19:59'),
(449, '[8.08,5.94,5.82]', 8.08, '2021-01-20 10:20:03'),
(450, '[11.19,9.03,8.67]', 11.19, '2021-01-20 17:30:52'),
(451, '[11.39,9.26,8.75]', 11.39, '2021-01-20 17:31:25'),
(452, '[3.2,3.89,4.33]', 4.33, '2021-01-21 09:10:45'),
(453, '[3.42,3.92,4.34]', 4.34, '2021-01-21 09:10:50'),
(454, '[5.11,4.24,4.44]', 5.11, '2021-01-21 09:11:02'),
(455, '[5.26,4.29,4.45]', 5.26, '2021-01-21 09:11:08'),
(456, '[5.62,3.93,4.03]', 5.62, '2021-01-21 09:24:21'),
(457, '[7.16,4.38,4.17]', 7.16, '2021-01-21 09:25:04'),
(458, '[6.57,6.98,7.55]', 7.55, '2021-01-21 17:26:01'),
(459, '[4.41,4.56,4.53]', 4.56, '2021-01-22 08:59:53'),
(460, '[4.54,4.58,4.54]', 4.58, '2021-01-22 08:59:56'),
(461, '[5.7,4.82,4.62]', 5.7, '2021-01-22 09:00:02'),
(462, '[7.73,8.72,9.5]', 9.5, '2021-03-09 11:59:47'),
(463, '[9.71,9.08,9.6]', 9.71, '2021-03-09 12:00:02'),
(464, '[9.89,9.13,9.62]', 9.89, '2021-03-09 12:00:06'),
(465, '[12.56,12.5,12.16]', 12.56, '2021-03-09 16:58:32'),
(466, '[12.68,12.52,12.17]', 12.68, '2021-03-09 16:58:37'),
(467, '[12.86,12.57,12.19]', 12.86, '2021-03-09 16:58:44'),
(468, '[13.47,12.68,12.23]', 13.47, '2021-03-09 16:59:04'),
(469, '[13.81,12.8,12.28]', 13.81, '2021-03-09 16:59:28'),
(470, '[14.07,12.87,12.31]', 14.07, '2021-03-09 16:59:33'),
(471, '[14.78,13.87,12.82]', 14.78, '2021-03-09 17:02:59'),
(472, '[15.33,14.53,13.57]', 15.33, '2021-03-09 17:42:43'),
(473, '[9.83,9.75,9.86]', 9.86, '2021-03-09 22:14:00'),
(474, '[10,9.79,9.87]', 10, '2021-03-09 22:14:06'),
(475, '[7.64,7.7,7.61]', 7.7, '2021-03-10 08:53:42'),
(476, '[7.75,7.72,7.62]', 7.75, '2021-03-10 08:53:44'),
(477, '[7.77,7.72,7.62]', 7.77, '2021-03-10 08:53:49'),
(478, '[9.43,8.77,8.09]', 9.43, '2021-03-10 09:17:56'),
(479, '[9.46,8.8,8.1]', 9.46, '2021-03-10 09:18:04'),
(480, '[9.58,8.83,8.12]', 9.58, '2021-03-10 09:18:08'),
(481, '[7.65,7.89,8.49]', 8.49, '2021-03-10 17:30:24'),
(482, '[8.21,8,8.51]', 8.51, '2021-03-10 17:30:41'),
(483, '[8.78,8.12,8.52]', 8.78, '2021-03-10 17:31:33'),
(484, '[9.09,8.22,8.54]', 9.09, '2021-03-10 17:31:54'),
(485, '[6.28,6.14,6.53]', 6.53, '2021-03-11 08:31:16'),
(486, '[6.55,6.2,6.55]', 6.55, '2021-03-11 08:31:34'),
(487, '[6.68,6.25,6.55]', 6.68, '2021-03-11 08:32:00'),
(488, '[6.79,6.28,6.56]', 6.79, '2021-03-11 08:32:05'),
(489, '[8.87,8.93,9.35]', 9.35, '2021-03-11 17:29:47'),
(490, '[9.36,8.97,9.32]', 9.36, '2021-03-11 17:31:16'),
(491, '[6.54,7.46,7.43]', 7.46, '2021-03-12 10:03:30'),
(492, '[6.74,7.48,7.44]', 7.48, '2021-03-12 10:03:33'),
(493, '[7.03,7.52,7.45]', 7.52, '2021-03-12 10:03:42'),
(494, '[7.64,7.34,7.38]', 7.64, '2021-03-12 10:05:50'),
(495, '[1.16,-1,6.32]', 6.32, '2021-03-19 21:13:09'),
(496, '[13.69,13.4,13.05]', 13.69, '2021-03-19 21:40:04'),
(497, '[14.12,13.5,13.08]', 14.12, '2021-03-19 21:40:09'),
(498, '[11.38,14.85,13.42]', 14.85, '2021-03-20 07:36:14'),
(499, '[23.89,19.43,15.9]', 23.89, '2021-03-20 09:05:38'),
(500, '[23.9,19.75,16.12]', 23.9, '2021-03-20 09:06:10'),
(501, '[25.4,20.21,16.3]', 25.4, '2021-03-20 09:06:18'),
(502, '[26.92,20.8,16.56]', 26.92, '2021-03-20 09:06:38'),
(503, '[28.77,21.93,17.17]', 28.77, '2021-03-20 09:07:31'),
(504, '[29.11,22.11,17.25]', 29.11, '2021-03-20 09:07:36'),
(505, '[29.5,24.37,20.55]', 29.5, '2021-03-20 09:19:27'),
(506, '[10.76,10.26,11.34]', 11.34, '2021-03-20 11:17:51'),
(507, '[11.99,10.74,11.4]', 11.99, '2021-03-20 11:19:28'),
(508, '[12.03,10.89,11.38]', 12.03, '2021-03-20 11:21:00'),
(509, '[12.16,11.1,11.4]', 12.16, '2021-03-20 11:22:35'),
(510, '[12.4,11.09,11.19]', 12.4, '2021-03-20 11:30:11'),
(511, '[12.5,11.15,11.2]', 12.5, '2021-03-20 11:30:21'),
(512, '[13.18,11.36,11.27]', 13.18, '2021-03-20 11:30:37'),
(513, '[14.69,13.08,11.89]', 14.69, '2021-03-20 12:32:20'),
(514, '[14.71,13.12,11.91]', 14.71, '2021-03-20 12:32:23'),
(515, '[14.74,13.15,11.93]', 14.74, '2021-03-20 12:32:28'),
(516, '[13.45,11.97,12.33]', 13.45, '2021-03-20 17:09:06'),
(517, '[13.48,12.02,12.34]', 13.48, '2021-03-20 17:09:14'),
(518, '[13.52,12.05,12.35]', 13.52, '2021-03-20 17:09:19'),
(519, '[14.64,13.6,12.9]', 14.64, '2021-03-20 17:12:31'),
(520, '[14.79,13.67,12.93]', 14.79, '2021-03-20 17:12:45'),
(521, '[18.65,14.25,13.17]', 18.65, '2021-03-20 17:15:16'),
(522, '[14.48,15.08,14.83]', 15.08, '2021-03-21 20:00:40'),
(523, '[15.37,15.21,14.88]', 15.37, '2021-03-21 20:00:59'),
(524, '[15.38,15.14,14.87]', 15.38, '2021-03-21 20:02:02'),
(525, '[15.5,13.6,13.51]', 15.5, '2021-03-21 20:24:59'),
(526, '[16.02,13.74,13.56]', 16.02, '2021-03-21 20:25:04'),
(527, '[16.66,13.91,13.62]', 16.66, '2021-03-21 20:25:10'),
(528, '[11.47,12.83,14.22]', 14.22, '2021-03-21 21:15:51'),
(529, '[12.58,12.97,14.23]', 14.23, '2021-03-21 21:16:16'),
(530, '[3.67,-1,2.15]', 3.67, '2021-03-30 17:18:43'),
(531, '[5.45,-1,2.26]', 5.45, '2021-03-30 17:18:45'),
(532, '[2.72,-1,6.7]', 6.7, '2021-03-30 17:19:05'),
(533, '[6.75,-1,4.75]', 6.75, '2021-03-30 17:19:57'),
(534, '[1.86,-1,6.95]', 6.95, '2021-03-30 17:20:20'),
(535, '[6.61,-1,7]', 7, '2021-03-30 17:24:57'),
(536, '[2.71,-1,4.94]', 4.94, '2021-04-05 18:14:22'),
(537, '[2.22,-1,1.05]', 2.22, '2021-04-12 16:04:50'),
(538, '[2.92,-1,3.77]', 3.77, '2021-04-12 16:04:52'),
(539, '[3.26,-1,5.84]', 5.84, '2021-04-12 16:04:58'),
(540, '[5.3,-1,6.71]', 6.71, '2021-04-12 16:05:03'),
(541, '[6.38,-1,6.78]', 6.78, '2021-04-12 16:06:06'),
(542, '[3.39,-1,6.81]', 6.81, '2021-04-12 16:06:21'),
(543, '[2.63,-1,3.65]', 3.65, '2021-04-13 11:41:21'),
(544, '[3.73,-1,5.69]', 5.69, '2021-04-13 11:41:23'),
(545, '[1.03,-1,1.92]', 1.92, '2021-04-16 17:27:43'),
(546, '[2.37,-1,0.47]', 2.37, '2021-04-16 17:27:45'),
(547, '[3.42,-1,6.23]', 6.23, '2021-04-16 17:27:47'),
(548, '[6.36,-1,2.99]', 6.36, '2021-04-16 17:28:18'),
(549, '[6.1,-1,6.22]', 6.22, '2021-04-20 17:47:31'),
(550, '[5.02,-1,6.9]', 6.9, '2021-04-20 17:47:47'),
(551, '[2.42,-1,4.95]', 4.95, '2021-04-21 08:08:56'),
(552, '[1.96,-1,6.64]', 6.64, '2021-04-21 08:09:02'),
(553, '[6.9,-1,4.72]', 6.9, '2021-04-21 08:09:05'),
(554, '[3.84,-1,0.47]', 3.84, '2021-04-21 18:49:10'),
(555, '[1.29,-1,3.94]', 3.94, '2021-04-21 18:49:17'),
(556, '[5.91,-1,5.06]', 5.91, '2021-04-21 18:49:20'),
(557, '[1.27,-1,6.09]', 6.09, '2021-04-21 18:49:30'),
(558, '[5.6,-1,6.12]', 6.12, '2021-04-21 18:49:55'),
(559, '[6.67,-1,1.97]', 6.67, '2021-04-21 18:50:07'),
(560, '[5.14,-1,6.99]', 6.99, '2021-04-21 18:50:15'),
(561, '[2.03,-1,1.28]', 2.03, '2021-04-22 17:33:26'),
(562, '[5.4,-1,3.83]', 5.4, '2021-04-22 17:33:28'),
(563, '[2.94,-1,6.88]', 6.88, '2021-04-28 15:13:46'),
(564, '[5.31,-1,0.33]', 5.31, '2021-04-29 15:34:07'),
(565, '[6.74,-1,4.9]', 6.74, '2021-04-29 15:34:09'),
(566, '[3.77,-1,2.38]', 3.77, '2021-05-06 18:03:21'),
(567, '[6.68,-1,1.94]', 6.68, '2021-05-06 18:03:25'),
(568, '[6.61,-1,5.03]', 6.61, '2021-05-11 17:31:42'),
(569, '[12.66,11.67,10.96]', 12.66, '2021-05-17 16:42:11'),
(570, '[13.09,11.77,11]', 13.09, '2021-05-17 16:42:14'),
(571, '[12.08,11.81,11.95]', 12.08, '2021-05-17 19:13:19'),
(572, '[12.13,11.82,11.95]', 12.13, '2021-05-17 19:13:32'),
(573, '[12.43,11.88,11.96]', 12.43, '2021-05-17 19:14:03'),
(574, '[11.89,11.72,12.32]', 12.32, '2021-05-17 20:19:48'),
(575, '[11.84,11.7,11.64]', 11.84, '2021-05-17 22:51:17'),
(576, '[11.85,11.71,11.64]', 11.85, '2021-05-17 22:51:19'),
(577, '[11.87,11.71,11.64]', 11.87, '2021-05-17 22:51:24'),
(578, '[12.36,11.82,11.68]', 12.36, '2021-05-17 22:51:29'),
(579, '[12.41,11.84,11.69]', 12.41, '2021-05-17 22:51:34'),
(580, '[12.47,12.35,11.94]', 12.47, '2021-05-17 23:10:37'),
(581, '[12.76,12.41,11.96]', 12.76, '2021-05-17 23:10:39'),
(582, '[12.89,12.45,11.98]', 12.89, '2021-05-17 23:10:50'),
(583, '[10.91,10.93,10.87]', 10.93, '2021-05-18 03:13:03'),
(584, '[11.08,10.97,10.88]', 11.08, '2021-05-18 03:13:06'),
(585, '[11.15,10.98,10.89]', 11.15, '2021-05-18 03:13:10'),
(586, '[11.37,11.04,10.9]', 11.37, '2021-05-18 03:13:23'),
(587, '[11.5,11.07,10.92]', 11.5, '2021-05-18 03:13:27'),
(588, '[11.71,11.13,10.94]', 11.71, '2021-05-18 03:13:46'),
(589, '[11.73,11.16,10.95]', 11.73, '2021-05-18 03:14:02'),
(590, '[11.9,11.26,11]', 11.9, '2021-05-18 03:15:06'),
(591, '[11.92,11.29,11.01]', 11.92, '2021-05-18 03:15:14'),
(592, '[12.17,11.35,11.03]', 12.17, '2021-05-18 03:15:18'),
(593, '[12.47,11.43,11.06]', 12.47, '2021-05-18 03:15:26'),
(594, '[8.56,8.35,8.44]', 8.56, '2021-05-18 07:37:59'),
(595, '[12.55,11.9,11.61]', 12.55, '2021-05-18 15:57:03'),
(596, '[13.06,12.02,11.65]', 13.06, '2021-05-18 15:57:05'),
(597, '[13.94,12.22,11.71]', 13.94, '2021-05-18 15:57:12'),
(598, '[10.35,11.02,11.44]', 11.44, '2021-05-18 16:47:25'),
(599, '[10.57,11.06,11.45]', 11.45, '2021-05-18 16:47:27'),
(600, '[15.22,14.89,14.7]', 15.22, '2021-05-18 18:50:55'),
(601, '[15.95,15.04,14.75]', 15.95, '2021-05-18 18:51:05'),
(602, '[12.74,12.8,13.32]', 13.32, '2021-05-18 23:29:55'),
(603, '[14.79,13.23,13.45]', 14.79, '2021-05-18 23:30:02'),
(604, '[15.45,13.39,13.51]', 15.45, '2021-05-18 23:30:10'),
(605, '[15.81,13.5,13.54]', 15.81, '2021-05-18 23:30:14'),
(606, '[10.94,11.54,11.35]', 11.54, '2021-05-19 15:56:53'),
(607, '[11.26,11.6,11.37]', 11.6, '2021-05-19 15:56:57'),
(608, '[11.69,11.6,11.38]', 11.69, '2021-05-19 15:57:55'),
(609, '[12.47,11.77,11.43]', 12.47, '2021-05-19 15:58:03'),
(610, '[12.57,11.82,11.47]', 12.57, '2021-05-19 15:59:04'),
(611, '[12.69,11.93,11.52]', 12.69, '2021-05-19 16:00:00'),
(612, '[12.96,12,11.55]', 12.96, '2021-05-19 16:00:08'),
(613, '[13.12,12.05,11.56]', 13.12, '2021-05-19 16:00:12'),
(614, '[15.97,15.14,14.12]', 15.97, '2021-05-19 18:18:52'),
(615, '[9.9,10.5,10.45]', 10.5, '2021-05-20 00:03:17'),
(616, '[10.19,10.3,10.18]', 10.3, '2021-05-20 10:03:12'),
(617, '[11.06,10.87,10.81]', 11.06, '2021-05-20 13:07:00'),
(618, '[11.78,11.08,10.74]', 11.78, '2021-05-20 15:58:33'),
(619, '[11.8,11.14,10.78]', 11.8, '2021-05-20 15:59:16'),
(620, '[13.62,11.55,10.91]', 13.62, '2021-05-20 15:59:40'),
(621, '[13.01,11.56,10.93]', 13.01, '2021-05-20 16:00:05'),
(622, '[11.55,11.05,11.2]', 11.55, '2021-05-20 18:05:30'),
(623, '[11.64,11.08,11.21]', 11.64, '2021-05-20 18:05:38'),
(624, '[12.17,11.13,10.72]', 12.17, '2021-05-20 19:46:37'),
(625, '[12.22,11.3,10.81]', 12.22, '2021-05-20 19:48:07'),
(626, '[12.29,11.32,10.83]', 12.29, '2021-05-20 19:48:13'),
(627, '[10.55,10.77,10.96]', 10.96, '2021-05-20 20:28:18'),
(628, '[11.12,10.85,10.97]', 11.12, '2021-05-20 20:29:00'),
(629, '[11.19,10.87,10.98]', 11.19, '2021-05-20 20:29:05'),
(630, '[11.38,10.74,10.88]', 11.38, '2021-05-20 20:32:15'),
(631, '[11.96,10.89,10.93]', 11.96, '2021-05-20 20:32:25'),
(632, '[12.04,10.92,10.94]', 12.04, '2021-05-20 20:32:30'),
(633, '[10.08,9.87,9.9]', 10.08, '2021-05-21 14:27:23'),
(634, '[10.31,9.92,9.92]', 10.31, '2021-05-21 14:28:01'),
(635, '[10.37,9.94,9.92]', 10.37, '2021-05-21 14:28:06'),
(636, '[8.32,9.59,9.4]', 9.59, '2021-05-21 15:07:23'),
(637, '[8.53,9.61,9.41]', 9.61, '2021-05-21 15:07:25'),
(638, '[10.92,9.79,9.31]', 10.92, '2021-05-21 15:41:51'),
(639, '[11.61,9.99,9.38]', 11.61, '2021-05-21 15:42:05'),
(640, '[10.59,10.94,11.1]', 11.1, '2021-05-21 18:57:43'),
(641, '[10.78,10.98,11.11]', 11.11, '2021-05-21 18:57:50'),
(642, '[10.88,10.99,11.12]', 11.12, '2021-05-21 18:57:55'),
(643, '[10.38,10.58,10.74]', 10.74, '2021-05-21 19:50:25'),
(644, '[10.51,10.61,10.75]', 10.75, '2021-05-21 19:50:28'),
(645, '[10.95,10.7,10.77]', 10.95, '2021-05-21 19:50:33'),
(646, '[11.19,10.75,10.79]', 11.19, '2021-05-21 19:50:39'),
(647, '[11.26,10.77,10.8]', 11.26, '2021-05-21 19:50:44'),
(648, '[11.56,10.84,10.82]', 11.56, '2021-05-21 19:50:47'),
(649, '[11.82,10.94,10.85]', 11.82, '2021-05-21 19:51:11'),
(650, '[11.92,10.97,10.86]', 11.92, '2021-05-21 19:51:14'),
(651, '[12.1,11.05,10.89]', 12.1, '2021-05-21 19:55:14'),
(652, '[12.17,11.1,10.91]', 12.17, '2021-05-21 19:55:26'),
(653, '[12.48,11.18,10.93]', 12.48, '2021-05-21 19:55:31'),
(654, '[12.64,11.27,10.97]', 12.64, '2021-05-21 19:55:46'),
(655, '[12.21,11.26,11]', 12.21, '2021-05-21 20:00:03'),
(656, '[12.25,11.31,11.02]', 12.25, '2021-05-21 20:00:18'),
(657, '[12.59,11.31,11.06]', 12.59, '2021-05-21 20:05:04'),
(658, '[12.75,11.38,11.08]', 12.75, '2021-05-21 20:05:15'),
(659, '[12.87,11.15,10.93]', 12.87, '2021-05-21 20:19:03'),
(660, '[10.53,10.27,10.32]', 10.53, '2021-05-21 23:55:01'),
(661, '[10.56,10.29,10.33]', 10.56, '2021-05-21 23:55:07'),
(662, '[10.68,10.32,10.34]', 10.68, '2021-05-21 23:55:12'),
(663, '[10.76,10.34,10.34]', 10.76, '2021-05-21 23:56:05'),
(664, '[12.11,11.14,10.65]', 12.11, '2021-05-22 00:02:16'),
(665, '[12.22,10.84,10.6]', 12.22, '2021-05-22 00:06:04'),
(666, '[12.53,10.93,10.63]', 12.53, '2021-05-22 00:06:08'),
(667, '[12.57,10.97,10.64]', 12.57, '2021-05-22 00:06:12'),
(668, '[12.6,11,10.65]', 12.6, '2021-05-22 00:06:20'),
(669, '[10.57,10.49,10.8]', 10.8, '2021-05-22 16:14:51'),
(670, '[10.84,10.55,10.81]', 10.84, '2021-05-22 16:14:54'),
(671, '[12.11,11.63,11.27]', 12.11, '2021-05-22 16:28:54'),
(672, '[12.25,11.68,11.29]', 12.25, '2021-05-22 16:29:04'),
(673, '[13.05,12.34,11.79]', 13.05, '2021-05-22 16:37:44'),
(674, '[13.2,12.39,11.8]', 13.2, '2021-05-22 16:37:47'),
(675, '[9.47,10.54,11.01]', 11.01, '2021-05-22 19:04:23'),
(676, '[10.84,10.08,9.76]', 10.84, '2021-05-23 01:33:20'),
(677, '[10.89,11.76,11.8]', 11.8, '2021-05-23 16:02:34'),
(678, '[11.14,11.8,11.81]', 11.81, '2021-05-23 16:02:37'),
(679, '[10.53,10.37,10.23]', 10.53, '2021-05-24 00:01:34'),
(680, '[10.56,10.38,10.24]', 10.56, '2021-05-24 00:01:36'),
(681, '[10.76,10.42,10.25]', 10.76, '2021-05-24 00:01:42'),
(682, '[10.86,10.45,10.26]', 10.86, '2021-05-24 00:01:46'),
(683, '[11.15,10.5,10.29]', 11.15, '2021-05-24 00:03:03'),
(684, '[11.22,10.52,10.29]', 11.22, '2021-05-24 00:03:08'),
(685, '[11.28,10.56,10.31]', 11.28, '2021-05-24 00:03:18'),
(686, '[11.98,10.71,10.36]', 11.98, '2021-05-24 00:03:23'),
(687, '[12.14,10.77,10.38]', 12.14, '2021-05-24 00:03:28'),
(688, '[13.13,13.82,13.81]', 13.82, '2021-05-26 17:00:41'),
(689, '[10.77,11.77,12.09]', 12.09, '2021-05-27 01:10:27'),
(690, '[12.39,11.83,12.07]', 12.39, '2021-05-27 01:12:10'),
(691, '[12.58,11.89,12.08]', 12.58, '2021-05-27 01:12:20'),
(692, '[11.76,11.57,11]', 11.76, '2021-05-27 18:08:26'),
(693, '[12.04,11.3,10.81]', 12.04, '2021-05-29 16:53:59'),
(694, '[10.65,10.51,10.66]', 10.66, '2021-05-29 17:36:49'),
(695, '[10.59,11.19,11.16]', 11.19, '2021-05-30 00:13:52'),
(696, '[11.22,11.3,11.2]', 11.3, '2021-05-30 00:14:03'),
(697, '[11.52,11.36,11.22]', 11.52, '2021-05-30 00:14:08'),
(698, '[11.78,11.37,11.23]', 11.78, '2021-05-30 00:15:34'),
(699, '[14.03,13.31,12.73]', 14.03, '2021-05-31 11:25:07'),
(700, '[14.13,13.35,12.75]', 14.13, '2021-05-31 11:25:14'),
(701, '[14.36,13.41,12.77]', 14.36, '2021-05-31 11:25:19'),
(702, '[14.86,13.54,12.82]', 14.86, '2021-05-31 11:25:28'),
(703, '[11.41,12,12.34]', 12.34, '2021-05-31 12:49:31'),
(704, '[13.04,11.94,11.72]', 13.04, '2021-06-03 16:24:13'),
(705, '[13.11,11.98,11.73]', 13.11, '2021-06-03 16:24:17'),
(706, '[14.08,14.98,14.55]', 14.98, '2021-06-03 21:36:01'),
(707, '[14.56,15.07,14.58]', 15.07, '2021-06-03 21:36:03'),
(708, '[15.09,15.15,14.62]', 15.15, '2021-06-03 21:36:18'),
(709, '[13.18,13.18,13.19]', 13.19, '2021-06-03 22:41:36'),
(710, '[13.52,13.22,13.2]', 13.52, '2021-06-03 22:42:07'),
(711, '[14.23,13.39,13.25]', 14.23, '2021-06-03 22:42:31'),
(712, '[15.01,13.57,13.31]', 15.01, '2021-06-03 22:42:36'),
(713, '[15.17,13.62,13.33]', 15.17, '2021-06-03 22:42:41'),
(714, '[15.24,13.7,13.36]', 15.24, '2021-06-03 22:43:01'),
(715, '[12.47,12.51,12.74]', 12.74, '2021-06-03 23:19:24'),
(716, '[12.68,12.55,12.75]', 12.75, '2021-06-03 23:19:29'),
(717, '[13.5,12.73,12.81]', 13.5, '2021-06-03 23:19:34'),
(718, '[9.63,9.93,9.31]', 9.93, '2021-06-04 05:24:04'),
(719, '[9.79,9.94,9.33]', 9.94, '2021-06-04 05:24:26'),
(720, '[9.89,9.96,9.34]', 9.96, '2021-06-04 05:24:34'),
(721, '[10.34,10.03,9.38]', 10.34, '2021-06-04 05:25:01'),
(722, '[10.63,10.1,9.41]', 10.63, '2021-06-04 05:25:08'),
(723, '[11.06,10.19,9.44]', 11.06, '2021-06-04 05:25:14'),
(724, '[11.54,10.31,9.48]', 11.54, '2021-06-04 05:25:19'),
(725, '[12.01,10.98,10.84]', 12.01, '2021-06-04 09:27:12'),
(726, '[12.33,10.56,10.65]', 12.33, '2021-06-04 09:30:02'),
(727, '[13.07,10.73,10.41]', 13.07, '2021-06-04 09:59:04'),
(728, '[13.14,10.79,10.43]', 13.14, '2021-06-04 09:59:08'),
(729, '[13.29,10.86,10.45]', 13.29, '2021-06-04 09:59:12'),
(730, '[11.42,10.7,10.42]', 11.42, '2021-06-04 10:00:00'),
(731, '[11.71,10.77,10.45]', 11.71, '2021-06-04 10:00:04'),
(732, '[11.81,10.81,10.46]', 11.81, '2021-06-04 10:00:08'),
(733, '[12.07,10.88,10.49]', 12.07, '2021-06-04 10:00:16'),
(734, '[12.13,10.93,10.55]', 12.13, '2021-06-04 10:04:53'),
(735, '[12.2,10.96,10.56]', 12.2, '2021-06-04 10:04:56'),
(736, '[12.65,11.16,10.64]', 12.65, '2021-06-04 10:05:28'),
(737, '[12.76,11.37,10.96]', 12.76, '2021-06-04 10:35:57'),
(738, '[13.21,11.89,11.3]', 13.21, '2021-06-04 10:43:07'),
(739, '[13.27,11.87,11.49]', 13.27, '2021-06-04 10:53:15'),
(740, '[13.85,13.08,12.68]', 13.85, '2021-06-04 17:00:18'),
(741, '[14.02,13.13,12.7]', 14.02, '2021-06-04 17:00:27'),
(742, '[14.26,13.2,12.72]', 14.26, '2021-06-04 17:00:31'),
(743, '[12.88,13.69,13.44]', 13.69, '2021-06-04 18:09:22'),
(744, '[12.54,11.68,11.2]', 12.54, '2021-06-06 08:50:03'),
(745, '[12.73,11.73,11.22]', 12.73, '2021-06-06 08:50:06'),
(746, '[12.84,11.77,11.24]', 12.84, '2021-06-06 08:50:11'),
(747, '[12.85,11.79,11.25]', 12.85, '2021-06-06 08:50:15'),
(748, '[13.1,11.86,11.27]', 13.1, '2021-06-06 08:50:23'),
(749, '[13.17,11.9,11.29]', 13.17, '2021-06-06 08:50:27'),
(750, '[9.48,9.18,9.34]', 9.48, '2021-06-06 12:43:31'),
(751, '[10.08,9.31,9.39]', 10.08, '2021-06-06 12:43:33'),
(752, '[11.56,11.22,11.03]', 11.56, '2021-06-06 16:36:28'),
(753, '[12.08,11.32,11.08]', 12.08, '2021-06-06 16:38:07'),
(754, '[12.15,11.22,11.05]', 12.15, '2021-06-06 16:41:48'),
(755, '[13.49,11.54,11.16]', 13.49, '2021-06-06 16:42:04'),
(756, '[10.24,10.43,10.76]', 10.76, '2021-06-06 19:46:16'),
(757, '[11.1,10.6,10.82]', 11.1, '2021-06-06 19:46:18'),
(758, '[11.25,10.64,10.83]', 11.25, '2021-06-06 19:46:21'),
(759, '[11.3,10.69,10.84]', 11.3, '2021-06-06 19:46:57'),
(760, '[11.75,10.8,10.87]', 11.75, '2021-06-06 19:47:05'),
(761, '[11.77,10.84,10.89]', 11.77, '2021-06-06 19:47:17'),
(762, '[11.98,10.91,10.91]', 11.98, '2021-06-06 19:47:29'),
(763, '[12.29,11.04,10.95]', 12.29, '2021-06-06 19:47:49'),
(764, '[12.42,11.08,10.96]', 12.42, '2021-06-06 19:47:53'),
(765, '[12.85,11.21,11.01]', 12.85, '2021-06-06 19:48:05'),
(766, '[13.35,12.25,11.73]', 13.35, '2021-06-06 20:26:39'),
(767, '[13.63,12.38,11.78]', 13.63, '2021-06-06 20:27:05'),
(768, '[13.98,12.47,11.82]', 13.98, '2021-06-06 20:27:09'),
(769, '[14.22,12.55,11.85]', 14.22, '2021-06-06 20:27:17'),
(770, '[14.35,12.63,11.88]', 14.35, '2021-06-06 20:27:26'),
(771, '[14.39,13.11,12.18]', 14.39, '2021-06-06 20:30:18'),
(772, '[14.52,13.16,12.2]', 14.52, '2021-06-06 20:30:25'),
(773, '[14.72,13.23,12.22]', 14.72, '2021-06-06 20:30:29'),
(774, '[14.74,13.38,12.31]', 14.74, '2021-06-06 20:31:05'),
(775, '[14.82,13.47,12.36]', 14.82, '2021-06-06 20:31:25'),
(776, '[14.91,13.52,12.38]', 14.91, '2021-06-06 20:31:33'),
(777, '[14.95,13.64,12.46]', 14.95, '2021-06-06 20:32:01'),
(778, '[15.04,13.68,12.48]', 15.04, '2021-06-06 20:32:09'),
(779, '[15.2,13.74,12.51]', 15.2, '2021-06-06 20:32:13'),
(780, '[15.26,13.78,12.53]', 15.26, '2021-06-06 20:32:17'),
(781, '[10.97,11.33,11.5]', 11.5, '2021-06-06 23:54:21'),
(782, '[11.14,11.35,11.51]', 11.51, '2021-06-06 23:54:36'),
(783, '[11.6,11.43,11.53]', 11.6, '2021-06-06 23:54:46'),
(784, '[12.07,11.54,11.57]', 12.07, '2021-06-06 23:54:57'),
(785, '[12.22,11.58,11.58]', 12.22, '2021-06-06 23:55:01'),
(786, '[12.8,11.75,11.63]', 12.8, '2021-06-06 23:55:27'),
(787, '[12.9,11.78,11.65]', 12.9, '2021-06-06 23:55:33'),
(788, '[13.15,11.85,11.67]', 13.15, '2021-06-06 23:55:39'),
(789, '[13.3,12,11.72]', 13.3, '2021-06-06 23:56:09'),
(790, '[13.38,11.84,11.65]', 13.38, '2021-06-06 23:59:08'),
(791, '[13.51,11.89,11.67]', 13.51, '2021-06-06 23:59:12'),
(792, '[12.33,11.8,11.65]', 12.33, '2021-06-07 00:00:00'),
(793, '[13.27,12,11.72]', 13.27, '2021-06-07 00:00:05'),
(794, '[13.47,13.2,13.02]', 13.47, '2021-06-10 17:33:07'),
(795, '[12.46,12.26,12.36]', 12.46, '2021-06-11 07:17:11'),
(796, '[10.67,10.89,11.59]', 11.59, '2021-06-18 05:17:10'),
(797, '[11.9,11.4,11.53]', 11.9, '2021-06-20 17:45:29'),
(798, '[12.07,11.44,11.54]', 12.07, '2021-06-20 17:45:33'),
(799, '[12.18,11.67,11.67]', 12.18, '2021-06-27 17:09:26'),
(800, '[9.98,9.98,9.87]', 9.98, '2021-07-07 17:25:08'),
(801, '[10.38,10.07,9.9]', 10.38, '2021-07-07 17:25:11'),
(802, '[10.51,10.1,9.91]', 10.51, '2021-07-07 17:25:13'),
(803, '[11.81,11.11,10.64]', 11.81, '2021-07-07 17:41:35'),
(804, '[11.97,11.17,10.67]', 11.97, '2021-07-07 17:41:47'),
(805, '[12.63,11.33,10.73]', 12.63, '2021-07-07 17:42:02'),
(806, '[9.38,10.28,10.35]', 10.35, '2021-07-08 09:38:23'),
(807, '[14.21,13.45,12.5]', 14.21, '2021-07-08 14:04:20'),
(808, '[12.45,12.57,12.49]', 12.57, '2021-07-22 19:31:08'),
(809, '[12.5,12.58,12.49]', 12.58, '2021-07-22 19:31:11'),
(810, '[12.78,12.63,12.51]', 12.78, '2021-07-22 19:31:16'),
(811, '[12.96,12.67,12.52]', 12.96, '2021-07-22 19:31:24'),
(812, '[13.36,12.76,12.55]', 13.36, '2021-07-22 19:31:27'),
(813, '[14.06,15.55,15.68]', 15.68, '2021-07-22 20:47:55'),
(814, '[14.7,15.66,15.71]', 15.71, '2021-07-22 20:48:00'),
(815, '[14.88,15.68,15.72]', 15.72, '2021-07-22 20:48:05'),
(816, '[13.85,13.41,13.72]', 13.85, '2021-07-23 17:03:24');

-- --------------------------------------------------------

--
-- Table structure for table `modules`
--

DROP TABLE IF EXISTS `modules`;
CREATE TABLE IF NOT EXISTS `modules` (
  `id` int(11) NOT NULL AUTO_INCREMENT,
  `module_name` varchar(255) DEFAULT NULL,
  `file_name` varchar(255) DEFAULT NULL,
  `parent_id` int(11) DEFAULT 0,
  `priority` varchar(255) DEFAULT '0',
  PRIMARY KEY (`id`)
) ENGINE=InnoDB AUTO_INCREMENT=13 DEFAULT CHARSET=latin1 COLLATE=latin1_swedish_ci;

--
-- Dumping data for table `modules`
--

INSERT INTO `modules` (`id`, `module_name`, `file_name`, `parent_id`, `priority`) VALUES
(1, 'Test Managment', NULL, 0, '1'),
(2, 'Categories', 'cats', 1, '1'),
(3, 'Quizzes', 'quizzes', 1, '2'),
(4, 'Local users', 'local_users', 1, '4'),
(5, 'Test Assignments', NULL, 0, '2'),
(6, 'Assignments', 'assignments', 5, '6'),
(7, 'New Assignment', 'add_assignment', 5, '7'),
(8, 'Assignments', NULL, 0, '3'),
(9, 'Active Assignments', 'active_assignments', 8, '2'),
(11, 'New user', 'add_edit_user', 1, '5'),
(12, 'New Quiz', 'add_edit_quiz', 1, '3');

-- --------------------------------------------------------

--
-- Table structure for table `questions`
--

DROP TABLE IF EXISTS `questions`;
CREATE TABLE IF NOT EXISTS `questions` (
  `id` int(11) NOT NULL AUTO_INCREMENT,
  `question_text` varchar(8000) DEFAULT NULL,
  `question_type_id` int(11) NOT NULL,
  `priority` int(11) NOT NULL,
  `quiz_id` int(11) NOT NULL,
  `point` decimal(18,0) NOT NULL,
  `added_date` timestamp NOT NULL DEFAULT current_timestamp(),
  `parent_id` int(11) NOT NULL,
  `question_total` decimal(18,0) DEFAULT NULL,
  `check_total` int(11) DEFAULT NULL,
  `header_text` varchar(1500) CHARACTER SET utf8mb3 COLLATE utf8mb3_general_ci DEFAULT NULL,
  `footer_text` varchar(1500) CHARACTER SET utf8mb3 COLLATE utf8mb3_general_ci DEFAULT NULL,
  `question_text_eng` varchar(1800) CHARACTER SET utf8mb3 COLLATE utf8mb3_general_ci DEFAULT NULL,
  `help_image` varchar(550) CHARACTER SET utf8mb3 COLLATE utf8mb3_general_ci DEFAULT NULL,
  PRIMARY KEY (`id`),
  KEY `quiz_id` (`quiz_id`)
) ENGINE=InnoDB AUTO_INCREMENT=51 DEFAULT CHARSET=latin1 COLLATE=latin1_swedish_ci;

--
-- Dumping data for table `questions`
--

INSERT INTO `questions` (`id`, `question_text`, `question_type_id`, `priority`, `quiz_id`, `point`, `added_date`, `parent_id`, `question_total`, `check_total`, `header_text`, `footer_text`, `question_text_eng`, `help_image`) VALUES
(1, '<div>\r\n	SPOTTING OF ERRORS (Whichever part has an error, mark that part as your answer):</div>\r\n<div>\r\n	It is written in The Gita (a)/ that God incarnates (b)/ himself (c)/ in times of trouble. (d)/ No error (e)</div>', 1, 1, 1, 1, '2024-01-06 04:53:07', 0, NULL, NULL, '', '', NULL, NULL),
(2, '<div>\r\n	SPOTTING OF ERRORS (Whichever part has an error, mark that part as your answer):</div>\r\n<div>\r\n	It is being rainy day, (a)/ we decided not to go out (b)/ but to stay at home (c)/ and watch a movie. (d)/ No error (e).</div>', 1, 2, 1, 1, '2024-01-06 04:53:07', 0, NULL, NULL, '', '', NULL, NULL),
(3, '<div>\r\n	SPOTTING OF ERRORS (Whichever part has an error, mark that part as your answer):</div>\r\n<div>\r\n	The blind (a)/ deserving(b)/ our sympathy. (c)/ No error (d).</div>', 1, 3, 1, 1, '2024-01-06 04:53:07', 0, NULL, NULL, '', '', NULL, NULL),
(4, '<div>\r\n	SPOTTING OF ERRORS (Whichever part has an error, mark that part as your answer):</div>\r\n<div>\r\n	Concurrent with his programme, (a)/ educational institutions may be urged (b)/ to inculcate patriotism (c)/ in each and every one of its pupils. (d)/ No error (e).</div>', 1, 4, 1, 1, '2024-01-06 04:53:07', 0, NULL, NULL, '', '', NULL, NULL),
(5, '<div>\r\n	SPOTTING OF ERRORS (Whichever part has an error, mark that part as your answer):</div>\r\n<div>\r\n	She had shifted her residence (a)/ to this city to be (b)/ close with the child (c)/ she had wanted to adopt. (d)/ No error (e).</div>', 1, 5, 1, 1, '2024-01-06 04:53:07', 0, NULL, NULL, '', '', NULL, NULL),
(6, '<div>\r\n	SPOTTING OF ERRORS (Whichever part has an error, mark that part as your answer):</div>\r\n<div>\r\n	The author&rsquo;s vision, (a)/ suffused by an innocence and warmth, (b)/ may not correspond (c)/ to the country as it is today. (d)/ No error (e).</div>', 1, 6, 1, 1, '2024-01-06 04:53:07', 0, NULL, NULL, '', '', NULL, NULL),
(7, '<div>\r\n	SPOTTING OF ERRORS (Whichever part has an error, mark that part as your answer):</div>\r\n<div>\r\n	And though one did not (a)/ quite believe his claim, (b)/ one saw no harm (c)/ in granting him permission. (d)/ No error (e).</div>', 1, 7, 1, 1, '2024-01-06 04:53:07', 0, NULL, NULL, '', '', NULL, NULL),
(8, '<div>\r\n	SPOTTING OF ERRORS (Whichever part has an error, mark that part as your answer):</div>\r\n<div>\r\n	When he went out (a)/ he left the radio on (b)/ so that his parents shall thought (c)/ that he was still in the house. (d)/ No error (e).</div>', 1, 8, 1, 1, '2024-01-06 04:53:07', 0, NULL, NULL, '', '', NULL, NULL),
(9, '<div>\r\n	SPOTTING OF ERRORS (Whichever part has an error, mark that part as your answer):</div>\r\n<div>\r\n	More leisure, as well as an abundance of goods, (a)/ are attainable (b)/ through automation. (c)/ No error (d).</div>', 1, 9, 1, 1, '2024-01-06 04:53:07', 0, NULL, NULL, '', '', NULL, NULL),
(10, '<div>\r\n	SPOTTING OF ERRORS (Whichever part has an error, mark that part as your answer):</div>\r\n<div>\r\n	If only (a) / did he marry her, (b) / but also he (c) / took care of her well. (d) / No error (e)</div>', 1, 10, 1, 1, '2024-01-06 04:53:07', 0, NULL, NULL, '', '', NULL, NULL),
(11, '<div style=\"margin-bottom:7px;font-weight:bold;text-align:justify;\">\r\n	CLOZE TEST:</div>\r\n<div style=\"margin-bottom:7px;font-weight:normal;text-align:justify;text-indent:0.5in;\">\r\n	The sun had set but there was still some light in the sky. Martin <u><strong>(1)</strong></u> on his elbow and looked <u><strong>(2)</strong></u> through the leaves. In the waters of the lake, close to the shore, he saw a <u><strong>(3) </strong></u>of alligators floating quietly. One of the creatures, <u><strong>(4)</strong></u> huge one, was lying on a high <u><strong>(5)</strong></u> of sand, a few yard from the water.</div>\r\n<div style=\"margin-bottom:7px;font-weight:normal;\">\r\n	<strong>(1)</strong></div>', 1, 11, 1, 1, '2024-01-06 04:53:07', 0, NULL, NULL, '', '', NULL, NULL),
(12, '<div style=\"margin-bottom:7px;font-weight:bold;text-align:justify;\">\r\n	CLOZE TEST:</div>\r\n<div style=\"margin-bottom:7px;font-weight:normal;text-align:justify;text-indent:0.5in;\">\r\n	The sun had set but there was still some light in the sky. Martin&nbsp;<u><strong>(1)</strong></u>&nbsp;on his elbow and looked&nbsp;<u><strong>(2)</strong></u>&nbsp;through the leaves. In the waters of the lake, close to the shore, he saw a&nbsp;<u><strong>(3)&nbsp;</strong></u>of alligators floating quietly. One of the creatures,&nbsp;<u><strong>(4)</strong></u>&nbsp;huge one, was lying on a high&nbsp;<u><strong>(5)</strong></u>&nbsp;of sand, a few yard from the water.</div>\r\n<div style=\"margin-bottom:7px;font-weight:normal;\">\r\n	<strong>(2)</strong></div>', 1, 12, 1, 1, '2024-01-06 04:53:07', 0, NULL, NULL, '', '', NULL, NULL),
(13, '<div style=\"margin-bottom:7px;font-weight:bold;text-align:justify;\">\r\n	CLOZE TEST:</div>\r\n<div style=\"margin-bottom:7px;font-weight:normal;text-align:justify;text-indent:0.5in;\">\r\n	The sun had set but there was still some light in the sky. Martin&nbsp;<u><strong>(1)</strong></u>&nbsp;on his elbow and looked&nbsp;<u><strong>(2)</strong></u>&nbsp;through the leaves. In the waters of the lake, close to the shore, he saw a&nbsp;<u><strong>(3)&nbsp;</strong></u>of alligators floating quietly. One of the creatures,&nbsp;<u><strong>(4)</strong></u>&nbsp;huge one, was lying on a high&nbsp;<u><strong>(5)</strong></u>&nbsp;of sand, a few yard from the water.</div>\r\n<div style=\"margin-bottom:7px;font-weight:normal;\">\r\n	<strong>(3)</strong></div>', 1, 13, 1, 1, '2024-01-06 04:53:07', 0, NULL, NULL, '', '', NULL, NULL),
(14, '<div style=\"margin-bottom:7px;font-weight:bold;text-align:justify;\">\r\n	CLOZE TEST:</div>\r\n<div style=\"margin-bottom:7px;font-weight:normal;text-align:justify;text-indent:0.5in;\">\r\n	The sun had set but there was still some light in the sky. Martin&nbsp;<u><strong>(1)</strong></u>&nbsp;on his elbow and looked&nbsp;<u><strong>(2)</strong></u>&nbsp;through the leaves. In the waters of the lake, close to the shore, he saw a&nbsp;<u><strong>(3)&nbsp;</strong></u>of alligators floating quietly. One of the creatures,&nbsp;<u><strong>(4)</strong></u>&nbsp;huge one, was lying on a high&nbsp;<u><strong>(5)</strong></u>&nbsp;of sand, a few yard from the water.</div>\r\n<div style=\"margin-bottom:7px;font-weight:normal;\">\r\n	<strong>(4)</strong></div>', 1, 14, 1, 1, '2024-01-06 04:53:07', 0, NULL, NULL, '', '', NULL, NULL),
(15, '<div style=\"margin-bottom:7px;font-weight:bold;text-align:justify;\">\r\n	CLOZE TEST:</div>\r\n<div style=\"margin-bottom:7px;font-weight:normal;text-align:justify;text-indent:0.5in;\">\r\n	The sun had set but there was still some light in the sky. Martin&nbsp;<u><strong>(1)</strong></u>&nbsp;on his elbow and looked&nbsp;<u><strong>(2)</strong></u>&nbsp;through the leaves. In the waters of the lake, close to the shore, he saw a&nbsp;<u><strong>(3)&nbsp;</strong></u>of alligators floating quietly. One of the creatures,&nbsp;<u><strong>(4)</strong></u>&nbsp;huge one, was lying on a high&nbsp;<u><strong>(5)</strong></u>&nbsp;of sand, a few yard from the water.</div>\r\n<div style=\"margin-bottom:7px;font-weight:normal;\">\r\n	<strong>(5)</strong></div>', 1, 15, 1, 1, '2024-01-06 04:53:07', 0, NULL, NULL, '', '', NULL, NULL),
(16, '<div style=\"margin-bottom:7px;font-weight:bold;text-align:justify;\">\r\n	CLOZE TEST:</div>\r\n<div style=\"margin-bottom:7px;font-weight:normal;text-align:justify;text-indent:0.5in;\">\r\n	The <u><strong>(1)</strong></u> of Bengal tigers left in the world has <u><strong>(2)</strong></u> from 100,000 to 4,000 over the last century. The main threats are <u><strong>(3)</strong></u> of habitat, poaching and the trade in tiger parts for Eastern medicines. Most Bengal tigers live in protected areas of India. Anti-poaching task-forces have been <u><strong>(4)</strong></u> up and there is also a trade <u><strong>(5)</strong></u> on tiger products in many countries, as a measure to save this rare species.</div>\r\n<div style=\"margin-bottom:7px;font-weight:normal;\">\r\n	<strong>(1)</strong></div>', 1, 16, 1, 1, '2024-01-06 04:53:07', 0, NULL, NULL, '', '', NULL, NULL),
(17, '<div style=\"margin-bottom:7px;font-weight:bold;text-align:justify;\">\r\n	CLOZE TEST:</div>\r\n<div style=\"margin-bottom:7px;font-weight:normal;text-align:justify;text-indent:0.5in;\">\r\n	The&nbsp;<u><strong>(1)</strong></u>&nbsp;of Bengal tigers left in the world has&nbsp;<u><strong>(2)</strong></u>&nbsp;from 100,000 to 4,000 over the last century. The main threats are&nbsp;<u><strong>(3)</strong></u>&nbsp;of habitat, poaching and the trade in tiger parts for Eastern medicines. Most Bengal tigers live in protected areas of India. Anti-poaching task-forces have been&nbsp;<u><strong>(4)</strong></u>&nbsp;up and there is also a trade&nbsp;<u><strong>(5)</strong></u>&nbsp;on tiger products in many countries, as a measure to save this rare species.</div>\r\n<div style=\"margin-bottom:7px;font-weight:normal;\">\r\n	<strong>(2)</strong></div>', 1, 17, 1, 1, '2024-01-06 04:53:07', 0, NULL, NULL, '', '', NULL, NULL),
(18, '<div style=\"margin-bottom:7px;font-weight:bold;text-align:justify;\">\r\n	CLOZE TEST:</div>\r\n<div style=\"margin-bottom:7px;font-weight:normal;text-align:justify;text-indent:0.5in;\">\r\n	The&nbsp;<u><strong>(1)</strong></u>&nbsp;of Bengal tigers left in the world has&nbsp;<u><strong>(2)</strong></u>&nbsp;from 100,000 to 4,000 over the last century. The main threats are&nbsp;<u><strong>(3)</strong></u>&nbsp;of habitat, poaching and the trade in tiger parts for Eastern medicines. Most Bengal tigers live in protected areas of India. Anti-poaching task-forces have been&nbsp;<u><strong>(4)</strong></u>&nbsp;up and there is also a trade&nbsp;<u><strong>(5)</strong></u>&nbsp;on tiger products in many countries, as a measure to save this rare species.</div>\r\n<div style=\"margin-bottom:7px;font-weight:normal;\">\r\n	<strong>(3)</strong></div>', 1, 18, 1, 1, '2024-01-06 04:53:07', 0, NULL, NULL, '', '', NULL, NULL),
(19, '<div style=\"margin-bottom:7px;font-weight:bold;text-align:justify;\">\r\n	CLOZE TEST:</div>\r\n<div style=\"margin-bottom:7px;font-weight:normal;text-align:justify;text-indent:0.5in;\">\r\n	The&nbsp;<u><strong>(1)</strong></u>&nbsp;of Bengal tigers left in the world has&nbsp;<u><strong>(2)</strong></u>&nbsp;from 100,000 to 4,000 over the last century. The main threats are&nbsp;<u><strong>(3)</strong></u>&nbsp;of habitat, poaching and the trade in tiger parts for Eastern medicines. Most Bengal tigers live in protected areas of India. Anti-poaching task-forces have been&nbsp;<u><strong>(4)</strong></u>&nbsp;up and there is also a trade&nbsp;<u><strong>(5)</strong></u>&nbsp;on tiger products in many countries, as a measure to save this rare species.</div>\r\n<div style=\"margin-bottom:7px;font-weight:normal;\">\r\n	<strong>(4)</strong></div>', 1, 19, 1, 1, '2024-01-06 04:53:07', 0, NULL, NULL, '', '', NULL, NULL),
(20, '<div style=\"margin-bottom:7px;font-weight:bold;text-align:justify;\">\r\n	CLOZE TEST:</div>\r\n<div style=\"margin-bottom:7px;font-weight:normal;text-align:justify;text-indent:0.5in;\">\r\n	The&nbsp;<u><strong>(1)</strong></u>&nbsp;of Bengal tigers left in the world has&nbsp;<u><strong>(2)</strong></u>&nbsp;from 100,000 to 4,000 over the last century. The main threats are&nbsp;<u><strong>(3)</strong></u>&nbsp;of habitat, poaching and the trade in tiger parts for Eastern medicines. Most Bengal tigers live in protected areas of India. Anti-poaching task-forces have been&nbsp;<u><strong>(4)</strong></u>&nbsp;up and there is also a trade&nbsp;<u><strong>(5)</strong></u>&nbsp;on tiger products in many countries, as a measure to save this rare species.</div>\r\n<div style=\"margin-bottom:7px;font-weight:normal;\">\r\n	<strong>(5)</strong></div>', 1, 20, 1, 1, '2024-01-06 04:53:07', 0, NULL, NULL, '', '', NULL, NULL),
(21, '<div>\r\n	ORDERING OF SENTENCES:</div>\r\n<div>\r\n	We</div>\r\n<p>\r\n	(P) agreed with</p>\r\n<p>\r\n	(Q) the manner in which you said it</p>\r\n<p>\r\n	(S) what you said</p>', 1, 21, 1, 1, '2024-01-06 04:53:07', 0, NULL, NULL, '', '', NULL, NULL),
(22, '<div>\r\n	ORDERING OF SENTENCES:</div>\r\n<div>\r\n	<p>\r\n		(S1) I reasoned with him</p>\r\n	<p>\r\n		(P) but could not disabuse him</p>\r\n	<p>\r\n		(Q) that the lawyer</p>\r\n	<p>\r\n		(R) for an hour</p>\r\n	<p>\r\n		(S) of the nation</p>\r\n	(S6) who had his case in hand was incompetent.</div>\r\n<p>\r\n	&nbsp;</p>', 1, 22, 1, 1, '2024-01-06 04:53:07', 0, NULL, NULL, '', '', NULL, NULL),
(23, '<div>\r\n	ORDERING OF SENTENCES:</div>\r\n<div>\r\n	<p>\r\n		(P) as environmental tools</p>\r\n	<p>\r\n		(Q) for military purposes</p>\r\n	<p>\r\n		(R) are finding various new uses</p>\r\n	(S) the world&rsquo;s fastest computers initially conceived.</div>\r\n<p>\r\n	&nbsp;</p>', 1, 23, 1, 1, '2024-01-06 04:53:07', 0, NULL, NULL, '', '', NULL, NULL),
(24, '<div>\r\n	ORDERING OF SENTENCES:</div>\r\n<div>\r\n	<p>\r\n		(S1) The fact that</p>\r\n	<p>\r\n		(P) go to the police</p>\r\n	<p>\r\n		(Q) did not let him</p>\r\n	<p>\r\n		(R) to speak the truth</p>\r\n	<p>\r\n		(S) he was a murderer</p>\r\n	(S6) about the theft</div>\r\n<p>\r\n	&nbsp;</p>', 1, 24, 1, 1, '2024-01-06 04:53:07', 0, NULL, NULL, '', '', NULL, NULL),
(25, '<div>\r\n	ORDERING OF SENTENCES:</div>\r\n<p>\r\n	The U.S. Soyabean</p>\r\n<p>\r\n	(P) in the developing world</p>\r\n<p>\r\n	(Q) and when famine strikes</p>\r\n<p>\r\n	(R) is American&rsquo;s single most lucrative , export</p>\r\n<div>\r\n	(S) American soyabeans are a major source of high protein sustenance.</div>', 1, 25, 1, 1, '2024-01-06 04:53:07', 0, NULL, NULL, '', '', NULL, NULL),
(26, '<div>\r\n	ORDERING OF SENTENCES:</div>\r\n<p>\r\n	Little</p>\r\n<p>\r\n	(P) that he had been let down</p>\r\n<p>\r\n	(Q) stood by all these years</p>\r\n<p>\r\n	(R) did he realise</p>\r\n<div>\r\n	(S) by a colleague whom he had.</div>', 1, 26, 1, 1, '2024-01-06 04:53:07', 0, NULL, NULL, '', '', NULL, NULL),
(27, '<div>\r\n	ORDERING OF SENTENCES:</div>\r\n<div>\r\n	<p>\r\n		Women</p>\r\n	<p>\r\n		(P) till the other day</p>\r\n	<p>\r\n		(Q) who were content being housewives</p>\r\n	<p>\r\n		(R) about spending their time cooking</p>\r\n	(S) now sound apologetic.</div>', 1, 27, 1, 1, '2024-01-06 04:53:07', 0, NULL, NULL, '', '', NULL, NULL),
(28, '<div>\r\n	ORDERING OF SENTENCES:</div>\r\n<p>\r\n	It has been established that</p>\r\n<p>\r\n	(P) Einstein was</p>\r\n<p>\r\n	(Q) although a great scientist</p>\r\n<p>\r\n	(R) weak in arithmetic</p>\r\n<div>\r\n	(S) right from his school days.</div>', 1, 28, 1, 1, '2024-01-06 04:53:07', 0, NULL, NULL, '', '', NULL, NULL),
(29, '<div>\r\n	ORDERING OF SENTENCES:</div>\r\n<div>\r\n	<p>\r\n		Without books</p>\r\n	<p>\r\n		(P) no cultured society is possible</p>\r\n	<p>\r\n		(Q) no fresh ideas are possible</p>\r\n	<p>\r\n		(R) and</p>\r\n	(S) without fresh ideas</div>\r\n<p>\r\n	&nbsp;</p>', 1, 29, 1, 1, '2024-01-06 04:53:07', 0, NULL, NULL, '', '', NULL, NULL),
(30, '<div>\r\n	ORDERING OF SENTENCES:</div>\r\n<div>\r\n	<p>\r\n		(S1) Guru Nanak evolved</p>\r\n	<p>\r\n		(P) on omnipresence of god</p>\r\n	<p>\r\n		(Q) with his simple teachings</p>\r\n	<p>\r\n		(R) a new religious outlook</p>\r\n	<p>\r\n		(S) and removal of</p>\r\n	(S6) the evil religious practices</div>', 1, 30, 1, 1, '2024-01-06 04:53:07', 0, NULL, NULL, '', '', NULL, NULL),
(31, '<div style=\"margin-bottom:7px;font-weight:bold;text-align:justify;\">\r\n	READING COMPREHENSION:</div>\r\n<div style=\"margin-bottom:7px;font-weight:bold;text-align:justify;\">\r\n	Passage:</div>\r\n<div style=\"margin-bottom: 7px; text-indent: 0.5in;\">\r\n	Our ancestors had great difficulty in getting books. Now, our difficulty is what to read. There are books and books but our hours of reading are very few. Therefore, choice becomes essential. We should be very careful about what we read. There are books which poison our lives by suggesting evils. We should keep them at arm&rsquo;s length.We should read only those books which have stood the test of time. Such books are our great classics like the Ramayana and the Gita. They contain the wisdom of our sages and saints. They have appealed mankind from generation to generation. Reading of such books has ennobling influence on our mind and character. It gives us spiritual enjoyment. These books give us instruction with entertainment. They represent our ancient culture. They set before us high ideals to follow. They are our best friends, best guides and the best treasure.</div>\r\n<p>\r\n	We should be selective because</p>', 1, 31, 1, 1, '2024-01-06 04:53:07', 0, NULL, NULL, '', '', NULL, NULL),
(32, '<div style=\"margin-bottom:7px;font-weight:bold;text-align:justify;\">\r\n	READING COMPREHENSION:</div>\r\n<div style=\"margin-bottom:7px;font-weight:bold;text-align:justify;\">\r\n	Passage:</div>\r\n<div style=\"margin-bottom:7px;font-weight:normal;text-align:justify;text-indent:0.5in;\">\r\n	Our ancestors had great difficulty in getting books. Now, our difficulty is what to read. There are books and books but our hours of reading are very few. Therefore, choice becomes essential. We should be very careful about what we read. There are books which poison our lives by suggesting evils. We should keep them at arm&rsquo;s length.We should read only those books which have stood the test of time. Such books are our great classics like the Ramayana and the Gita. They contain the wisdom of our sages and saints. They have appealed mankind from generation to generation. Reading of such books has ennobling influence on our mind and character. It gives us spiritual enjoyment. These books give us instruction with entertainment. They represent our ancient culture. They&nbsp;<span style=\"text-indent: 0.5in;\">set before us high ideals to follow. They are our best friends, best guides and the best treasure.</span></div>\r\n<div style=\"margin-bottom:7px;font-weight:normal;\">\r\n	We should avoid those books which</div>', 1, 32, 1, 1, '2024-01-06 04:53:07', 0, NULL, NULL, '', '', NULL, NULL),
(33, '<div style=\"margin-bottom:7px;font-weight:bold;text-align:justify;\">\r\n	READING COMPREHENSION:</div>\r\n<div style=\"margin-bottom:7px;font-weight:bold;text-align:justify;\">\r\n	Passage:</div>\r\n<div style=\"margin-bottom:7px;font-weight:normal;text-align:justify;text-indent:0.5in;\">\r\n	Our ancestors had great difficulty in getting books. Now, our difficulty is what to read. There are books and books but our hours of reading are very few. Therefore, choice becomes essential. We should be very careful about what we read. There are books which poison our lives by suggesting evils. We should keep them at arm&rsquo;s length.We should read only those books which have stood the test of time. Such books are our great classics like the Ramayana and the Gita. They contain the wisdom of our sages and saints. They have appealed mankind from generation to generation. Reading of such books has ennobling influence on our mind and character. It gives us spiritual enjoyment. These books give us instruction with entertainment. They represent our ancient culture. They set before us high ideals to follow. They are our best friends, best guides and the best treasure.</div>\r\n<div style=\"margin-bottom:7px;font-weight:normal;\">\r\n	The books which have stood the test of time are called.....</div>', 1, 33, 1, 1, '2024-01-06 04:53:07', 0, NULL, NULL, '', '', NULL, NULL),
(34, '<div style=\"margin-bottom:7px;font-weight:bold;text-align:justify;\">\r\n	READING COMPREHENSION:</div>\r\n<div style=\"margin-bottom:7px;font-weight:bold;text-align:justify;\">\r\n	Passage:</div>\r\n<div style=\"margin-bottom:7px;font-weight:normal;text-align:justify;text-indent:0.5in;\">\r\n	Our ancestors had great difficulty in getting books. Now, our difficulty is what to read. There are books and books but our hours of reading are very few. Therefore, choice becomes essential. We should be very careful about what we read. There are books which poison our lives by suggesting evils. We should keep them at arm&rsquo;s length.We should read only those books which have stood the test of time. Such books are our great classics like the Ramayana and the Gita. They contain the wisdom of our sages and saints. They have appealed mankind from generation to generation. Reading of such books has ennobling influence on our mind and character. It gives us spiritual enjoyment. These books give us instruction with entertainment. They represent our ancient culture. They set before us high ideals to follow. They are our best friends, best guides and the best treasure.</div>\r\n<div style=\"margin-bottom:7px;font-weight:normal;\">\r\n	What is special qualityof a classic?</div>', 1, 34, 1, 1, '2024-01-06 04:53:07', 0, NULL, NULL, '', '', NULL, NULL),
(35, '<div style=\"margin-bottom:7px;font-weight:bold;text-align:justify;\">\r\n	READING COMPREHENSION:</div>\r\n<div style=\"margin-bottom:7px;font-weight:bold;text-align:justify;\">\r\n	Passage:</div>\r\n<div style=\"margin-bottom:7px;font-weight:normal;text-align:justify;text-indent:0.5in;\">\r\n	<p>\r\n		Our ancestors had great difficulty in getting books. Now, our difficulty is what to read. There are books and books but our hours of reading are very few. Therefore, choice becomes essential. We should be very careful about what we read. There are books which poison our lives by suggesting evils. We should keep them at arm&rsquo;s length.We should read only those books which have stood the test of time. Such books are our great classics like the Ramayana and the Gita. They contain the wisdom of our sages and saints. They have appealed mankind from generation to generation. Reading of such books has ennobling influence on our mind and character. It gives us spiritual enjoyment. These books give us instruction with entertainment. They represent our ancient culture. They set before us high ideals to follow. They are our best friends, best guides and the best treasure.</p>\r\n</div>\r\n<div style=\"margin-bottom:7px;font-weight:normal;\">\r\n	An expression in the passage which means a good effect is</div>', 1, 35, 1, 1, '2024-01-06 04:53:07', 0, NULL, NULL, '', '', NULL, NULL),
(36, '<div style=\"margin-bottom:7px;font-weight:bold;text-align:justify;\">\r\n	READING COMPREHENSION:</div>\r\n<div style=\"margin-bottom:7px;font-weight:bold;text-align:justify;\">\r\n	Passage:</div>\r\n<div style=\"margin-bottom:7px;font-weight:normal;text-align:justify;text-indent:0.5in;\">\r\n	<p>\r\n		Some of the best known brands in the world belong to multinational companies. Generally speaking, a multinational company is one that operates in more than one country. Some economists, however, believe that a company has to operate in at least six countries to be called a multinational company. Whether these companies have helped or harmed the countries where they operate is debatable. Particularly in the third world, they are supposed to create jobs, bring in investments and facilitate technology transfer. But more often than not, their net effect is the exploitation of human and natural resources. They pay minimum wages to their employees and earn huge profits.</p>\r\n</div>\r\n<div style=\"margin-bottom:7px;font-weight:normal;\">\r\n	The term &lsquo;natural resources&rsquo; used in the passage refers to</div>', 1, 36, 1, 1, '2024-01-06 04:53:08', 0, NULL, NULL, '', '', NULL, NULL),
(37, '<div style=\"margin-bottom:7px;font-weight:bold;text-align:justify;\">\r\n	READING COMPREHENSION:</div>\r\n<div style=\"margin-bottom:7px;font-weight:bold;text-align:justify;\">\r\n	Passage:</div>\r\n<div style=\"margin-bottom:7px;font-weight:normal;text-align:justify;text-indent:0.5in;\">\r\n	<p>\r\n		Some of the best known brands in the world belong to multinational companies. Generally speaking, a multinational company is one that operates in more than one country. Some economists, however, believe that a company has to operate in at least six countries to be called a multinational company. Whether these companies have helped or harmed the countries where they operate is debatable. Particularly in the third world, they are supposed to create jobs, bring in investments and facilitate technology transfer. But more often than not, their net effect is the exploitation of human and natural resources. They pay minimum wages to their employees and earn huge profits.</p>\r\n</div>\r\n<div style=\"margin-bottom:7px;font-weight:normal;\">\r\n	The poor countries do not gain from the presence of multinational companies because multinationals</div>', 1, 37, 1, 1, '2024-01-06 04:53:08', 0, NULL, NULL, '', '', NULL, NULL),
(38, '<div style=\"margin-bottom:7px;font-weight:bold;text-align:justify;\">\r\n	READING COMPREHENSION:</div>\r\n<div style=\"margin-bottom:7px;font-weight:bold;text-align:justify;\">\r\n	Passage:</div>\r\n<div style=\"margin-bottom:7px;font-weight:normal;text-align:justify;text-indent:0.5in;\">\r\n	<p>\r\n		Some of the best known brands in the world belong to multinational companies. Generally speaking, a multinational company is one that operates in more than one country. Some economists, however, believe that a company has to operate in at least six countries to be called a multinational company. Whether these companies have helped or harmed the countries where they operate is debatable. Particularly in the third world, they are supposed to create jobs, bring in investments and facilitate technology transfer. But more often than not, their net effect is the exploitation of human and natural resources. They pay minimum wages to their employees and earn huge profits.</p>\r\n</div>\r\n<div style=\"margin-bottom:7px;font-weight:normal;\">\r\n	According to the author, multinational companies</div>', 1, 38, 1, 1, '2024-01-06 04:53:08', 0, NULL, NULL, '', '', NULL, NULL),
(39, '<div style=\"margin-bottom:7px;font-weight:bold;text-align:justify;\">\r\n	READING COMPREHENSION:</div>\r\n<div style=\"margin-bottom:7px;font-weight:bold;text-align:justify;\">\r\n	Passage:</div>\r\n<div style=\"margin-bottom:7px;font-weight:normal;text-align:justify;text-indent:0.5in;\">\r\n	<p>\r\n		Some of the best known brands in the world belong to multinational companies. Generally speaking, a multinational company is one that operates in more than one country. Some economists, however, believe that a company has to operate in at least six countries to be called a multinational company. Whether these companies have helped or harmed the countries where they operate is debatable. Particularly in the third world, they are supposed to create jobs, bring in investments and facilitate technology transfer. But more often than not, their net effect is the exploitation of human and natural resources. They pay minimum wages to their employees and earn huge profits.</p>\r\n</div>\r\n<div style=\"margin-bottom:7px;font-weight:normal;\">\r\n	The author suggests that multinational companies</div>', 1, 39, 1, 1, '2024-01-06 04:53:08', 0, NULL, NULL, '', '', NULL, NULL),
(40, '<div style=\"margin-bottom:7px;font-weight:bold;text-align:justify;\">\r\n	READING COMPREHENSION:</div>\r\n<div style=\"margin-bottom:7px;font-weight:bold;text-align:justify;\">\r\n	Passage:</div>\r\n<div style=\"margin-bottom:7px;font-weight:normal;text-align:justify;text-indent:0.5in;\">\r\n	<div>\r\n		Some of the best known brands in the world belong to multinational companies. Generally speaking, a multinational company is one that operates in more than one country. Some economists, however, believe that a company has to operate in at least six countries to be called a multinational company. Whether these companies have helped or harmed the countries where they operate is debatable. Particularly in the third world, they are supposed to create jobs, bring in investments and facilitate technology transfer. But more often than not, their net effect is the exploitation of human and natural resources. They pay minimum wages to their employees and earn huge profits.</div>\r\n	<div>\r\n		&nbsp;</div>\r\n</div>\r\n<div style=\"margin-bottom:7px;font-weight:normal;\">\r\n	What does the term &lsquo;technology transfer&rsquo; mean?</div>', 1, 40, 1, 1, '2024-01-06 04:53:08', 0, NULL, NULL, '', '', NULL, NULL),
(41, '<div style=\"margin-bottom:7px;font-weight:bold;text-align:justify;\">\r\n	READING COMPREHENSION:</div>\r\n<div style=\"margin-bottom:7px;font-weight:bold;text-align:justify;\">\r\n	Passage:</div>\r\n<div style=\"margin-bottom:7px;font-weight:normal;text-align:justify;text-indent:0.5in;\">\r\n	Garbage is a great environment hazard. It comes from various sources&mdash;used paper, tiffin packing&rsquo;s, plastic bags, ice-cream wrappers, bottle caps, fallen leaves from trees and many more. Garbage makes the premises ugly, unkempt and breeds diseases. A lot of trash that is thrown away contain material that can be recycled and reused such as paper, metals and glass which can be sent to the nearest recycling centre or disposed of to the junk dealer. It also contains organic matter such as leaves which can enrich soil fertility. A compost pit can be made at a convenient location where the refuse can be placed with layers of soil and an occasional sprinkling of water. This would help decomposition to make valuable fertilizer. This would also prevent pollution that is usually caused by burning such organic waste.</div>\r\n<div style=\"margin-bottom:7px;font-weight:normal;\">\r\n	Garbage originates from</div>', 1, 41, 1, 1, '2024-01-06 04:53:08', 0, NULL, NULL, '', '', NULL, NULL),
(42, '<div style=\"margin-bottom:7px;font-weight:bold;text-align:justify;\">\r\n	READING COMPREHENSION:</div>\r\n<div style=\"margin-bottom:7px;font-weight:bold;text-align:justify;\">\r\n	Passage:</div>\r\n<div style=\"margin-bottom:7px;font-weight:normal;text-align:justify;text-indent:0.5in;\">\r\n	Garbage is a great environment hazard. It comes from various sources&mdash;used paper, tiffin packing&rsquo;s, plastic bags, ice-cream wrappers, bottle caps, fallen leaves from trees and many more. Garbage makes the premises ugly, unkempt and breeds diseases. A lot of trash that is thrown away contain material that can be recycled and reused such as paper, metals and glass which can be sent to the nearest recycling centre or disposed of to the junk dealer. It also contains organic matter such as leaves which can enrich soil fertility. A compost pit can be made at a convenient location where the refuse can be placed with layers of soil and an occasional sprinkling of water. This would help decomposition to make valuable fertilizer. This would also prevent pollution that is usually caused by burning such organic waste.</div>\r\n<div style=\"margin-bottom:7px;font-weight:normal;\">\r\n	<span style=\"font-family: &quot;Arial Narrow&quot;, sans-serif; font-size: 12pt;\">Garbage can create havoc to the mankind by</span></div>', 1, 42, 1, 1, '2024-01-06 04:53:08', 0, NULL, NULL, '', '', NULL, NULL),
(43, '<div style=\"margin-bottom:7px;font-weight:bold;text-align:justify;\">\r\n	READING COMPREHENSION:</div>\r\n<div style=\"margin-bottom:7px;font-weight:bold;text-align:justify;\">\r\n	Passage:</div>\r\n<div style=\"margin-bottom:7px;font-weight:normal;text-align:justify;text-indent:0.5in;\">\r\n	Garbage is a great environment hazard. It comes from various sources&mdash;used paper, tiffin packing&rsquo;s, plastic bags, ice-cream wrappers, bottle caps, fallen leaves from trees and many more. Garbage makes the premises ugly, unkempt and breeds diseases. A lot of trash that is thrown away contain material that can be recycled and reused such as paper, metals and glass which can be sent to the nearest recycling centre or disposed of to the junk dealer. It also contains organic matter such as leaves which can enrich soil fertility. A compost pit can be made at a convenient location where the refuse can be placed with layers of soil and an occasional sprinkling of water. This would help decomposition to make valuable fertilizer. This would also prevent pollution that is usually caused by burning such organic waste.</div>\r\n<div style=\"margin-bottom:7px;font-weight:normal;\">\r\n	What happens to the disposed material at the recycling centre?</div>', 1, 43, 1, 1, '2024-01-06 04:53:08', 0, NULL, NULL, '', '', NULL, NULL),
(44, '<div style=\"margin-bottom:7px;font-weight:bold;text-align:justify;\">\r\n	READING COMPREHENSION:</div>\r\n<div style=\"margin-bottom:7px;font-weight:bold;text-align:justify;\">\r\n	Passage:</div>\r\n<div style=\"margin-bottom:7px;font-weight:normal;text-align:justify;text-indent:0.5in;\">\r\n	Garbage is a great environment hazard. It comes from various sources&mdash;used paper, tiffin packing&rsquo;s, plastic bags, ice-cream wrappers, bottle caps, fallen leaves from trees and many more. Garbage makes the premises ugly, unkempt and breeds diseases. A lot of trash that is thrown away contain material that can be recycled and reused such as paper, metals and glass which can be sent to the nearest recycling centre or disposed of to the junk dealer. It also contains organic matter such as leaves which can enrich soil fertility. A compost pit can be made at a convenient location where the refuse can be placed with layers of soil and an occasional sprinkling of water. This would help decomposition to make valuable fertilizer. This would also prevent pollution that is usually caused by burning such organic waste.</div>\r\n<div style=\"margin-bottom:7px;font-weight:normal;\">\r\n	Fallen leaves from trees are useful because they</div>', 1, 44, 1, 1, '2024-01-06 04:53:08', 0, NULL, NULL, '', '', NULL, NULL),
(45, '<div style=\"margin-bottom:7px;font-weight:bold;text-align:justify;\">\r\n	READING COMPREHENSION:</div>\r\n<div style=\"margin-bottom:7px;font-weight:bold;text-align:justify;\">\r\n	Passage:</div>\r\n<div style=\"margin-bottom:7px;font-weight:normal;text-align:justify;text-indent:0.5in;\">\r\n	Garbage is a great environment hazard. It comes from various sources&mdash;used paper, tiffin packing&rsquo;s, plastic bags, ice-cream wrappers, bottle caps, fallen leaves from trees and many more. Garbage makes the premises ugly, unkempt and breeds diseases. A lot of trash that is thrown away contain material that can be recycled and reused such as paper, metals and glass which can be sent to the nearest recycling centre or disposed of to the junk dealer. It also contains organic matter such as leaves which can enrich soil fertility. A compost pit can be made at a convenient location where the refuse can be placed with layers of soil and an occasional sprinkling of water. This would help decomposition to make valuable fertilizer. This would also prevent pollution that is usually caused by burning such organic waste.</div>\r\n<div style=\"margin-bottom:7px;font-weight:normal;\">\r\n	Which of these is correct with reference to a composite pit?</div>', 1, 45, 1, 1, '2024-01-06 04:53:08', 0, NULL, NULL, '', '', NULL, NULL),
(46, '<div style=\"margin-bottom:7px;font-weight:bold;text-align:justify;\">\r\n	READING COMPREHENSION:</div>\r\n<div style=\"margin-bottom:7px;font-weight:bold;text-align:justify;\">\r\n	Passage:</div>\r\n<div style=\"margin-bottom:7px;font-weight:normal;text-align:justify;text-indent:0.5in;\">\r\n	The cactus is a plant which grows in very hot, dry places. They do not have leaves. Instead, they have spiny needles which stick out of their stems. There are many shapes of the cactus. Some are small and round. Others are tall like columns or pillars. Some are shaped like tubes or bells. Some are shaped like wheels. Some grow as trees or shrubs. Others grow as ground cover. Cactus flowers are big, and some of them bloom at night. Their flowers come out at night because they are pollinated by insects or <strong>small </strong>animals that come out at night. Insects and small animals carry pollen from one cactus to another. Most cacti live in North and South America. Others live in Africa, Madagascar, and Sri Lanka. Cacti do not have very large leaves because large leaves would allow the water to evaporate. When water evaporates, it changes from a liquid to a gas. When it becomes a gas, it is light enough to move through the air. That would be bad for the cactus because the cactus <strong>requires </strong>the water to live. Some cacti have waxy coatings on their stems, so that water will run down the stem to the roots. Cacti can absorb water from fog in the air, since it does not rain very much in the desert. Most cacti have long roots which can spread out close to the surface so they can absorb a lot of water on the occasions when it rains.</div>\r\n<div style=\"margin-bottom:7px;font-weight:normal;\">\r\n	What do cacti have instead of leaves?</div>', 1, 46, 1, 1, '2024-01-06 04:53:08', 0, NULL, NULL, '', '', NULL, NULL),
(47, '<div style=\"margin-bottom:7px;font-weight:bold;text-align:justify;\">\r\n	READING COMPREHENSION:</div>\r\n<div style=\"margin-bottom:7px;font-weight:bold;text-align:justify;\">\r\n	Passage:</div>\r\n<div style=\"margin-bottom:7px;font-weight:normal;text-align:justify;text-indent:0.5in;\">\r\n	The cactus is a plant which grows in very hot, dry places. They do not have leaves. Instead, they have spiny needles which stick out of their stems. There are many shapes of the cactus. Some are small and round. Others are tall like columns or pillars. Some are shaped like tubes or bells. Some are shaped like wheels. Some grow as trees or shrubs. Others grow as ground cover. Cactus flowers are big, and some of them bloom at night. Their flowers come out at night because they are pollinated by insects or <strong>small </strong>animals that come out at night. Insects and small animals carry pollen from one cactus to another. Most cacti live in North and South America. Others live in Africa, Madagascar, and Sri Lanka. Cacti do not have very large leaves because large leaves would allow the water to evaporate. When water evaporates, it changes from a liquid to a gas. When it becomes a gas, it is light enough to move through the air. That would be bad for the cactus because the cactus <strong>requires </strong>the water to live. Some cacti have waxy coatings on their stems, so that water will run down the stem to the roots. Cacti can absorb water from fog in the air, since it does not rain very much in the desert. Most cacti have long roots which can spread out close to the surface so they can absorb a lot of water on the occasions when it rains.</div>\r\n<div style=\"margin-bottom:7px;font-weight:normal;\">\r\n	How are cacti shaped?</div>', 1, 47, 1, 1, '2024-01-06 04:53:08', 0, NULL, NULL, '', '', NULL, NULL),
(48, '<div style=\"margin-bottom:7px;font-weight:bold;text-align:justify;\">\r\n	READING COMPREHENSION:</div>\r\n<div style=\"margin-bottom:7px;font-weight:bold;text-align:justify;\">\r\n	Passage:</div>\r\n<div style=\"margin-bottom:7px;font-weight:normal;text-align:justify;text-indent:0.5in;\">\r\n	The cactus is a plant which grows in very hot, dry places. They do not have leaves. Instead, they have spiny needles which stick out of their stems. There are many shapes of the cactus. Some are small and round. Others are tall like columns or pillars. Some are shaped like tubes or bells. Some are shaped like wheels. Some grow as trees or shrubs. Others grow as ground cover. Cactus flowers are big, and some of them bloom at night. Their flowers come out at night because they are pollinated by insects or <strong>small </strong>animals that come out at night. Insects and small animals carry pollen from one cactus to another. Most cacti live in North and South America. Others live in Africa, Madagascar, and Sri Lanka. Cacti do not have very large leaves because large leaves would allow the water to evaporate. When water evaporates, it changes from a liquid to a gas. When it becomes a gas, it is light enough to move through the air. That would be bad for the cactus because the cactus <strong>requires </strong>the water to live. Some cacti have waxy coatings on their stems, so that water will run down the stem to the roots. Cacti can absorb water from fog in the air, since it does not rain very much in the desert. Most cacti have long roots which can spread out close to the surface so they can absorb a lot of water on the occasions when it rains.</div>\r\n<div style=\"margin-bottom:7px;font-weight:normal;\">\r\n	Where do most cacti grow?</div>', 1, 48, 1, 1, '2024-01-06 04:53:08', 0, NULL, NULL, '', '', NULL, NULL),
(49, '<div style=\"margin-bottom:7px;font-weight:bold;text-align:justify;\">\r\n	READING COMPREHENSION:</div>\r\n<div style=\"margin-bottom:7px;font-weight:bold;text-align:justify;\">\r\n	Passage:</div>\r\n<div style=\"margin-bottom:7px;font-weight:normal;text-align:justify;text-indent:0.5in;\">\r\n	The cactus is a plant which grows in very hot, dry places. They do not have leaves. Instead, they have spiny needles which stick out of their stems. There are many shapes of the cactus. Some are small and round. Others are tall like columns or pillars. Some are shaped like tubes or bells. Some are shaped like wheels. Some grow as trees or shrubs. Others grow as ground cover. Cactus flowers are big, and some of them bloom at night. Their flowers come out at night because they are pollinated by insects or <strong>small </strong>animals that come out at night. Insects and small animals carry pollen from one cactus to another. Most cacti live in North and South America. Others live in Africa, Madagascar, and Sri Lanka. Cacti do not have very large leaves because large leaves would allow the water to evaporate. When water evaporates, it changes from a liquid to a gas. When it becomes a gas, it is light enough to move through the air. That would be bad for the cactus because the cactus <strong>requires </strong>the water to live. Some cacti have waxy coatings on their stems, so that water will run down the stem to the roots. Cacti can absorb water from fog in the air, since it does not rain very much in the desert. Most cacti have long roots which can spread out close to the surface so they can absorb a lot of water on the occasions when it rains.</div>\r\n<div style=\"margin-bottom:7px;font-weight:normal;\">\r\n	Cacti prevent evaporation of water by&hellip;</div>', 1, 49, 1, 1, '2024-01-06 04:53:08', 0, NULL, NULL, '', '', NULL, NULL),
(50, '<div style=\"margin-bottom:7px;font-weight:bold;text-align:justify;\">\r\n	READING COMPREHENSION:</div>\r\n<div style=\"margin-bottom:7px;font-weight:bold;text-align:justify;\">\r\n	Passage:</div>\r\n<div style=\"margin-bottom:7px;font-weight:normal;text-align:justify;text-indent:0.5in;\">\r\n	The cactus is a plant which grows in very hot, dry places. They do not have leaves. Instead, they have spiny needles which stick out of their stems. There are many shapes of the cactus. Some are small and round. Others are tall like columns or pillars. Some are shaped like tubes or bells. Some are shaped like wheels. Some grow as trees or shrubs. Others grow as ground cover. Cactus flowers are big, and some of them bloom at night. Their flowers come out at night because they are pollinated by insects or <strong>small </strong>animals that come out at night. Insects and small animals carry pollen from one cactus to another. Most cacti live in North and South America. Others live in Africa, Madagascar, and Sri Lanka. Cacti do not have very large leaves because large leaves would allow the water to evaporate. When water evaporates, it changes from a liquid to a gas. When it becomes a gas, it is light enough to move through the air. That would be bad for the cactus because the cactus <strong>requires </strong>the water to live. Some cacti have waxy coatings on their stems, so that water will run down the stem to the roots. Cacti can absorb water from fog in the air, since it does not rain very much in the desert. Most cacti have long roots which can spread out close to the surface so they can absorb a lot of water on the occasions when it rains.</div>\r\n<div style=\"margin-bottom:7px;font-weight:normal;\">\r\n	When cacti bloom&hellip;</div>', 1, 50, 1, 1, '2024-01-06 04:53:08', 0, NULL, NULL, '', '', NULL, NULL);

-- --------------------------------------------------------

--
-- Table structure for table `question_groups`
--

DROP TABLE IF EXISTS `question_groups`;
CREATE TABLE IF NOT EXISTS `question_groups` (
  `id` int(11) NOT NULL AUTO_INCREMENT,
  `group_name` varchar(450) NOT NULL,
  `show_header` int(11) NOT NULL,
  `group_total` decimal(18,0) NOT NULL DEFAULT 0,
  `show_footer` int(11) DEFAULT NULL,
  `check_total` decimal(18,0) DEFAULT NULL,
  `question_id` int(11) DEFAULT NULL,
  `parent_id` int(11) NOT NULL,
  `group_name_eng` varchar(450) DEFAULT NULL,
  `added_date` timestamp NOT NULL DEFAULT current_timestamp(),
  PRIMARY KEY (`id`),
  KEY `question_id` (`question_id`)
) ENGINE=InnoDB AUTO_INCREMENT=51 DEFAULT CHARSET=latin1 COLLATE=latin1_swedish_ci;

--
-- Dumping data for table `question_groups`
--

INSERT INTO `question_groups` (`id`, `group_name`, `show_header`, `group_total`, `show_footer`, `check_total`, `question_id`, `parent_id`, `group_name_eng`, `added_date`) VALUES
(1, '', 0, 0, NULL, NULL, 1, 0, NULL, '2024-01-06 04:53:07'),
(2, '', 0, 0, NULL, NULL, 2, 0, NULL, '2024-01-06 04:53:07'),
(3, '', 0, 0, NULL, NULL, 3, 0, NULL, '2024-01-06 04:53:07'),
(4, '', 0, 0, NULL, NULL, 4, 0, NULL, '2024-01-06 04:53:07'),
(5, '', 0, 0, NULL, NULL, 5, 0, NULL, '2024-01-06 04:53:07'),
(6, '', 0, 0, NULL, NULL, 6, 0, NULL, '2024-01-06 04:53:07'),
(7, '', 0, 0, NULL, NULL, 7, 0, NULL, '2024-01-06 04:53:07'),
(8, '', 0, 0, NULL, NULL, 8, 0, NULL, '2024-01-06 04:53:07'),
(9, '', 0, 0, NULL, NULL, 9, 0, NULL, '2024-01-06 04:53:07'),
(10, '', 0, 0, NULL, NULL, 10, 0, NULL, '2024-01-06 04:53:07'),
(11, '', 0, 0, NULL, NULL, 11, 0, NULL, '2024-01-06 04:53:07'),
(12, '', 0, 0, NULL, NULL, 12, 0, NULL, '2024-01-06 04:53:07'),
(13, '', 0, 0, NULL, NULL, 13, 0, NULL, '2024-01-06 04:53:07'),
(14, '', 0, 0, NULL, NULL, 14, 0, NULL, '2024-01-06 04:53:07'),
(15, '', 0, 0, NULL, NULL, 15, 0, NULL, '2024-01-06 04:53:07'),
(16, '', 0, 0, NULL, NULL, 16, 0, NULL, '2024-01-06 04:53:07'),
(17, '', 0, 0, NULL, NULL, 17, 0, NULL, '2024-01-06 04:53:07'),
(18, '', 0, 0, NULL, NULL, 18, 0, NULL, '2024-01-06 04:53:07'),
(19, '', 0, 0, NULL, NULL, 19, 0, NULL, '2024-01-06 04:53:07'),
(20, '', 0, 0, NULL, NULL, 20, 0, NULL, '2024-01-06 04:53:07'),
(21, '', 0, 0, NULL, NULL, 21, 0, NULL, '2024-01-06 04:53:07'),
(22, '', 0, 0, NULL, NULL, 22, 0, NULL, '2024-01-06 04:53:07'),
(23, '', 0, 0, NULL, NULL, 23, 0, NULL, '2024-01-06 04:53:07'),
(24, '', 0, 0, NULL, NULL, 24, 0, NULL, '2024-01-06 04:53:07'),
(25, '', 0, 0, NULL, NULL, 25, 0, NULL, '2024-01-06 04:53:07'),
(26, '', 0, 0, NULL, NULL, 26, 0, NULL, '2024-01-06 04:53:07'),
(27, '', 0, 0, NULL, NULL, 27, 0, NULL, '2024-01-06 04:53:07'),
(28, '', 0, 0, NULL, NULL, 28, 0, NULL, '2024-01-06 04:53:07'),
(29, '', 0, 0, NULL, NULL, 29, 0, NULL, '2024-01-06 04:53:07'),
(30, '', 0, 0, NULL, NULL, 30, 0, NULL, '2024-01-06 04:53:07'),
(31, '', 0, 0, NULL, NULL, 31, 0, NULL, '2024-01-06 04:53:07'),
(32, '', 0, 0, NULL, NULL, 32, 0, NULL, '2024-01-06 04:53:07'),
(33, '', 0, 0, NULL, NULL, 33, 0, NULL, '2024-01-06 04:53:07'),
(34, '', 0, 0, NULL, NULL, 34, 0, NULL, '2024-01-06 04:53:07'),
(35, '', 0, 0, NULL, NULL, 35, 0, NULL, '2024-01-06 04:53:07'),
(36, '', 0, 0, NULL, NULL, 36, 0, NULL, '2024-01-06 04:53:08'),
(37, '', 0, 0, NULL, NULL, 37, 0, NULL, '2024-01-06 04:53:08'),
(38, '', 0, 0, NULL, NULL, 38, 0, NULL, '2024-01-06 04:53:08'),
(39, '', 0, 0, NULL, NULL, 39, 0, NULL, '2024-01-06 04:53:08'),
(40, '', 0, 0, NULL, NULL, 40, 0, NULL, '2024-01-06 04:53:08'),
(41, '', 0, 0, NULL, NULL, 41, 0, NULL, '2024-01-06 04:53:08'),
(42, '', 0, 0, NULL, NULL, 42, 0, NULL, '2024-01-06 04:53:08'),
(43, '', 0, 0, NULL, NULL, 43, 0, NULL, '2024-01-06 04:53:08'),
(44, '', 0, 0, NULL, NULL, 44, 0, NULL, '2024-01-06 04:53:08'),
(45, '', 0, 0, NULL, NULL, 45, 0, NULL, '2024-01-06 04:53:08'),
(46, '', 0, 0, NULL, NULL, 46, 0, NULL, '2024-01-06 04:53:08'),
(47, '', 0, 0, NULL, NULL, 47, 0, NULL, '2024-01-06 04:53:08'),
(48, '', 0, 0, NULL, NULL, 48, 0, NULL, '2024-01-06 04:53:08'),
(49, '', 0, 0, NULL, NULL, 49, 0, NULL, '2024-01-06 04:53:08'),
(50, '', 0, 0, NULL, NULL, 50, 0, NULL, '2024-01-06 04:53:08');

-- --------------------------------------------------------

--
-- Table structure for table `question_types`
--

DROP TABLE IF EXISTS `question_types`;
CREATE TABLE IF NOT EXISTS `question_types` (
  `id` int(11) NOT NULL,
  `question_type` varchar(150) NOT NULL,
  PRIMARY KEY (`id`)
) ENGINE=MyISAM DEFAULT CHARSET=latin1 COLLATE=latin1_swedish_ci;

--
-- Dumping data for table `question_types`
--

INSERT INTO `question_types` (`id`, `question_type`) VALUES
(0, 'Multi answer (checkbox)'),
(3, 'Free text (textarea)'),
(4, 'Multi text (numbers only)'),
(1, 'One answer (radio button)');

-- --------------------------------------------------------

--
-- Table structure for table `quizzes`
--

DROP TABLE IF EXISTS `quizzes`;
CREATE TABLE IF NOT EXISTS `quizzes` (
  `id` int(11) NOT NULL AUTO_INCREMENT,
  `cat_id` int(11) NOT NULL,
  `quiz_name` varchar(500) NOT NULL,
  `quiz_desc` varchar(500) NOT NULL,
  `added_date` datetime NOT NULL,
  `parent_id` int(11) NOT NULL,
  `show_intro` int(11) NOT NULL,
  `intro_text` varchar(3850) DEFAULT NULL,
  PRIMARY KEY (`id`)
) ENGINE=InnoDB AUTO_INCREMENT=2 DEFAULT CHARSET=latin1 COLLATE=latin1_swedish_ci;

--
-- Dumping data for table `quizzes`
--

INSERT INTO `quizzes` (`id`, `cat_id`, `quiz_name`, `quiz_desc`, `added_date`, `parent_id`, `show_intro`, `intro_text`) VALUES
(1, 1, 'Assessment Test #002', 'Assessment Test #002', '2024-01-06 10:23:07', 0, 1, '<h2><b>Test Organized by</b></h2>\n<h2 style=\"border-bottom: 1px solid #F4F5F7;margin-bottom:5px;padding-bottom:5px;\"><span style=\"color:red\">Apt Training Resources</span></h2><h2><b>Total number of questions: 50 Questions</b></h2>\n<h2><b>Maximum Time Limit: 60 minutes</b></h2>\n<p style=\"border-top: 1px solid #F4F5F7;margin-top:5px;padding-top:5px;\">\nPlease click on the <b>Continue</b> button only after reading the instructions thoroughly.</p>\n<p><b><u>Instructions:</u></b></p>\n<p>1.For every question, click the answer option &amp; then click the <b>Save</b> button to save the answer for that particular question. Clicking on the <b>Save </b>button is essential for the answer to be saved.</p>\n<p>2.Do not keep on pressing the <b>Save </b>button for the same question again &amp; again. Clicking once is enough.</p>\n<p>3.Clicking on the particular question number (available on the right side or bottom side) will take you directly to the particular question, but click it only after you have pressed the <b>Save </b>button for that question, that you are currently attending in the test.</p>\n<p>4.If after choosing the correct option, you click on the <b>Previous</b> button, instead of the <b>Save </b>button, even then answers will be saved. Don\'t worry.</p>\n<p>5.If you click the correct option and then click the <b>Question number link</b> in the right or in the bottom or if u click the <b>Instruction page link</b>, without pressing the <b>Save </b>button, answer won\'t be saved. Clicking on the <b>Save </b>button is essential for the answer to be saved.</p>\n<p>6.If you exceed the time limit for the test, the answers for which u have clicked the <b>Save </b>button alone, will automatically be saved &amp; it will take you to the home page.</p>\n<p>7.If incase u want to check the remaining time available for u any time during the test, u can scroll up, to see the timer on the right top corner.</p>\n<p>8.Once you have finished the test, click the <b>Finish</b> button available in the top right corner.</p>');

-- --------------------------------------------------------

--
-- Table structure for table `roles_rights`
--

DROP TABLE IF EXISTS `roles_rights`;
CREATE TABLE IF NOT EXISTS `roles_rights` (
  `Id` int(11) NOT NULL AUTO_INCREMENT,
  `role_id` int(11) DEFAULT NULL,
  `module_id` int(11) DEFAULT NULL,
  PRIMARY KEY (`Id`)
) ENGINE=MyISAM AUTO_INCREMENT=14 DEFAULT CHARSET=latin1 COLLATE=latin1_swedish_ci;

--
-- Dumping data for table `roles_rights`
--

INSERT INTO `roles_rights` (`Id`, `role_id`, `module_id`) VALUES
(1, 1, 2),
(2, 1, 3),
(3, 1, 4),
(4, 1, 6),
(5, 1, 7),
(12, 1, 12),
(11, 1, 11),
(9, 2, 9);

-- --------------------------------------------------------

--
-- Table structure for table `tcode_assess_base`
--

DROP TABLE IF EXISTS `tcode_assess_base`;
CREATE TABLE IF NOT EXISTS `tcode_assess_base` (
  `assess_id` bigint(20) UNSIGNED NOT NULL AUTO_INCREMENT,
  `assignment_name` varchar(250) NOT NULL,
  `group_id` bigint(20) UNSIGNED NOT NULL,
  `total_q` int(10) UNSIGNED NOT NULL DEFAULT 1,
  `total_score` int(10) UNSIGNED NOT NULL DEFAULT 3,
  `total_duration` int(10) UNSIGNED NOT NULL DEFAULT 30,
  `duration_per` int(10) UNSIGNED NOT NULL DEFAULT 1,
  `max_submissions` int(10) UNSIGNED NOT NULL DEFAULT 1,
  `is_to_suffle_q` tinyint(1) NOT NULL DEFAULT 1,
  `assignment_status` int(10) UNSIGNED NOT NULL DEFAULT 0,
  `instructions` varchar(8000) NOT NULL DEFAULT ' ',
  `max_runs` int(10) UNSIGNED NOT NULL DEFAULT 3,
  PRIMARY KEY (`assess_id`)
) ENGINE=InnoDB DEFAULT CHARSET=latin1 COLLATE=latin1_swedish_ci;

-- --------------------------------------------------------

--
-- Table structure for table `tcode_assess_submit_q`
--

DROP TABLE IF EXISTS `tcode_assess_submit_q`;
CREATE TABLE IF NOT EXISTS `tcode_assess_submit_q` (
  `submit_id` bigint(20) UNSIGNED NOT NULL AUTO_INCREMENT,
  `assess_id` bigint(20) UNSIGNED NOT NULL,
  `user_id` bigint(20) UNSIGNED NOT NULL,
  `group_id` bigint(20) UNSIGNED NOT NULL,
  `question_id` bigint(20) UNSIGNED NOT NULL,
  `user_program` longtext NOT NULL,
  `q_secure_score` int(10) UNSIGNED NOT NULL DEFAULT 0,
  `q_status` int(10) UNSIGNED NOT NULL DEFAULT 0,
  `submit_no` int(10) UNSIGNED NOT NULL DEFAULT 1,
  `test_cases_haverun` int(10) UNSIGNED NOT NULL DEFAULT 0,
  `number_of_runs` int(10) UNSIGNED NOT NULL DEFAULT 0,
  `number_of_submits` int(10) UNSIGNED NOT NULL DEFAULT 0,
  PRIMARY KEY (`submit_id`)
) ENGINE=InnoDB DEFAULT CHARSET=latin1 COLLATE=latin1_swedish_ci;

-- --------------------------------------------------------

--
-- Table structure for table `tcode_assess_submit_testcase`
--

DROP TABLE IF EXISTS `tcode_assess_submit_testcase`;
CREATE TABLE IF NOT EXISTS `tcode_assess_submit_testcase` (
  `submit_id` bigint(20) UNSIGNED NOT NULL,
  `assess_id` bigint(20) UNSIGNED NOT NULL,
  `user_id` bigint(20) UNSIGNED NOT NULL,
  `group_id` bigint(20) UNSIGNED NOT NULL,
  `question_id` bigint(20) UNSIGNED NOT NULL,
  `testcase_id` bigint(20) UNSIGNED NOT NULL,
  `user_output` varchar(2000) NOT NULL DEFAULT ' ',
  `case_status` int(10) UNSIGNED NOT NULL DEFAULT 0,
  `testcase_secure_score` int(10) UNSIGNED NOT NULL DEFAULT 0,
  PRIMARY KEY (`submit_id`,`testcase_id`) USING BTREE
) ENGINE=InnoDB DEFAULT CHARSET=latin1 COLLATE=latin1_swedish_ci;

-- --------------------------------------------------------

--
-- Table structure for table `tcode_assess_user`
--

DROP TABLE IF EXISTS `tcode_assess_user`;
CREATE TABLE IF NOT EXISTS `tcode_assess_user` (
  `assess_id` bigint(20) UNSIGNED NOT NULL AUTO_INCREMENT,
  `user_id` bigint(20) UNSIGNED NOT NULL,
  `user_ass_status` int(10) UNSIGNED NOT NULL DEFAULT 0,
  `user_secure_score` int(10) UNSIGNED NOT NULL DEFAULT 0,
  `ass_start_date` datetime DEFAULT NULL,
  `ass_finish_date` datetime DEFAULT NULL,
  PRIMARY KEY (`assess_id`,`user_id`)
) ENGINE=InnoDB DEFAULT CHARSET=latin1 COLLATE=latin1_swedish_ci;

-- --------------------------------------------------------

--
-- Table structure for table `tcode_language`
--

DROP TABLE IF EXISTS `tcode_language`;
CREATE TABLE IF NOT EXISTS `tcode_language` (
  `lang_code` varchar(10) NOT NULL,
  `full_name` varchar(100) NOT NULL,
  `api_lang_name` varchar(100) NOT NULL,
  `api_version_no` varchar(100) NOT NULL,
  `default_program` varchar(1000) NOT NULL DEFAULT '#include<stdio.h>\r\nint main(){\r\n\r\n  return 0;\r\n}',
  PRIMARY KEY (`lang_code`)
) ENGINE=InnoDB DEFAULT CHARSET=latin1 COLLATE=latin1_swedish_ci;

-- --------------------------------------------------------

--
-- Table structure for table `tcode_level`
--

DROP TABLE IF EXISTS `tcode_level`;
CREATE TABLE IF NOT EXISTS `tcode_level` (
  `level_no` int(10) UNSIGNED NOT NULL,
  `level_name` varchar(100) NOT NULL,
  PRIMARY KEY (`level_no`)
) ENGINE=InnoDB DEFAULT CHARSET=latin1 COLLATE=latin1_swedish_ci;

-- --------------------------------------------------------

--
-- Table structure for table `tcode_q_base`
--

DROP TABLE IF EXISTS `tcode_q_base`;
CREATE TABLE IF NOT EXISTS `tcode_q_base` (
  `question_id` bigint(20) UNSIGNED NOT NULL AUTO_INCREMENT,
  `code_title` varchar(200) NOT NULL DEFAULT ' ',
  `code_question` varchar(8000) NOT NULL DEFAULT ' ',
  `lang_code` varchar(10) NOT NULL DEFAULT 'c',
  `level_no` int(10) UNSIGNED NOT NULL DEFAULT 2,
  `tested_program` longtext DEFAULT NULL,
  PRIMARY KEY (`question_id`)
) ENGINE=InnoDB DEFAULT CHARSET=latin1 COLLATE=latin1_swedish_ci;

-- --------------------------------------------------------

--
-- Table structure for table `tcode_q_group_base`
--

DROP TABLE IF EXISTS `tcode_q_group_base`;
CREATE TABLE IF NOT EXISTS `tcode_q_group_base` (
  `group_id` bigint(20) UNSIGNED NOT NULL AUTO_INCREMENT,
  `group_name` varchar(250) NOT NULL,
  PRIMARY KEY (`group_id`)
) ENGINE=InnoDB DEFAULT CHARSET=latin1 COLLATE=latin1_swedish_ci;

-- --------------------------------------------------------

--
-- Table structure for table `tcode_q_group_q`
--

DROP TABLE IF EXISTS `tcode_q_group_q`;
CREATE TABLE IF NOT EXISTS `tcode_q_group_q` (
  `group_id` bigint(20) UNSIGNED NOT NULL AUTO_INCREMENT,
  `question_id` bigint(20) UNSIGNED NOT NULL,
  PRIMARY KEY (`group_id`,`question_id`)
) ENGINE=InnoDB DEFAULT CHARSET=latin1 COLLATE=latin1_swedish_ci;

-- --------------------------------------------------------

--
-- Table structure for table `tcode_q_testcase`
--

DROP TABLE IF EXISTS `tcode_q_testcase`;
CREATE TABLE IF NOT EXISTS `tcode_q_testcase` (
  `testcase_id` bigint(20) UNSIGNED NOT NULL AUTO_INCREMENT,
  `question_id` bigint(20) UNSIGNED NOT NULL,
  `input` varchar(2000) NOT NULL DEFAULT ' ',
  `output` varchar(2000) NOT NULL DEFAULT ' ',
  `point` int(10) UNSIGNED NOT NULL DEFAULT 1,
  `sno` int(10) UNSIGNED NOT NULL,
  `is_active` tinyint(1) NOT NULL DEFAULT 1,
  PRIMARY KEY (`testcase_id`)
) ENGINE=InnoDB DEFAULT CHARSET=latin1 COLLATE=latin1_swedish_ci;

-- --------------------------------------------------------

--
-- Table structure for table `users`
--

DROP TABLE IF EXISTS `users`;
CREATE TABLE IF NOT EXISTS `users` (
  `UserID` int(11) NOT NULL AUTO_INCREMENT,
  `UserName` varchar(50) NOT NULL,
  `Password` varchar(50) NOT NULL,
  `Name` varchar(150) NOT NULL,
  `Surname` varchar(150) NOT NULL,
  `added_date` datetime NOT NULL,
  `user_type` int(11) DEFAULT NULL,
  `email` varchar(200) CHARACTER SET utf8mb3 COLLATE utf8mb3_general_ci DEFAULT NULL,
  PRIMARY KEY (`UserID`)
) ENGINE=InnoDB AUTO_INCREMENT=251 DEFAULT CHARSET=latin1 COLLATE=latin1_swedish_ci;

--
-- Dumping data for table `users`
--

INSERT INTO `users` (`UserID`, `UserName`, `Password`, `Name`, `Surname`, `added_date`, `user_type`, `email`) VALUES
(1, 'admin', 'baf71c021073a99609d073b6c7d2162a', 'admin', 'admin', '2011-10-27 12:02:06', 1, 'admin'),
(2, 'APT01', '486ec94022de2ba84a97e76c60e6dd89', 'APT01', '', '0000-00-00 00:00:00', NULL, NULL),
(3, 'APT02', '486ec94022de2ba84a97e76c60e6dd89', 'APT02', '', '0000-00-00 00:00:00', NULL, NULL),
(4, 'APT03', '486ec94022de2ba84a97e76c60e6dd89', 'APT03', '', '0000-00-00 00:00:00', NULL, NULL),
(5, 'APT04', '486ec94022de2ba84a97e76c60e6dd89', 'APT04', '', '0000-00-00 00:00:00', NULL, NULL),
(6, 'APT05', '486ec94022de2ba84a97e76c60e6dd89', 'APT05', '', '0000-00-00 00:00:00', NULL, NULL),
(7, 'APT06', '486ec94022de2ba84a97e76c60e6dd89', 'APT06', '', '0000-00-00 00:00:00', NULL, NULL),
(8, 'APT07', '486ec94022de2ba84a97e76c60e6dd89', 'APT07', '', '0000-00-00 00:00:00', NULL, NULL),
(9, 'APT08', '486ec94022de2ba84a97e76c60e6dd89', 'APT08', '', '0000-00-00 00:00:00', NULL, NULL),
(10, 'APT09', '486ec94022de2ba84a97e76c60e6dd89', 'APT09', '', '0000-00-00 00:00:00', NULL, NULL),
(11, 'APT10', '486ec94022de2ba84a97e76c60e6dd89', 'APT10', '', '0000-00-00 00:00:00', NULL, NULL),
(12, 'APT11', '486ec94022de2ba84a97e76c60e6dd89', 'APT11', '', '0000-00-00 00:00:00', NULL, NULL),
(13, 'APT12', '486ec94022de2ba84a97e76c60e6dd89', 'APT12', '', '0000-00-00 00:00:00', NULL, NULL),
(14, 'APT13', '486ec94022de2ba84a97e76c60e6dd89', 'APT13', '', '0000-00-00 00:00:00', NULL, NULL),
(15, 'APT14', '486ec94022de2ba84a97e76c60e6dd89', 'APT14', '', '0000-00-00 00:00:00', NULL, NULL),
(16, 'APT15', '486ec94022de2ba84a97e76c60e6dd89', 'APT15', '', '0000-00-00 00:00:00', NULL, NULL),
(17, 'APT16', '486ec94022de2ba84a97e76c60e6dd89', 'APT16', '', '0000-00-00 00:00:00', NULL, NULL),
(18, 'APT17', '486ec94022de2ba84a97e76c60e6dd89', 'APT17', '', '0000-00-00 00:00:00', NULL, NULL),
(19, 'APT18', '486ec94022de2ba84a97e76c60e6dd89', 'APT18', '', '0000-00-00 00:00:00', NULL, NULL),
(20, 'APT19', '486ec94022de2ba84a97e76c60e6dd89', 'APT19', '', '0000-00-00 00:00:00', NULL, NULL),
(21, 'APT20', '486ec94022de2ba84a97e76c60e6dd89', 'APT20', '', '0000-00-00 00:00:00', NULL, NULL),
(22, 'APT21', '486ec94022de2ba84a97e76c60e6dd89', 'APT21', '', '0000-00-00 00:00:00', NULL, NULL),
(23, 'APT22', '486ec94022de2ba84a97e76c60e6dd89', 'APT22', '', '0000-00-00 00:00:00', NULL, NULL),
(24, 'APT23', '486ec94022de2ba84a97e76c60e6dd89', 'APT23', '', '0000-00-00 00:00:00', NULL, NULL),
(25, 'APT24', '486ec94022de2ba84a97e76c60e6dd89', 'APT24', '', '0000-00-00 00:00:00', NULL, NULL),
(26, 'APT25', '486ec94022de2ba84a97e76c60e6dd89', 'APT25', '', '0000-00-00 00:00:00', NULL, NULL),
(27, 'DEVELOPER01', '7b7a53e239400a13bd6be6c91c4f6c4e', 'DEVELOPER01', '', '0000-00-00 00:00:00', NULL, NULL),
(28, 'DEVELOPER02', '7b7a53e239400a13bd6be6c91c4f6c4e', 'DEVELOPER02', '', '0000-00-00 00:00:00', NULL, NULL),
(29, 'DEVELOPER03', '7b7a53e239400a13bd6be6c91c4f6c4e', 'DEVELOPER03', '', '0000-00-00 00:00:00', NULL, NULL),
(30, 'DEVELOPER04', '7b7a53e239400a13bd6be6c91c4f6c4e', 'DEVELOPER04', '', '0000-00-00 00:00:00', NULL, NULL),
(31, 'DEVELOPER05', '7b7a53e239400a13bd6be6c91c4f6c4e', 'DEVELOPER05', '', '0000-00-00 00:00:00', NULL, NULL),
(32, 'DEVELOPER06', '7b7a53e239400a13bd6be6c91c4f6c4e', 'DEVELOPER06', '', '0000-00-00 00:00:00', NULL, NULL),
(33, 'DEVELOPER07', '7b7a53e239400a13bd6be6c91c4f6c4e', 'DEVELOPER07', '', '0000-00-00 00:00:00', NULL, NULL),
(34, 'DEVELOPER08', '7b7a53e239400a13bd6be6c91c4f6c4e', 'DEVELOPER08', '', '0000-00-00 00:00:00', NULL, NULL),
(35, 'DEVELOPER09', '7b7a53e239400a13bd6be6c91c4f6c4e', 'DEVELOPER09', '', '0000-00-00 00:00:00', NULL, NULL),
(36, 'DEVELOPER10', '7b7a53e239400a13bd6be6c91c4f6c4e', 'DEVELOPER10', '', '0000-00-00 00:00:00', NULL, NULL),
(37, 'DEVELOPER11', '7b7a53e239400a13bd6be6c91c4f6c4e', 'DEVELOPER11', '', '0000-00-00 00:00:00', NULL, NULL),
(38, 'DEVELOPER12', '7b7a53e239400a13bd6be6c91c4f6c4e', 'DEVELOPER12', '', '0000-00-00 00:00:00', NULL, NULL),
(39, 'DEVELOPER13', '7b7a53e239400a13bd6be6c91c4f6c4e', 'DEVELOPER13', '', '0000-00-00 00:00:00', NULL, NULL),
(40, 'DEVELOPER14', '7b7a53e239400a13bd6be6c91c4f6c4e', 'DEVELOPER14', '', '0000-00-00 00:00:00', NULL, NULL),
(41, 'DEVELOPER15', '7b7a53e239400a13bd6be6c91c4f6c4e', 'DEVELOPER15', '', '0000-00-00 00:00:00', NULL, NULL),
(42, 'DEVELOPER16', '7b7a53e239400a13bd6be6c91c4f6c4e', 'DEVELOPER16', '', '0000-00-00 00:00:00', NULL, NULL),
(43, 'DEVELOPER17', '7b7a53e239400a13bd6be6c91c4f6c4e', 'DEVELOPER17', '', '0000-00-00 00:00:00', NULL, NULL),
(44, 'DEVELOPER18', '7b7a53e239400a13bd6be6c91c4f6c4e', 'DEVELOPER18', '', '0000-00-00 00:00:00', NULL, NULL),
(45, 'DEVELOPER19', '7b7a53e239400a13bd6be6c91c4f6c4e', 'DEVELOPER19', '', '0000-00-00 00:00:00', NULL, NULL),
(46, 'DEVELOPER20', '7b7a53e239400a13bd6be6c91c4f6c4e', 'DEVELOPER20', '', '0000-00-00 00:00:00', NULL, NULL),
(47, 'DEVELOPER21', '7b7a53e239400a13bd6be6c91c4f6c4e', 'DEVELOPER21', '', '0000-00-00 00:00:00', NULL, NULL),
(48, 'DEVELOPER22', '7b7a53e239400a13bd6be6c91c4f6c4e', 'DEVELOPER22', '', '0000-00-00 00:00:00', NULL, NULL),
(49, 'DEVELOPER23', '7b7a53e239400a13bd6be6c91c4f6c4e', 'DEVELOPER23', '', '0000-00-00 00:00:00', NULL, NULL),
(50, 'DEVELOPER24', '7b7a53e239400a13bd6be6c91c4f6c4e', 'DEVELOPER24', '', '0000-00-00 00:00:00', NULL, NULL),
(51, 'DEVELOPER25', '7b7a53e239400a13bd6be6c91c4f6c4e', 'DEVELOPER25', '', '0000-00-00 00:00:00', NULL, NULL),
(52, 'SERVER01', 'da941ba5e4989ca468e0af6e0645a715', 'SERVER01', '', '0000-00-00 00:00:00', NULL, NULL),
(53, 'SERVER02', 'da941ba5e4989ca468e0af6e0645a715', 'SERVER02', '', '0000-00-00 00:00:00', NULL, NULL),
(54, 'SERVER03', 'da941ba5e4989ca468e0af6e0645a715', 'SERVER03', '', '0000-00-00 00:00:00', NULL, NULL),
(55, 'SERVER04', 'da941ba5e4989ca468e0af6e0645a715', 'SERVER04', '', '0000-00-00 00:00:00', NULL, NULL),
(56, 'SERVER05', 'da941ba5e4989ca468e0af6e0645a715', 'SERVER05', '', '0000-00-00 00:00:00', NULL, NULL),
(57, 'SERVER06', 'da941ba5e4989ca468e0af6e0645a715', 'SERVER06', '', '0000-00-00 00:00:00', NULL, NULL),
(58, 'SERVER07', 'da941ba5e4989ca468e0af6e0645a715', 'SERVER07', '', '0000-00-00 00:00:00', NULL, NULL),
(59, 'SERVER08', 'da941ba5e4989ca468e0af6e0645a715', 'SERVER08', '', '0000-00-00 00:00:00', NULL, NULL),
(60, 'SERVER09', 'da941ba5e4989ca468e0af6e0645a715', 'SERVER09', '', '0000-00-00 00:00:00', NULL, NULL),
(61, 'SERVER10', 'da941ba5e4989ca468e0af6e0645a715', 'SERVER10', '', '0000-00-00 00:00:00', NULL, NULL),
(62, 'SERVER11', 'da941ba5e4989ca468e0af6e0645a715', 'SERVER11', '', '0000-00-00 00:00:00', NULL, NULL),
(63, 'SERVER12', 'da941ba5e4989ca468e0af6e0645a715', 'SERVER12', '', '0000-00-00 00:00:00', NULL, NULL),
(64, 'SERVER13', 'da941ba5e4989ca468e0af6e0645a715', 'SERVER13', '', '0000-00-00 00:00:00', NULL, NULL),
(65, 'SERVER14', 'da941ba5e4989ca468e0af6e0645a715', 'SERVER14', '', '0000-00-00 00:00:00', NULL, NULL),
(66, 'SERVER15', 'da941ba5e4989ca468e0af6e0645a715', 'SERVER15', '', '0000-00-00 00:00:00', NULL, NULL),
(67, 'SERVER16', 'da941ba5e4989ca468e0af6e0645a715', 'SERVER16', '', '0000-00-00 00:00:00', NULL, NULL),
(68, 'SERVER17', 'da941ba5e4989ca468e0af6e0645a715', 'SERVER17', '', '0000-00-00 00:00:00', NULL, NULL),
(69, 'SERVER18', 'da941ba5e4989ca468e0af6e0645a715', 'SERVER18', '', '0000-00-00 00:00:00', NULL, NULL),
(70, 'SERVER19', 'da941ba5e4989ca468e0af6e0645a715', 'SERVER19', '', '0000-00-00 00:00:00', NULL, NULL),
(71, 'SERVER20', 'da941ba5e4989ca468e0af6e0645a715', 'SERVER20', '', '0000-00-00 00:00:00', NULL, NULL),
(72, 'SERVER21', 'da941ba5e4989ca468e0af6e0645a715', 'SERVER21', '', '0000-00-00 00:00:00', NULL, NULL),
(73, 'SERVER22', 'da941ba5e4989ca468e0af6e0645a715', 'SERVER22', '', '0000-00-00 00:00:00', NULL, NULL),
(74, 'SERVER23', 'da941ba5e4989ca468e0af6e0645a715', 'SERVER23', '', '0000-00-00 00:00:00', NULL, NULL),
(75, 'SERVER24', 'da941ba5e4989ca468e0af6e0645a715', 'SERVER24', '', '0000-00-00 00:00:00', NULL, NULL),
(76, 'SERVER25', 'da941ba5e4989ca468e0af6e0645a715', 'SERVER25', '', '0000-00-00 00:00:00', NULL, NULL),
(77, 'TN301', '189d5d127eab50c883b98fd2c112300a', 'TN301', '', '0000-00-00 00:00:00', NULL, NULL),
(78, 'TN302', 'd13f8f9d58a6871694136192ca253cdf', 'TN302', '', '0000-00-00 00:00:00', NULL, NULL),
(79, 'TN303', '0ed36a9d56e045cdd796cbb460e4d269', 'TN303', '', '0000-00-00 00:00:00', NULL, NULL),
(80, 'TN304', '93335e44fdf74a01eb21674b13fac4ec', 'TN304', '', '0000-00-00 00:00:00', NULL, NULL),
(81, 'TN305', '3a6cead0e7b0fd88ba40ad6fdcac9a9a', 'TN305', '', '0000-00-00 00:00:00', NULL, NULL),
(82, 'TN306', '2981a04f6739523aed8804ac17fc3779', 'TN306', '', '0000-00-00 00:00:00', NULL, NULL),
(83, 'TN307', '17aa636e67223125b41abb0bd9f70bad', 'TN307', '', '0000-00-00 00:00:00', NULL, NULL),
(84, 'TN308', 'eebcb2230f618f9e4a681c61c15464ab', 'TN308', '', '0000-00-00 00:00:00', NULL, NULL),
(85, 'TN309', '7ccd6661149100921072249667c1b69e', 'TN309', '', '0000-00-00 00:00:00', NULL, NULL),
(86, 'TN310', 'cf20c8df4b38b157704683cd7d5dea5a', 'TN310', '', '0000-00-00 00:00:00', NULL, NULL),
(87, 'TN311', '996223a22f2712629435fd61f5a456fa', 'TN311', '', '0000-00-00 00:00:00', NULL, NULL),
(88, 'TN312', '717709ffafdd164919e1cc509c1b4138', 'TN312', '', '0000-00-00 00:00:00', NULL, NULL),
(89, 'TN313', 'fad8759e818a9a9f617e002613876c33', 'TN313', '', '0000-00-00 00:00:00', NULL, NULL),
(90, 'TN314', 'e5754b57c4980b5dd252d11de99430ec', 'TN314', '', '0000-00-00 00:00:00', NULL, NULL),
(91, 'TN315', '669a2e64203980c5cad828c7e80d22e0', 'TN315', '', '0000-00-00 00:00:00', NULL, NULL),
(92, 'TN316', '626a2d5e68f15d8ecbb2d578e2ccdb2f', 'TN316', '', '0000-00-00 00:00:00', NULL, NULL),
(93, 'TN317', '3f90791b587412bd52b6a6fdfeeac0b6', 'TN317', '', '0000-00-00 00:00:00', NULL, NULL),
(94, 'TN318', 'b2e691fa88b6b69790bf95f5eaa790ff', 'TN318', '', '0000-00-00 00:00:00', NULL, NULL),
(95, 'TN319', 'a3544776768790d74abb475699fb3ff0', 'TN319', '', '0000-00-00 00:00:00', NULL, NULL),
(96, 'TN320', '6dc36b2fe25bf0c1bc8a029d1eda7d84', 'TN320', '', '0000-00-00 00:00:00', NULL, NULL),
(97, 'TN321', '84d92e7b541bc5c42b5acb3d9c9f5dbd', 'TN321', '', '0000-00-00 00:00:00', NULL, NULL),
(98, 'TN322', '3a45f4b1337b39ea5e73b920170d1fce', 'TN322', '', '0000-00-00 00:00:00', NULL, NULL),
(99, 'TN323', '255bfa8feccb7b3d74fefdf77a21ee83', 'TN323', '', '0000-00-00 00:00:00', NULL, NULL),
(100, 'TN324', '25440373b91a38a0aee188c687af9579', 'TN324', '', '0000-00-00 00:00:00', NULL, NULL),
(101, 'TN325', '15b70350e1143ade37021ce7e3e5ab8b', 'TN325', '', '0000-00-00 00:00:00', NULL, NULL),
(102, 'TN326', 'ab991b6b8d5f9c265e2c2c63ced22b05', 'TN326', '', '0000-00-00 00:00:00', NULL, NULL),
(103, 'TN327', '2a808bbbdc3e620cf3956db9b5459b15', 'TN327', '', '0000-00-00 00:00:00', NULL, NULL),
(104, 'TN328', '97098f008557243534858173b7b3b818', 'TN328', '', '0000-00-00 00:00:00', NULL, NULL),
(105, 'TN329', 'dbb4a8b06233d0f03dfc4efd36432a05', 'TN329', '', '0000-00-00 00:00:00', NULL, NULL),
(106, 'TN330', '27a63de15e469e88fbd37ba838bf9571', 'TN330', '', '0000-00-00 00:00:00', NULL, NULL),
(107, 'TN331', '8d1ac699f7b6787ce5ac5654f2f815b2', 'TN331', '', '0000-00-00 00:00:00', NULL, NULL),
(108, 'TN332', 'd47cb39fb0bdaf8de58866bdffb75093', 'TN332', '', '0000-00-00 00:00:00', NULL, NULL),
(109, 'TN333', '8123fb880bcc34226f86cd37b7ccab49', 'TN333', '', '0000-00-00 00:00:00', NULL, NULL),
(110, 'TN334', 'bfb1abe7b3cc7ddb0ebf418494fef8cb', 'TN334', '', '0000-00-00 00:00:00', NULL, NULL),
(111, 'TN335', '3fcd77ca7043240db9f00862884d49de', 'TN335', '', '0000-00-00 00:00:00', NULL, NULL),
(112, 'TN336', '33b4bad72b320f75f8a91904a78ae1f1', 'TN336', '', '0000-00-00 00:00:00', NULL, NULL),
(113, 'TN337', 'f691f2c169647c3d3a3e7b45e278a6bc', 'TN337', '', '0000-00-00 00:00:00', NULL, NULL),
(114, 'TN338', 'e70013a82793b896ae2212b73874a7f3', 'TN338', '', '0000-00-00 00:00:00', NULL, NULL),
(115, 'TN339', '26afda222570decc013e9f68d3770b15', 'TN339', '', '0000-00-00 00:00:00', NULL, NULL),
(116, 'TN340', '9b099388d7e8d615de4ba31421a59895', 'TN340', '', '0000-00-00 00:00:00', NULL, NULL),
(117, 'TN341', '26ca9203f964e91b8e41b34f5d6b822b', 'TN341', '', '0000-00-00 00:00:00', NULL, NULL),
(118, 'TN342', 'd2e0f774a67ed88b8117e5564b1ba266', 'TN342', '', '0000-00-00 00:00:00', NULL, NULL),
(119, 'TN343', 'b59af31542ca56c41ed5fbc0914d3bdb', 'TN343', '', '0000-00-00 00:00:00', NULL, NULL),
(120, 'TN344', '465780799677491dbafb73b8a0079a0c', 'TN344', '', '0000-00-00 00:00:00', NULL, NULL),
(121, 'TN345', 'ac6d8eb56782b4ba6bbbdfc91a120632', 'TN345', '', '0000-00-00 00:00:00', NULL, NULL),
(122, 'TN346', 'ddaa477c30eed9f64ab53eb4b5c27344', 'TN346', '', '0000-00-00 00:00:00', NULL, NULL),
(123, 'TN347', 'c757766a0ca032931faca64e1de06c49', 'TN347', '', '0000-00-00 00:00:00', NULL, NULL),
(124, 'TN348', 'd4e6bdb4d18acd6aca074952f8770b95', 'TN348', '', '0000-00-00 00:00:00', NULL, NULL),
(125, 'TN349', '61361cb619953239c2de62af77f71ffe', 'TN349', '', '0000-00-00 00:00:00', NULL, NULL),
(126, 'TN350', 'cd73ba8ec83cc6ef519638a95271e1ab', 'TN350', '', '0000-00-00 00:00:00', NULL, NULL),
(127, 'TN351', '42151998d375134e9f217cfb721c9a9a', 'TN351', '', '0000-00-00 00:00:00', NULL, NULL),
(128, 'TN352', '55d019ea6e4ae1606c974a57814e79b2', 'TN352', '', '0000-00-00 00:00:00', NULL, NULL),
(129, 'TN353', '84624266686267edc022d9ed6ab8c597', 'TN353', '', '0000-00-00 00:00:00', NULL, NULL),
(130, 'TN354', 'fd91e74e0dc84ce92037b00279725a28', 'TN354', '', '0000-00-00 00:00:00', NULL, NULL),
(131, 'TN355', '5f99402d9792a0abcfccef55ceff7aac', 'TN355', '', '0000-00-00 00:00:00', NULL, NULL),
(132, 'TN356', 'afd9d537eb4081c44efcd256803205a0', 'TN356', '', '0000-00-00 00:00:00', NULL, NULL),
(133, 'TN357', '362eaff5c3c68b33d0c6e783092873b1', 'TN357', '', '0000-00-00 00:00:00', NULL, NULL),
(134, 'TN358', '61d20ea16f75257f694e02384010dbda', 'TN358', '', '0000-00-00 00:00:00', NULL, NULL),
(135, 'TN359', '62fb64e704de1cba09b00beea42c4a3e', 'TN359', '', '0000-00-00 00:00:00', NULL, NULL),
(136, 'TN360', '1c6ffa4bae953096cb57dbd8d00c3497', 'TN360', '', '0000-00-00 00:00:00', NULL, NULL),
(137, 'TN361', '9c135812b9b26ac2565dcaf3aa3abb06', 'TN361', '', '0000-00-00 00:00:00', NULL, NULL),
(138, 'TN362', 'f30c385ae7d7dac336d93347359ad0f2', 'TN362', '', '0000-00-00 00:00:00', NULL, NULL),
(139, 'TN363', '48080cf20e06bc7c32be2fb157a079bd', 'TN363', '', '0000-00-00 00:00:00', NULL, NULL),
(140, 'TN364', '700eb82b6e2db8a7f1b469b57fe870f4', 'TN364', '', '0000-00-00 00:00:00', NULL, NULL),
(141, 'TN365', '77c21f4dda3be6a40eb67e34041e50b0', 'TN365', '', '0000-00-00 00:00:00', NULL, NULL),
(142, 'TN366', '11a8ad255c57b8887ddd1ff1941db139', 'TN366', '', '0000-00-00 00:00:00', NULL, NULL),
(143, 'TN367', 'e4184c1608164bb30fe7b6dc4715bc98', 'TN367', '', '0000-00-00 00:00:00', NULL, NULL),
(144, 'TN368', 'c0a3c4daa9e8c9c23b3463c8c3519ad4', 'TN368', '', '0000-00-00 00:00:00', NULL, NULL),
(145, 'TN369', '8069207a38c62d8ad372c8b2076f3ad5', 'TN369', '', '0000-00-00 00:00:00', NULL, NULL),
(146, 'TN370', '89c012234ee44d83aef477686f4de353', 'TN370', '', '0000-00-00 00:00:00', NULL, NULL),
(147, 'TN371', 'b5446dd6cb1f898edcafa6cc2c4cd145', 'TN371', '', '0000-00-00 00:00:00', NULL, NULL),
(148, 'TN372', '96d619d7467be0e161108441a2bcbdcb', 'TN372', '', '0000-00-00 00:00:00', NULL, NULL),
(149, 'TN373', 'f47fa2d0a2e73302a2d729dcaff8dd7f', 'TN373', '', '0000-00-00 00:00:00', NULL, NULL),
(150, 'TN374', '84b684d2ef7c1da8fa23177f38b5f688', 'TN374', '', '0000-00-00 00:00:00', NULL, NULL),
(151, 'TN375', 'b1e688b9261964947bc5c4d6e5126079', 'TN375', '', '0000-00-00 00:00:00', NULL, NULL),
(152, 'TN376', '8564efbceda78d4419e52d4cf432f11d', 'TN376', '', '0000-00-00 00:00:00', NULL, NULL),
(153, 'TN377', '09b030dc6e9f533797cdf4f692b9fe45', 'TN377', '', '0000-00-00 00:00:00', NULL, NULL),
(154, 'TN378', 'c8ef19c97d44fe6322ab83e60a0e6c0a', 'TN378', '', '0000-00-00 00:00:00', NULL, NULL),
(155, 'TN379', '59fbbc2db85518ab0f7ea4cf32cb0c9a', 'TN379', '', '0000-00-00 00:00:00', NULL, NULL),
(156, 'TN380', '3111570fb99f74c654ec6afda707f452', 'TN380', '', '0000-00-00 00:00:00', NULL, NULL),
(157, 'TN381', 'ec8e5d000b389efc43fd960990fac5fe', 'TN381', '', '0000-00-00 00:00:00', NULL, NULL),
(158, 'TN382', '74153050084b1112ba1bf07c8d8251b9', 'TN382', '', '0000-00-00 00:00:00', NULL, NULL),
(159, 'TN383', '75a24ddf90130240660c6b6bb1b282fd', 'TN383', '', '0000-00-00 00:00:00', NULL, NULL),
(160, 'TN384', '000ea5540fa85f862b02bb1a23c72837', 'TN384', '', '0000-00-00 00:00:00', NULL, NULL),
(161, 'TN385', '6542a42f0f042eb3f632b5807f673184', 'TN385', '', '0000-00-00 00:00:00', NULL, NULL),
(162, 'TN386', '7ba12f6828533ae175a986b13e44206d', 'TN386', '', '0000-00-00 00:00:00', NULL, NULL),
(163, 'TN387', '6e513e1bd3ad84a93015b33fcf670dd1', 'TN387', '', '0000-00-00 00:00:00', NULL, NULL),
(164, 'TN388', '3611736f9c9188a7c1a016ea70aff199', 'TN388', '', '0000-00-00 00:00:00', NULL, NULL),
(165, 'TN389', 'fc0db063a9ef6b6939da4b1d5c0083fd', 'TN389', '', '0000-00-00 00:00:00', NULL, NULL),
(166, 'TN390', 'd6facf7b0a4aa67d9e104134c34a75c0', 'TN390', '', '0000-00-00 00:00:00', NULL, NULL),
(167, 'TN391', '89dff14720e9f9568f7a2c146f8fcf8c', 'TN391', '', '0000-00-00 00:00:00', NULL, NULL),
(168, 'TN392', '63db5f41f54aba1bf3089a0a3abe9f4e', 'TN392', '', '0000-00-00 00:00:00', NULL, NULL),
(169, 'TN393', '7acd6f620726b18c16c0fd4da9f87824', 'TN393', '', '0000-00-00 00:00:00', NULL, NULL),
(170, 'TN394', '1aeac4cbe770ca8aa432899ee7ba44b9', 'TN394', '', '0000-00-00 00:00:00', NULL, NULL),
(171, 'TN395', '15025dacdcc69742416047d21292b277', 'TN395', '', '0000-00-00 00:00:00', NULL, NULL),
(172, 'TN396', '0e2c53f7583fc3704aff9f9073e35891', 'TN396', '', '0000-00-00 00:00:00', NULL, NULL),
(173, 'TN397', '9822dafb6c8b70646705715bbacf239a', 'TN397', '', '0000-00-00 00:00:00', NULL, NULL),
(174, 'TN398', '9d3767fef8f5a8a12b057fbb9a3bdfd6', 'TN398', '', '0000-00-00 00:00:00', NULL, NULL),
(175, 'TN399', '3564785ff4d5a796534aa1db110d539f', 'TN399', '', '0000-00-00 00:00:00', NULL, NULL),
(176, 'TN400', 'b906d07f035d4f5172ee7e15a49a0e75', 'TN400', '', '0000-00-00 00:00:00', NULL, NULL),
(177, 'A1', '4e8615c8b214cd99d9f57e93e40762ce', 'KAVIPRIYA S', '', '0000-00-00 00:00:00', NULL, NULL),
(178, 'A2', 'ce177ef485e815eb711229db2a39801d', 'ROHITH TM', '', '0000-00-00 00:00:00', NULL, NULL),
(179, 'A3', '0d5c052e29d7506a9d60474dd74e5a15', 'Kolluri Sravan Kumar', '', '0000-00-00 00:00:00', NULL, NULL),
(180, 'A4', 'df78549eeecc4b7dacf9fa753e789a77', 'Varshana AJ', '', '0000-00-00 00:00:00', NULL, NULL),
(181, 'A5', '8b7829a2a1fa6239bce583a8fcb8881c', 'Suvathi Sukanyaa K', '', '0000-00-00 00:00:00', NULL, NULL),
(182, 'A6', 'ec29f1cfaf69eeb5ec64f2615e8139e8', 'Akash Kundkar', '', '0000-00-00 00:00:00', NULL, NULL),
(183, 'A7', '244ae075f714f0069c05d15ab1a3b7e4', 'Ritika Ghosh', '', '0000-00-00 00:00:00', NULL, NULL),
(184, 'A8', '3d029b2522806af74b5ad974f45bb784', 'Bhosale Aarti Ramrao', '', '0000-00-00 00:00:00', NULL, NULL),
(185, 'A9', '9a96a70badedaa699c4d74515c74cd1a', 'JOTHIKA S', '', '0000-00-00 00:00:00', NULL, NULL),
(186, 'A10', '67dc39aebe5c7a23b1f6e6f85c36de1a', 'GUNAL P', '', '0000-00-00 00:00:00', NULL, NULL),
(187, 'A11', '5f9b4e52a0062b6d8f897727d1b456d8', 'Gayathri K', '', '0000-00-00 00:00:00', NULL, NULL),
(188, 'A12', '47524b814bc821e77ddd1700ae9507d8', 'KANTHI VIKRAM', '', '0000-00-00 00:00:00', NULL, NULL),
(189, 'A13', 'b20a38369f69f54bdad08ce7f6ef6689', 'Ravichandru T', '', '0000-00-00 00:00:00', NULL, NULL),
(190, 'A14', 'd78b8d43711b1cc2e086a1ba60cfb1e5', 'Akila.C', '', '0000-00-00 00:00:00', NULL, NULL),
(191, 'A15', '8d2f700bb6871f7524ecdf502d39ad7d', 'Pinkee Kumari Singh', '', '0000-00-00 00:00:00', NULL, NULL),
(192, 'A16', '0555c9ccec3fd2deadd3866f764bed48', 'Abinaya S', '', '0000-00-00 00:00:00', NULL, NULL),
(193, 'A17', '447ffbc46ff7663b3941ac535c5c67dd', 'GOPI C', '', '0000-00-00 00:00:00', NULL, NULL),
(194, 'A18', 'a897ccef27e7c75cb279856eb5e91d88', 'Shristi Rajwade', '', '0000-00-00 00:00:00', NULL, NULL),
(195, 'A19', '4bba418d87eb5ca9f316219eb8f89562', 'Pranil Warulkar', '', '0000-00-00 00:00:00', NULL, NULL),
(196, 'A20', '731cee18c17882fe0634f2acc3206fa6', 'YUVANRAJA S', '', '0000-00-00 00:00:00', NULL, NULL),
(197, 'A21', '7443730251ee0634315a96da4260d6dc', 'Karthik Raja D', '', '0000-00-00 00:00:00', NULL, NULL),
(198, 'A22', '61bee64f1af5aebc97bbc350b25e84ef', 'Kaviyarasi S', '', '0000-00-00 00:00:00', NULL, NULL),
(199, 'A23', '812c58a0c2d92fd3b2787d5a5daf49c7', 'Chandan Kumar', '', '0000-00-00 00:00:00', NULL, NULL),
(200, 'A24', 'c890848a7d14e7b950d485d9844e3bdc', 'Komal', '', '0000-00-00 00:00:00', NULL, NULL),
(201, 'A25', 'b0e42b041869c13e2586e5bd9edd6b8f', 'Soumya Shetty', '', '0000-00-00 00:00:00', NULL, NULL),
(202, 'A26', '0027f2c7c24d98177d9fe293b692bf0c', 'Swethajayaram', '', '0000-00-00 00:00:00', NULL, NULL),
(203, 'A27', '001dccbf46d0aad14b67884dbf5dc10b', 'M.Sivanesh', '', '0000-00-00 00:00:00', NULL, NULL),
(204, 'A28', 'b5f7dd70d76bd490092f5fd8ab6fd666', 'Senaditta C S', '', '0000-00-00 00:00:00', NULL, NULL),
(205, 'A29', 'a1d356559247cf0b6e82cdaa06f0e0b8', 'Ranjani Thiruppathi', '', '0000-00-00 00:00:00', NULL, NULL),
(206, 'A30', 'b645721e2dc3303da9be05105082d1f0', 'Sumit Patel', '', '0000-00-00 00:00:00', NULL, NULL),
(207, 'A31', '3e85eba36cb125a40f68b09b34f3d1d0', 'VINAYAK', '', '0000-00-00 00:00:00', NULL, NULL),
(208, 'A32', 'e8d53f5f163f703a645a82b83a21aba9', 'Sakthivel M', '', '0000-00-00 00:00:00', NULL, NULL),
(209, 'A33', '7285524eb527433e423f6698b83221f1', 'SANDHIYA T', '', '0000-00-00 00:00:00', NULL, NULL),
(210, 'A34', 'd651f58d02cd3b6ee54080f2ece1a735', 'Shankarling Shivanand Halemani', '', '0000-00-00 00:00:00', NULL, NULL),
(211, 'A35', 'd2f6ec546134742f0734a3f6104caba0', 'Subashakthi T', '', '0000-00-00 00:00:00', NULL, NULL),
(212, 'A36', '732440e1167f31bc4519532a3caa5767', 'Nandhakumar S', '', '0000-00-00 00:00:00', NULL, NULL),
(213, 'A37', '958ec68d76bad4cf67d6fc7d2c2ac3d1', 'Nikhil Uday Kumar', '', '0000-00-00 00:00:00', NULL, NULL),
(214, 'A38', '1589b8a2beae7e01772ffdeb1de19d44', 'Garikapati Yaswanth Chowdary', '', '0000-00-00 00:00:00', NULL, NULL),
(215, 'A39', 'e8ff99d817f2d8c485f7405460e8c685', 'Arpit Rout', '', '0000-00-00 00:00:00', NULL, NULL),
(216, 'A40', '52b37ca0276e60b38f654b0456a00ad2', 'S CHAITRA', '', '0000-00-00 00:00:00', NULL, NULL),
(217, 'A41', 'b985b3cf59e78617100dcbd651bbffc3', 'Charul', '', '0000-00-00 00:00:00', NULL, NULL),
(218, 'A42', 'e1e0a3a23d82234603626827f7c8d037', 'GURRAM VENKATA TARUN KUMAR', '', '0000-00-00 00:00:00', NULL, NULL),
(219, 'A43', 'efcf145904ae1bd16f5da0c3cdcc03b4', 'Monisiprabha S', '', '0000-00-00 00:00:00', NULL, NULL),
(220, 'A44', '24ddb9272150bf67d6edc19894bcdc57', 'MOHAMED ASKAR ASIB M', '', '0000-00-00 00:00:00', NULL, NULL),
(221, 'A45', '8739430eaf927808caf4441c6255d2a4', 'Dongri Jugeshwar', '', '0000-00-00 00:00:00', NULL, NULL),
(222, 'A46', 'f6075503496c18a10c9089fd29b60b68', 'Divya D', '', '0000-00-00 00:00:00', NULL, NULL),
(223, 'A47', '3a8f8d39ca866402b5f1a8825cce42f3', 'Deebika P', '', '0000-00-00 00:00:00', NULL, NULL),
(224, 'A48', '97cfd48a9823b7b293d0346f70ad67f5', 'Thippeswamy M', '', '0000-00-00 00:00:00', NULL, NULL),
(225, 'A49', 'fddfc9482d4ead0b2ced46c06932fd3d', 'Rohit Jaiswal', '', '0000-00-00 00:00:00', NULL, NULL),
(226, 'A50', '0ec6f2cb3d809d12f0a7048fd1b3617b', 'Shraddha Somnath konde', '', '0000-00-00 00:00:00', NULL, NULL),
(227, 'A51', '6cc3e3ed11719eed9f687fe06ba13b32', 'Abinaya Ravichandran', '', '0000-00-00 00:00:00', NULL, NULL),
(228, 'A52', 'e714d833218359af7da5fa82d8381feb', 'Gurudatta Kamalakar Gadde', '', '0000-00-00 00:00:00', NULL, NULL),
(229, 'A53', '3cf4834a5d6a5af85dae34b6afc61f56', 'Elakkiya V', '', '0000-00-00 00:00:00', NULL, NULL),
(230, 'A54', '31afaa9bf2321b4f2d6cf1ce28b95cf8', 'JANGA RAKESH KUMAR', '', '0000-00-00 00:00:00', NULL, NULL),
(231, 'A55', '26faa0c9ce05a1bb35dd019435bd7465', 'SHOBIKAA K V', '', '0000-00-00 00:00:00', NULL, NULL),
(232, 'A56', '21ec568777737dcd48dbdda9644c48a3', 'Jeevanantham M', '', '0000-00-00 00:00:00', NULL, NULL),
(233, 'A57', 'f1c88453c4b768a2dc169c9c3f71b3fc', 'Richa Rachna', '', '0000-00-00 00:00:00', NULL, NULL),
(234, 'A58', '509919d5442c504cdb16ee4c3414a2ac', 'Dipak Bhandare', '', '0000-00-00 00:00:00', NULL, NULL),
(235, 'A59', 'e9cac31719ffc63634e2352e40f00d70', 'Manoj', '', '0000-00-00 00:00:00', NULL, NULL),
(236, 'A60', '674b875cc96b19ef85fe462f60f3a38e', 'Rahul Kumar Prajapati', '', '0000-00-00 00:00:00', NULL, NULL),
(237, 'A61', '5ca13f8c25100af9810ffdd73bf901de', 'Yuvaraj T', '', '0000-00-00 00:00:00', NULL, NULL),
(238, 'A62', '6b7169b923300cc8829be4d9660d4617', 'Dinesh Palanisamy', '', '0000-00-00 00:00:00', NULL, NULL),
(239, 'A63', '99f92aa970b1e216c796c509f9bfd94a', 'Mukunthan j', '', '0000-00-00 00:00:00', NULL, NULL),
(240, 'A64', '9255cef9d6c32f31558b0a80cb9709e3', 'Lavanya Durgam', '', '0000-00-00 00:00:00', NULL, NULL),
(241, 'A65', '05f810be4ddaf33c4a8d70cbba3756b1', 'Priti Saha', '', '0000-00-00 00:00:00', NULL, NULL),
(242, 'A66', 'cd0191b8f8a3499e3af25cc1604205b6', 'Anumulapuri Shiva Sathyanarayana', '', '0000-00-00 00:00:00', NULL, NULL),
(243, 'A67', 'f518110211628540fe83693e7414ca82', 'Shrikanta k m', '', '0000-00-00 00:00:00', NULL, NULL),
(244, 'A68', '2f4e19ad765bda30d2438e7d71ec6ad0', 'MOHANKUMAR S', '', '0000-00-00 00:00:00', NULL, NULL),
(245, 'A69', 'fb1bd3986788452310b02120188e1a8a', 'SABINATH BHOOPATHY', '', '0000-00-00 00:00:00', NULL, NULL),
(246, 'A70', '79bba3ce68e9cd0bb967055ed67f6cee', 'Arya Gajendra Kumar', '', '0000-00-00 00:00:00', NULL, NULL),
(247, 'A71', '7ff3de25e9985e008b17fa557be29516', 'Logeswari V', '', '0000-00-00 00:00:00', NULL, NULL),
(248, 'A72', 'eb7d6d2fb2a3f3a27bca765ca5ce0506', 'SWETHA S', '', '0000-00-00 00:00:00', NULL, NULL),
(249, 'A73', '4e441cc6c158fb8a91e6ef634ac8bf9a', 'R Dhanushkar', '', '0000-00-00 00:00:00', NULL, NULL),
(250, 'A74', '8f2f410b739dc7b3b28febc3991191c6', 'Sreekanth', '', '0000-00-00 00:00:00', NULL, NULL);

-- --------------------------------------------------------

--
-- Table structure for table `user_answers`
--

DROP TABLE IF EXISTS `user_answers`;
CREATE TABLE IF NOT EXISTS `user_answers` (
  `id` int(11) NOT NULL AUTO_INCREMENT,
  `user_quiz_id` int(11) DEFAULT NULL,
  `question_id` int(11) DEFAULT NULL,
  `answer_id` int(11) DEFAULT NULL,
  `user_answer_id` int(11) DEFAULT NULL,
  `user_answer_text` varchar(3800) DEFAULT NULL,
  `added_date` datetime DEFAULT NULL,
  PRIMARY KEY (`id`)
) ENGINE=InnoDB AUTO_INCREMENT=2346 DEFAULT CHARSET=latin1 COLLATE=latin1_swedish_ci;

--
-- Dumping data for table `user_answers`
--

INSERT INTO `user_answers` (`id`, `user_quiz_id`, `question_id`, `answer_id`, `user_answer_id`, `user_answer_text`, `added_date`) VALUES
(1, 1, 3, 10, 10, NULL, '2024-01-07 11:09:33'),
(2, 1, 17, 67, 67, NULL, '2024-01-07 11:10:16'),
(3, 1, 33, 133, 133, NULL, '2024-01-07 11:10:48'),
(4, 1, 31, 122, 122, NULL, '2024-01-07 11:11:55'),
(5, 1, 40, 160, 160, NULL, '2024-01-07 11:12:40'),
(6, 1, 10, 39, 39, NULL, '2024-01-07 11:13:27'),
(7, 1, 48, 190, 190, NULL, '2024-01-07 11:14:30'),
(8, 1, 39, 156, 156, NULL, '2024-01-07 11:15:11'),
(9, 1, 1, 2, 2, NULL, '2024-01-07 11:15:45'),
(10, 1, 32, 128, 128, NULL, '2024-01-07 11:16:44'),
(11, 1, 6, 21, 21, NULL, '2024-01-07 11:17:15'),
(12, 1, 26, 103, 103, NULL, '2024-01-07 11:17:50'),
(13, 1, 29, 115, 115, NULL, '2024-01-07 11:18:10'),
(14, 1, 22, 86, 86, NULL, '2024-01-07 11:18:31'),
(15, 1, 25, 98, 98, NULL, '2024-01-07 11:18:57'),
(16, 1, 28, 110, 110, NULL, '2024-01-07 11:19:23'),
(17, 1, 8, 31, 31, NULL, '2024-01-07 11:20:07'),
(18, 1, 46, 185, 185, NULL, '2024-01-07 11:20:41'),
(19, 1, 43, 171, 171, NULL, '2024-01-07 11:21:13'),
(20, 1, 37, 147, 147, NULL, '2024-01-07 11:23:25'),
(21, 1, 45, 181, 181, NULL, '2024-01-07 11:24:19'),
(22, 1, 50, 199, 199, NULL, '2024-01-07 11:25:43'),
(23, 1, 34, 137, 137, NULL, '2024-01-07 11:26:27'),
(24, 1, 44, 176, 176, NULL, '2024-01-07 11:27:11'),
(25, 1, 19, 74, 74, NULL, '2024-01-07 11:27:40'),
(26, 1, 7, 25, 25, NULL, '2024-01-07 11:28:10'),
(27, 1, 13, 53, 53, NULL, '2024-01-07 11:31:00'),
(28, 1, 24, 95, 95, NULL, '2024-01-07 11:31:30'),
(29, 1, 18, 71, 71, NULL, '2024-01-07 11:32:21'),
(30, 1, 41, 162, 162, NULL, '2024-01-07 11:33:01'),
(31, 1, 20, 80, 80, NULL, '2024-01-07 11:33:20'),
(32, 1, 47, 189, 189, NULL, '2024-01-07 11:34:13'),
(33, 1, 9, 34, 34, NULL, '2024-01-07 11:34:50'),
(34, 1, 5, 18, 18, NULL, '2024-01-07 11:38:56'),
(35, 1, 14, 54, 54, NULL, '2024-01-07 11:36:09'),
(36, 1, 38, 151, 151, NULL, '2024-01-07 11:39:26'),
(37, 1, 35, 139, 139, NULL, '2024-01-07 11:40:12'),
(38, 1, 11, 42, 42, NULL, '2024-01-07 11:40:43'),
(39, 1, 49, 194, 194, NULL, '2024-01-07 11:42:24'),
(40, 1, 27, 106, 106, NULL, '2024-01-07 11:43:09'),
(41, 1, 21, 84, 84, NULL, '2024-01-07 11:43:43'),
(42, 1, 4, 15, 15, NULL, '2024-01-07 11:44:06'),
(43, 1, 23, 90, 90, NULL, '2024-01-07 11:44:51'),
(44, 1, 16, 65, 65, NULL, '2024-01-07 11:45:20'),
(45, 1, 12, 48, 48, NULL, '2024-01-07 11:45:49'),
(46, 1, 30, 120, 120, NULL, '2024-01-07 11:46:40'),
(47, 1, 2, 5, 5, NULL, '2024-01-07 11:47:15'),
(48, 1, 36, 145, 145, NULL, '2024-01-07 11:47:59'),
(49, 1, 15, 59, 59, NULL, '2024-01-07 11:48:43'),
(50, 1, 42, 169, 169, NULL, '2024-01-07 11:49:09'),
(51, 2, 24, 97, 97, NULL, '2024-01-07 13:30:05'),
(52, 2, 32, 129, 129, NULL, '2024-01-07 13:30:57'),
(53, 2, 42, 169, 169, NULL, '2024-01-07 13:31:35'),
(54, 2, 34, 137, 137, NULL, '2024-01-07 13:31:49'),
(55, 2, 35, 139, 139, NULL, '2024-01-07 13:32:34'),
(56, 2, 29, 115, 115, NULL, '2024-01-07 13:32:53'),
(57, 2, 48, 190, 190, NULL, '2024-01-07 13:33:59'),
(58, 2, 47, 189, 189, NULL, '2024-01-07 13:34:05'),
(59, 2, 9, 36, 36, NULL, '2024-01-07 13:34:42'),
(60, 2, 6, 22, 22, NULL, '2024-01-07 13:35:09'),
(61, 2, 22, 88, 88, NULL, '2024-01-07 13:36:26'),
(62, 2, 23, 93, 93, NULL, '2024-01-07 13:36:53'),
(63, 2, 37, 147, 147, NULL, '2024-01-07 13:37:39'),
(64, 2, 19, 77, 77, NULL, '2024-01-07 13:38:15'),
(65, 2, 49, 194, 194, NULL, '2024-01-07 13:38:23'),
(66, 2, 27, 108, 108, NULL, '2024-01-07 13:39:35'),
(67, 2, 46, 185, 185, NULL, '2024-01-07 13:39:44'),
(68, 2, 14, 55, 55, NULL, '2024-01-07 13:40:20'),
(69, 2, 2, 5, 5, NULL, '2024-01-07 13:41:19'),
(70, 2, 31, 122, 122, NULL, '2024-01-07 13:41:45'),
(71, 2, 5, 20, 20, NULL, '2024-01-07 13:42:09'),
(72, 2, 50, 199, 199, NULL, '2024-01-07 13:42:42'),
(73, 2, 26, 102, 102, NULL, '2024-01-07 13:43:20'),
(74, 2, 36, 145, 145, NULL, '2024-01-07 13:43:33'),
(75, 2, 10, 37, 37, NULL, '2024-01-07 13:43:51'),
(76, 2, 40, 158, 158, NULL, '2024-01-07 13:44:55'),
(77, 2, 3, 10, 10, NULL, '2024-01-07 13:45:10'),
(78, 2, 18, 71, 71, NULL, '2024-01-07 13:45:34'),
(79, 2, 44, 176, 176, NULL, '2024-01-07 13:46:11'),
(80, 2, 30, 121, 121, NULL, '2024-01-07 13:47:03'),
(81, 2, 16, 65, 65, NULL, '2024-01-07 13:47:11'),
(82, 2, 25, 100, 100, NULL, '2024-01-07 13:48:40'),
(83, 2, 11, 44, 44, NULL, '2024-01-07 13:49:19'),
(84, 2, 43, 171, 171, NULL, '2024-01-07 13:49:34'),
(85, 2, 28, 110, 110, NULL, '2024-01-07 13:50:08'),
(86, 2, 20, 80, 80, NULL, '2024-01-07 13:50:27'),
(87, 2, 38, 151, 151, NULL, '2024-01-07 13:51:16'),
(88, 2, 1, 4, 4, NULL, '2024-01-07 13:51:33'),
(89, 2, 8, 31, 31, NULL, '2024-01-07 13:51:49'),
(90, 2, 33, 133, 133, NULL, '2024-01-07 13:52:17'),
(91, 2, 21, 83, 83, NULL, '2024-01-07 13:53:35'),
(92, 2, 4, 16, 16, NULL, '2024-01-07 13:54:16'),
(93, 2, 39, 157, 157, NULL, '2024-01-07 13:54:24'),
(94, 2, 41, 162, 162, NULL, '2024-01-07 13:54:36'),
(95, 2, 45, 181, 181, NULL, '2024-01-07 13:54:52'),
(96, 2, 7, 25, 25, NULL, '2024-01-07 13:55:49'),
(97, 2, 13, 50, 50, NULL, '2024-01-07 13:57:23'),
(98, 2, 12, 47, 47, NULL, '2024-01-07 13:57:42'),
(99, 2, 17, 67, 67, NULL, '2024-01-07 13:57:51'),
(100, 2, 15, 58, 58, NULL, '2024-01-07 13:58:30'),
(101, 3, 50, 199, 199, NULL, '2024-01-07 15:05:49'),
(102, 3, 36, 145, 145, NULL, '2024-01-07 15:06:38'),
(103, 3, 6, 22, 22, NULL, '2024-01-07 15:07:10'),
(104, 3, 33, 133, 133, NULL, '2024-01-07 15:08:14'),
(105, 3, 12, 47, 47, NULL, '2024-01-07 15:08:47'),
(106, 3, 18, 72, 72, NULL, '2024-01-07 15:09:30'),
(107, 3, 30, 121, 121, NULL, '2024-01-07 15:10:11'),
(108, 3, 46, 185, 185, NULL, '2024-01-07 15:10:53'),
(109, 3, 41, 162, 162, NULL, '2024-01-07 15:11:08'),
(110, 3, 29, 115, 115, NULL, '2024-01-07 15:11:29'),
(111, 3, 47, 187, 187, NULL, '2024-01-07 15:11:54'),
(112, 3, 37, 147, 147, NULL, '2024-01-07 15:12:14'),
(113, 3, 10, 37, 37, NULL, '2024-01-07 15:12:31'),
(114, 3, 43, 171, 171, NULL, '2024-01-07 15:12:55'),
(115, 3, 34, 137, 137, NULL, '2024-01-07 15:13:07'),
(116, 3, 27, 106, 106, NULL, '2024-01-07 15:14:11'),
(117, 3, 19, 77, 77, NULL, '2024-01-07 15:14:43'),
(118, 3, 5, 20, 20, NULL, '2024-01-07 15:15:08'),
(119, 3, 49, 194, 194, NULL, '2024-01-07 15:15:38'),
(120, 3, 45, 181, 181, NULL, '2024-01-07 15:15:50'),
(121, 3, 26, 102, 102, NULL, '2024-01-07 15:16:10'),
(122, 3, 13, 50, 50, NULL, '2024-01-07 15:17:06'),
(123, 3, 17, 67, 67, NULL, '2024-01-07 15:17:22'),
(124, 3, 7, 28, 28, NULL, '2024-01-07 15:17:38'),
(125, 3, 28, 111, 111, NULL, '2024-01-07 15:18:50'),
(126, 3, 21, 82, 82, NULL, '2024-01-07 15:19:24'),
(127, 3, 3, 10, 10, NULL, '2024-01-07 15:19:36'),
(128, 3, 16, 65, 65, NULL, '2024-01-07 15:19:41'),
(129, 3, 15, 61, 61, NULL, '2024-01-07 15:19:49'),
(130, 3, 11, 44, 44, NULL, '2024-01-07 15:20:05'),
(131, 4, 42, 168, 168, NULL, '2024-01-07 15:20:35'),
(132, 3, 23, 93, 93, NULL, '2024-01-07 15:20:39'),
(133, 4, 23, 90, 90, NULL, '2024-01-07 15:20:43'),
(134, 4, 24, 97, 97, NULL, '2024-01-07 15:20:46'),
(135, 4, 43, 171, 171, NULL, '2024-01-07 15:21:00'),
(136, 3, 4, 13, 13, NULL, '2024-01-07 15:21:03'),
(137, 4, 15, 59, 59, NULL, '2024-01-07 15:21:09'),
(138, 4, 19, 75, 75, NULL, '2024-01-07 15:21:15'),
(139, 3, 44, 176, 176, NULL, '2024-01-07 15:21:16'),
(140, 4, 28, 113, 113, NULL, '2024-01-07 15:21:17'),
(141, 4, 4, 13, 13, NULL, '2024-01-07 15:21:21'),
(142, 4, 26, 104, 104, NULL, '2024-01-07 15:21:25'),
(143, 4, 1, 4, 4, NULL, '2024-01-07 15:21:29'),
(144, 3, 20, 80, 80, NULL, '2024-01-07 15:21:31'),
(145, 4, 17, 69, 69, NULL, '2024-01-07 15:21:34'),
(146, 4, 44, 176, 176, NULL, '2024-01-07 15:21:37'),
(147, 4, 31, 122, 122, NULL, '2024-01-07 15:21:47'),
(148, 3, 14, 55, 55, NULL, '2024-01-07 15:21:48'),
(149, 4, 7, 26, 26, NULL, '2024-01-07 15:21:51'),
(150, 4, 12, 47, 47, NULL, '2024-01-07 15:21:54'),
(151, 4, 21, 82, 82, NULL, '2024-01-07 15:21:56'),
(152, 3, 48, 190, 190, NULL, '2024-01-07 15:22:00'),
(153, 4, 36, 143, 143, NULL, '2024-01-07 15:22:03'),
(154, 4, 33, 130, 130, NULL, '2024-01-07 15:22:06'),
(155, 4, 50, 201, 201, NULL, '2024-01-07 15:22:08'),
(156, 4, 8, 29, 29, NULL, '2024-01-07 15:22:11'),
(157, 4, 30, 120, 120, NULL, '2024-01-07 15:22:14'),
(158, 4, 39, 155, 155, NULL, '2024-01-07 15:22:17'),
(159, 4, 46, 182, 182, NULL, '2024-01-07 15:22:20'),
(160, 4, 40, 158, 158, NULL, '2024-01-07 15:22:22'),
(161, 4, 25, 99, 99, NULL, '2024-01-07 15:22:25'),
(162, 4, 48, 190, 190, NULL, '2024-01-07 15:22:28'),
(163, 4, 16, 64, 64, NULL, '2024-01-07 15:22:32'),
(164, 4, 41, 164, 164, NULL, '2024-01-07 15:22:34'),
(165, 4, 35, 138, 138, NULL, '2024-01-07 15:22:36'),
(166, 4, 9, 35, 35, NULL, '2024-01-07 15:22:39'),
(167, 4, 27, 109, 109, NULL, '2024-01-07 15:22:41'),
(168, 4, 13, 52, 52, NULL, '2024-01-07 15:22:44'),
(169, 4, 22, 89, 89, NULL, '2024-01-07 15:22:47'),
(170, 4, 6, 24, 24, NULL, '2024-01-07 15:22:49'),
(171, 4, 11, 44, 44, NULL, '2024-01-07 15:22:51'),
(172, 4, 18, 70, 70, NULL, '2024-01-07 15:22:54'),
(173, 4, 3, 11, 11, NULL, '2024-01-07 15:22:57'),
(174, 4, 20, 78, 78, NULL, '2024-01-07 15:22:59'),
(175, 4, 29, 117, 117, NULL, '2024-01-07 15:23:02'),
(176, 4, 5, 19, 19, NULL, '2024-01-07 15:23:04'),
(177, 4, 45, 178, 178, NULL, '2024-01-07 15:23:07'),
(178, 4, 10, 40, 40, NULL, '2024-01-07 15:23:10'),
(179, 4, 14, 57, 57, NULL, '2024-01-07 15:23:13'),
(180, 4, 32, 126, 126, NULL, '2024-01-07 15:23:16'),
(181, 4, 47, 189, 189, NULL, '2024-01-07 15:23:20'),
(182, 4, 2, 5, 5, NULL, '2024-01-07 15:23:30'),
(183, 3, 38, 151, 151, NULL, '2024-01-07 15:23:31'),
(184, 4, 37, 149, 149, NULL, '2024-01-07 15:23:33'),
(185, 4, 49, 196, 196, NULL, '2024-01-07 15:23:35'),
(186, 4, 38, 152, 152, NULL, '2024-01-07 15:23:38'),
(187, 4, 34, 137, 137, NULL, '2024-01-07 15:23:40'),
(188, 3, 25, 99, 99, NULL, '2024-01-07 15:23:57'),
(189, 3, 9, 36, 36, NULL, '2024-01-07 15:24:09'),
(190, 3, 35, 138, 138, NULL, '2024-01-07 15:25:13'),
(191, 3, 8, 31, 31, NULL, '2024-01-07 15:25:31'),
(192, 3, 32, 128, 128, NULL, '2024-01-07 15:25:43'),
(193, 3, 24, 97, 97, NULL, '2024-01-07 15:26:26'),
(194, 3, 22, 88, 88, NULL, '2024-01-07 15:28:39'),
(195, 3, 39, 157, 157, NULL, '2024-01-07 15:30:54'),
(196, 3, 31, 122, 122, NULL, '2024-01-07 15:29:50'),
(197, 3, 40, 160, 160, NULL, '2024-01-07 15:31:12'),
(198, 3, 42, 169, 169, NULL, '2024-01-07 15:31:30'),
(199, 3, 2, 5, 5, NULL, '2024-01-07 15:31:45'),
(200, 3, 1, 4, 4, NULL, '2024-01-07 15:31:59'),
(201, 5, 11, 45, 45, NULL, '2024-01-07 17:06:18'),
(202, 5, 32, 127, 127, NULL, '2024-01-07 17:07:02'),
(203, 5, 42, 168, 168, NULL, '2024-01-07 17:07:32'),
(204, 5, 16, 65, 65, NULL, '2024-01-07 17:07:57'),
(205, 5, 6, 22, 22, NULL, '2024-01-07 17:08:37'),
(206, 5, 36, 144, 144, NULL, '2024-01-07 17:09:49'),
(207, 5, 3, 9, 9, NULL, '2024-01-07 17:10:12'),
(208, 5, 46, 185, 185, NULL, '2024-01-07 17:10:26'),
(209, 5, 40, 161, 161, NULL, '2024-01-07 17:10:47'),
(210, 6, 22, 89, 89, NULL, '2024-01-07 17:10:59'),
(211, 5, 39, 157, 157, NULL, '2024-01-07 17:11:04'),
(212, 6, 38, 151, 151, NULL, '2024-01-07 17:11:10'),
(213, 6, 31, 122, 122, NULL, '2024-01-07 17:11:42'),
(214, 5, 29, 115, 115, NULL, '2024-01-07 17:11:48'),
(215, 5, 26, 102, 102, NULL, '2024-01-07 17:12:13'),
(216, 6, 4, 13, 13, NULL, '2024-01-07 17:12:30'),
(217, 5, 18, 71, 71, NULL, '2024-01-07 17:12:45'),
(218, 6, 20, 80, 80, NULL, '2024-01-07 17:13:16'),
(219, 6, 6, 22, 22, NULL, '2024-01-07 17:13:49'),
(220, 6, 39, 156, 156, NULL, '2024-01-07 17:14:04'),
(221, 5, 12, 46, 46, NULL, '2024-01-07 17:14:07'),
(222, 5, 28, 110, 110, NULL, '2024-01-07 17:14:29'),
(223, 6, 2, 6, 6, NULL, '2024-01-07 17:14:36'),
(224, 6, 12, 47, 47, NULL, '2024-01-07 17:15:04'),
(225, 5, 31, 125, 125, NULL, '2024-01-07 17:15:18'),
(226, 6, 7, 25, 25, NULL, '2024-01-07 17:15:29'),
(227, 5, 23, 93, 93, NULL, '2024-01-07 17:15:53'),
(228, 6, 8, 32, 32, NULL, '2024-01-07 17:16:09'),
(229, 5, 14, 55, 55, NULL, '2024-01-07 17:16:30'),
(230, 6, 10, 37, 37, NULL, '2024-01-07 17:16:41'),
(231, 5, 2, 5, 5, NULL, '2024-01-07 17:16:54'),
(232, 6, 13, 53, 53, NULL, '2024-01-07 17:17:07'),
(233, 5, 21, 83, 83, NULL, '2024-01-07 17:17:25'),
(234, 6, 15, 60, 60, NULL, '2024-01-07 17:17:28'),
(235, 5, 20, 79, 79, NULL, '2024-01-07 17:17:37'),
(236, 6, 41, 162, 162, NULL, '2024-01-07 17:17:45'),
(237, 5, 17, 66, 66, NULL, '2024-01-07 17:17:47'),
(238, 5, 35, 138, 138, NULL, '2024-01-07 17:17:54'),
(239, 5, 15, 61, 61, NULL, '2024-01-07 17:18:06'),
(240, 5, 19, 77, 77, NULL, '2024-01-07 17:18:19'),
(241, 6, 40, 158, 158, NULL, '2024-01-07 17:18:34'),
(242, 6, 17, 67, 67, NULL, '2024-01-07 17:18:45'),
(243, 5, 10, 38, 38, NULL, '2024-01-07 17:18:53'),
(244, 5, 24, 97, 97, NULL, '2024-01-07 17:19:36'),
(245, 5, 41, 162, 162, NULL, '2024-01-07 17:19:49'),
(246, 6, 26, 102, 102, NULL, '2024-01-07 17:19:57'),
(247, 6, 32, 128, 128, NULL, '2024-01-07 17:20:14'),
(248, 6, 33, 133, 133, NULL, '2024-01-07 17:20:33'),
(249, 5, 7, 28, 28, NULL, '2024-01-07 17:20:40'),
(250, 6, 3, 10, 10, NULL, '2024-01-07 17:20:47'),
(251, 5, 34, 135, 135, NULL, '2024-01-07 17:21:06'),
(252, 5, 45, 178, 178, NULL, '2024-01-07 17:21:28'),
(253, 6, 5, 20, 20, NULL, '2024-01-07 17:21:31'),
(254, 6, 19, 77, 77, NULL, '2024-01-07 17:21:49'),
(255, 6, 46, 185, 185, NULL, '2024-01-07 17:22:05'),
(256, 5, 25, 100, 100, NULL, '2024-01-07 17:22:26'),
(257, 6, 29, 115, 115, NULL, '2024-01-07 17:22:54'),
(258, 6, 11, 44, 44, NULL, '2024-01-07 17:23:12'),
(259, 5, 50, 199, 199, NULL, '2024-01-07 17:23:46'),
(260, 6, 42, 168, 168, NULL, '2024-01-07 17:23:51'),
(261, 5, 8, 31, 31, NULL, '2024-01-07 17:24:16'),
(262, 7, 18, 72, 72, NULL, '2024-01-07 17:24:25'),
(263, 5, 48, 190, 190, NULL, '2024-01-07 17:24:28'),
(264, 5, 38, 153, 153, NULL, '2024-01-07 17:24:40'),
(265, 6, 34, 137, 137, NULL, '2024-01-07 17:24:42'),
(266, 6, 16, 65, 65, NULL, '2024-01-07 17:24:51'),
(267, 5, 22, 88, 88, NULL, '2024-01-07 17:25:09'),
(268, 6, 24, 97, 97, NULL, '2024-01-07 17:25:17'),
(269, 6, 37, 147, 147, NULL, '2024-01-07 17:25:31'),
(270, 5, 27, 108, 108, NULL, '2024-01-07 17:25:59'),
(271, 7, 26, 102, 102, NULL, '2024-01-07 17:26:11'),
(272, 5, 9, 34, 34, NULL, '2024-01-07 17:26:19'),
(273, 6, 30, 121, 121, NULL, '2024-01-07 17:26:25'),
(274, 5, 47, 189, 189, NULL, '2024-01-07 17:26:37'),
(275, 5, 5, 19, 19, NULL, '2024-01-07 17:27:09'),
(276, 5, 1, 1, 1, NULL, '2024-01-07 17:27:21'),
(277, 7, 25, 100, 100, NULL, '2024-01-07 17:27:43'),
(278, 5, 30, 119, 119, NULL, '2024-01-07 17:27:56'),
(279, 6, 23, 91, 91, NULL, '2024-01-07 17:27:58'),
(280, 5, 43, 171, 171, NULL, '2024-01-07 17:28:03'),
(281, 5, 44, 176, 176, NULL, '2024-01-07 17:28:16'),
(282, 5, 37, 147, 147, NULL, '2024-01-07 17:28:24'),
(283, 7, 6, 22, 22, NULL, '2024-01-07 17:28:29'),
(284, 5, 13, 51, 51, NULL, '2024-01-07 17:28:37'),
(285, 6, 35, 139, 139, NULL, '2024-01-07 17:28:41'),
(286, 5, 33, 133, 133, NULL, '2024-01-07 17:29:18'),
(287, 6, 28, 110, 110, NULL, '2024-01-07 17:29:23'),
(288, 5, 4, 16, 16, NULL, '2024-01-07 17:29:37'),
(289, 6, 9, 33, 33, NULL, '2024-01-07 17:29:40'),
(290, 6, 1, 2, 2, NULL, '2024-01-07 17:30:00'),
(291, 6, 14, 55, 55, NULL, '2024-01-07 17:30:19'),
(292, 5, 49, 194, 194, NULL, '2024-01-07 17:30:25'),
(293, 6, 36, 145, 145, NULL, '2024-01-07 17:30:32'),
(294, 7, 22, 88, 88, NULL, '2024-01-07 17:30:46'),
(295, 7, 5, 19, 19, NULL, '2024-01-07 18:17:47'),
(296, 6, 21, 82, 82, NULL, '2024-01-07 17:31:28'),
(297, 7, 14, 55, 55, NULL, '2024-01-07 17:31:46'),
(298, 6, 18, 71, 71, NULL, '2024-01-07 17:31:59'),
(299, 7, 15, 60, 60, NULL, '2024-01-07 17:32:08'),
(300, 6, 49, 194, 194, NULL, '2024-01-07 17:32:38'),
(301, 7, 27, 108, 108, NULL, '2024-01-07 17:33:05'),
(302, 6, 44, 176, 176, NULL, '2024-01-07 17:33:09'),
(303, 7, 1, 4, 4, NULL, '2024-01-07 18:18:51'),
(304, 6, 45, 181, 181, NULL, '2024-01-07 17:33:31'),
(305, 7, 13, 53, 53, NULL, '2024-01-07 17:34:37'),
(306, 6, 27, 108, 108, NULL, '2024-01-07 17:34:39'),
(307, 6, 47, 189, 189, NULL, '2024-01-07 17:34:54'),
(308, 6, 43, 171, 171, NULL, '2024-01-07 17:35:05'),
(309, 7, 11, 44, 44, NULL, '2024-01-07 18:07:21'),
(310, 6, 50, 199, 199, NULL, '2024-01-07 17:35:38'),
(311, 7, 23, 93, 93, NULL, '2024-01-07 17:36:08'),
(312, 6, 25, 100, 100, NULL, '2024-01-07 17:36:17'),
(313, 6, 48, 190, 190, NULL, '2024-01-07 17:36:36'),
(314, 8, 46, 185, 185, NULL, '2024-01-07 17:36:43'),
(315, 9, 48, 191, 191, NULL, '2024-01-07 17:36:46'),
(316, 9, 39, 156, 156, NULL, '2024-01-07 17:36:50'),
(317, 9, 16, 65, 65, NULL, '2024-01-07 17:36:52'),
(318, 9, 38, 152, 152, NULL, '2024-01-07 17:36:55'),
(319, 9, 23, 92, 92, NULL, '2024-01-07 17:36:56'),
(320, 9, 13, 50, 50, NULL, '2024-01-07 17:36:57'),
(321, 9, 17, 66, 66, NULL, '2024-01-07 17:36:59'),
(322, 9, 43, 170, 170, NULL, '2024-01-07 17:37:01'),
(323, 9, 24, 97, 97, NULL, '2024-01-07 17:37:01'),
(324, 9, 41, 162, 162, NULL, '2024-01-07 17:37:04'),
(325, 9, 2, 5, 5, NULL, '2024-01-07 17:37:05'),
(326, 9, 40, 161, 161, NULL, '2024-01-07 17:37:07'),
(327, 7, 7, 26, 26, NULL, '2024-01-07 17:37:07'),
(328, 9, 49, 197, 197, NULL, '2024-01-07 17:37:09'),
(329, 9, 26, 102, 102, NULL, '2024-01-07 17:37:11'),
(330, 8, 19, 75, 75, NULL, '2024-01-07 17:37:12'),
(331, 9, 50, 200, 200, NULL, '2024-01-07 17:37:19'),
(332, 7, 17, 66, 66, NULL, '2024-01-07 17:37:36'),
(333, 9, 11, 43, 43, NULL, '2024-01-07 17:37:51'),
(334, 9, 47, 188, 188, NULL, '2024-01-07 17:37:53'),
(335, 9, 1, 4, 4, NULL, '2024-01-07 17:37:59'),
(336, 9, 44, 174, 174, NULL, '2024-01-07 17:38:01'),
(337, 8, 45, 181, 181, NULL, '2024-01-07 17:38:01'),
(338, 9, 30, 120, 120, NULL, '2024-01-07 17:38:03'),
(339, 9, 5, 20, 20, NULL, '2024-01-07 17:38:05'),
(340, 9, 36, 143, 143, NULL, '2024-01-07 17:38:08'),
(341, 9, 21, 82, 82, NULL, '2024-01-07 17:38:10'),
(342, 9, 37, 147, 147, NULL, '2024-01-07 17:38:13'),
(343, 9, 46, 185, 185, NULL, '2024-01-07 17:38:16'),
(344, 9, 22, 89, 89, NULL, '2024-01-07 17:38:18'),
(345, 9, 7, 25, 25, NULL, '2024-01-07 17:38:29'),
(346, 9, 31, 123, 123, NULL, '2024-01-07 17:38:31'),
(347, 9, 35, 138, 138, NULL, '2024-01-07 17:38:33'),
(348, 9, 20, 78, 78, NULL, '2024-01-07 17:38:35'),
(349, 9, 42, 169, 169, NULL, '2024-01-07 17:38:36'),
(350, 9, 15, 58, 58, NULL, '2024-01-07 17:38:39'),
(351, 9, 32, 128, 128, NULL, '2024-01-07 17:38:41'),
(352, 9, 10, 41, 41, NULL, '2024-01-07 17:38:43'),
(353, 7, 21, 83, 83, NULL, '2024-01-07 17:38:43'),
(354, 9, 18, 71, 71, NULL, '2024-01-07 17:38:44'),
(355, 9, 25, 99, 99, NULL, '2024-01-07 17:38:45'),
(356, 9, 4, 13, 13, NULL, '2024-01-07 17:38:46'),
(357, 9, 8, 30, 30, NULL, '2024-01-07 17:38:47'),
(358, 9, 12, 46, 46, NULL, '2024-01-07 17:38:49'),
(359, 7, 3, 10, 10, NULL, '2024-01-07 17:38:49'),
(360, 9, 28, 111, 111, NULL, '2024-01-07 17:38:50'),
(361, 9, 34, 134, 134, NULL, '2024-01-07 17:38:52'),
(362, 9, 6, 21, 21, NULL, '2024-01-07 17:38:55'),
(363, 7, 16, 65, 65, NULL, '2024-01-07 17:38:57'),
(364, 9, 3, 10, 10, NULL, '2024-01-07 17:38:58'),
(365, 9, 33, 130, 130, NULL, '2024-01-07 17:39:01'),
(366, 9, 27, 108, 108, NULL, '2024-01-07 17:39:02'),
(367, 9, 14, 56, 56, NULL, '2024-01-07 17:39:05'),
(368, 9, 29, 117, 117, NULL, '2024-01-07 17:39:06'),
(369, 9, 19, 74, 74, NULL, '2024-01-07 17:39:07'),
(370, 9, 9, 33, 33, NULL, '2024-01-07 17:39:17'),
(371, 9, 45, 179, 179, NULL, '2024-01-07 17:39:22'),
(372, 8, 50, 201, 201, NULL, '2024-01-07 17:39:25'),
(373, 8, 7, 26, 26, NULL, '2024-01-07 17:39:49'),
(374, 7, 24, 97, 97, NULL, '2024-01-07 17:39:56'),
(375, 7, 8, 31, 31, NULL, '2024-01-07 17:40:23'),
(376, 8, 29, 114, 114, NULL, '2024-01-07 17:40:24'),
(377, 8, 35, 140, 140, NULL, '2024-01-07 17:40:41'),
(378, 8, 34, 137, 137, NULL, '2024-01-07 17:40:46'),
(379, 7, 20, 80, 80, NULL, '2024-01-07 17:41:00'),
(380, 8, 16, 65, 65, NULL, '2024-01-07 17:41:13'),
(381, 8, 42, 169, 169, NULL, '2024-01-07 17:41:24'),
(382, 7, 2, 5, 5, NULL, '2024-01-07 17:41:29'),
(383, 8, 18, 72, 72, NULL, '2024-01-07 17:41:42'),
(384, 8, 20, 80, 80, NULL, '2024-01-07 17:41:57'),
(385, 7, 29, 115, 115, NULL, '2024-01-07 17:42:03'),
(386, 8, 47, 189, 189, NULL, '2024-01-07 17:42:31'),
(387, 7, 28, 110, 110, NULL, '2024-01-07 17:42:37'),
(388, 8, 28, 110, 110, NULL, '2024-01-07 17:43:02'),
(389, 7, 4, 16, 16, NULL, '2024-01-07 18:11:11'),
(390, 8, 11, 44, 44, NULL, '2024-01-07 17:43:43'),
(391, 8, 14, 55, 55, NULL, '2024-01-07 17:44:06'),
(392, 7, 9, 36, 36, NULL, '2024-01-07 18:09:30'),
(393, 7, 19, 77, 77, NULL, '2024-01-07 17:44:49'),
(394, 8, 40, 161, 161, NULL, '2024-01-07 17:45:09'),
(395, 7, 30, 121, 121, NULL, '2024-01-07 17:45:23'),
(396, 7, 12, 47, 47, NULL, '2024-01-07 17:45:54'),
(397, 8, 22, 88, 88, NULL, '2024-01-07 17:45:54'),
(398, 8, 1, 4, 4, NULL, '2024-01-07 17:46:13'),
(399, 8, 12, 46, 46, NULL, '2024-01-07 17:46:57'),
(400, 7, 43, 171, 171, NULL, '2024-01-07 17:47:35'),
(401, 8, 37, 147, 147, NULL, '2024-01-07 17:47:47'),
(402, 8, 32, 129, 129, NULL, '2024-01-07 17:47:52'),
(403, 8, 17, 67, 67, NULL, '2024-01-07 17:48:01'),
(404, 7, 41, 162, 162, NULL, '2024-01-07 17:48:04'),
(405, 8, 10, 38, 38, NULL, '2024-01-07 17:48:20'),
(406, 7, 44, 176, 176, NULL, '2024-01-07 17:48:36'),
(407, 8, 49, 194, 194, NULL, '2024-01-07 17:48:53'),
(408, 7, 45, 181, 181, NULL, '2024-01-07 17:48:59'),
(409, 8, 15, 60, 60, NULL, '2024-01-07 17:49:16'),
(410, 8, 39, 157, 157, NULL, '2024-01-07 17:49:31'),
(411, 8, 4, 16, 16, NULL, '2024-01-07 17:49:51'),
(412, 8, 43, 171, 171, NULL, '2024-01-07 17:50:22'),
(413, 8, 41, 162, 162, NULL, '2024-01-07 17:50:38'),
(414, 8, 5, 20, 20, NULL, '2024-01-07 17:50:58'),
(415, 8, 13, 53, 53, NULL, '2024-01-07 17:51:12'),
(416, 8, 23, 91, 91, NULL, '2024-01-07 17:52:16'),
(417, 8, 9, 34, 34, NULL, '2024-01-07 17:52:23'),
(418, 7, 50, 199, 199, NULL, '2024-01-07 17:52:32'),
(419, 8, 27, 107, 107, NULL, '2024-01-07 17:53:12'),
(420, 7, 49, 194, 194, NULL, '2024-01-07 17:53:15'),
(421, 10, 29, 115, 115, NULL, '2024-01-07 17:53:29'),
(422, 7, 48, 190, 190, NULL, '2024-01-07 17:54:11'),
(423, 8, 25, 98, 98, NULL, '2024-01-07 17:54:13'),
(424, 10, 30, 121, 121, NULL, '2024-01-07 17:54:20'),
(425, 8, 33, 133, 133, NULL, '2024-01-07 17:54:44'),
(426, 8, 44, 176, 176, NULL, '2024-01-07 17:54:54'),
(427, 7, 46, 185, 185, NULL, '2024-01-07 17:55:12'),
(428, 8, 38, 151, 151, NULL, '2024-01-07 17:55:17'),
(429, 8, 3, 11, 11, NULL, '2024-01-07 17:55:32'),
(430, 8, 21, 83, 83, NULL, '2024-01-07 17:56:03'),
(431, 10, 20, 80, 80, NULL, '2024-01-07 17:56:09'),
(432, 7, 34, 137, 137, NULL, '2024-01-07 17:56:26'),
(433, 7, 32, 128, 128, NULL, '2024-01-07 17:56:41'),
(434, 8, 31, 122, 122, NULL, '2024-01-07 17:56:47'),
(435, 7, 33, 130, 130, NULL, '2024-01-07 17:57:24'),
(436, 8, 24, 94, 94, NULL, '2024-01-07 17:57:28'),
(437, 8, 2, 7, 7, NULL, '2024-01-07 17:57:50'),
(438, 7, 31, 122, 122, NULL, '2024-01-07 17:57:53'),
(439, 10, 40, 161, 161, NULL, '2024-01-07 17:58:30'),
(440, 7, 35, 139, 139, NULL, '2024-01-07 17:58:57'),
(441, 8, 30, 121, 121, NULL, '2024-01-07 17:59:26'),
(442, 8, 36, 145, 145, NULL, '2024-01-07 17:59:35'),
(443, 7, 42, 168, 168, NULL, '2024-01-07 17:59:55'),
(444, 8, 48, 190, 190, NULL, '2024-01-07 17:59:58'),
(445, 10, 45, 181, 181, NULL, '2024-01-07 18:00:18'),
(446, 8, 6, 24, 24, NULL, '2024-01-07 18:00:26'),
(447, 8, 26, 102, 102, NULL, '2024-01-07 18:00:50'),
(448, 8, 8, 30, 30, NULL, '2024-01-07 18:00:54'),
(449, 7, 10, 37, 37, NULL, '2024-01-07 18:15:04'),
(450, 10, 15, 60, 60, NULL, '2024-01-07 18:01:42'),
(451, 7, 36, 145, 145, NULL, '2024-01-07 18:02:16'),
(452, 11, 13, 50, 50, NULL, '2024-01-07 18:02:18'),
(453, 10, 28, 110, 110, NULL, '2024-01-07 18:02:48'),
(454, 7, 39, 154, 154, NULL, '2024-01-07 18:03:16'),
(455, 10, 31, 125, 125, NULL, '2024-01-07 18:03:59'),
(456, 11, 44, 176, 176, NULL, '2024-01-07 18:04:00'),
(457, 7, 38, 151, 151, NULL, '2024-01-07 18:04:00'),
(458, 10, 46, 185, 185, NULL, '2024-01-07 18:04:29'),
(459, 11, 37, 147, 147, NULL, '2024-01-07 18:04:49'),
(460, 7, 40, 160, 160, NULL, '2024-01-07 18:04:52'),
(461, 7, 47, 189, 189, NULL, '2024-01-07 18:05:00'),
(462, 7, 37, 147, 147, NULL, '2024-01-07 18:05:24'),
(463, 11, 46, 185, 185, NULL, '2024-01-07 18:05:52'),
(464, 10, 21, 83, 83, NULL, '2024-01-07 18:06:00'),
(465, 11, 48, 190, 190, NULL, '2024-01-07 18:06:32'),
(466, 11, 12, 47, 47, NULL, '2024-01-07 18:06:47'),
(467, 11, 3, 12, 12, NULL, '2024-01-07 18:07:42'),
(468, 11, 22, 87, 87, NULL, '2024-01-07 18:08:39'),
(469, 10, 9, 34, 34, NULL, '2024-01-07 18:49:28'),
(470, 10, 3, 10, 10, NULL, '2024-01-07 18:09:11'),
(471, 10, 12, 47, 47, NULL, '2024-01-07 18:09:54'),
(472, 11, 25, 100, 100, NULL, '2024-01-07 18:09:54'),
(473, 10, 37, 147, 147, NULL, '2024-01-07 18:10:09'),
(474, 11, 14, 55, 55, NULL, '2024-01-07 18:10:09'),
(475, 11, 15, 58, 58, NULL, '2024-01-07 18:10:19'),
(476, 10, 16, 65, 65, NULL, '2024-01-07 18:10:20'),
(477, 11, 33, 133, 133, NULL, '2024-01-07 18:11:02'),
(478, 10, 1, 4, 4, NULL, '2024-01-07 18:11:55'),
(479, 11, 19, 74, 74, NULL, '2024-01-07 18:12:17'),
(480, 11, 23, 93, 93, NULL, '2024-01-07 18:14:09'),
(481, 11, 1, 3, 3, NULL, '2024-01-07 18:15:02'),
(482, 10, 7, 28, 28, NULL, '2024-01-07 18:15:50'),
(483, 10, 38, 151, 151, NULL, '2024-01-07 18:16:08'),
(484, 11, 27, 107, 107, NULL, '2024-01-07 18:16:46'),
(485, 10, 35, 139, 139, NULL, '2024-01-07 18:16:58'),
(486, 11, 8, 31, 31, NULL, '2024-01-07 18:17:36'),
(487, 10, 13, 51, 51, NULL, '2024-01-07 18:18:05'),
(488, 11, 43, 171, 171, NULL, '2024-01-07 18:18:27'),
(489, 10, 36, 145, 145, NULL, '2024-01-07 18:18:29'),
(490, 11, 35, 139, 139, NULL, '2024-01-07 18:19:12'),
(491, 11, 2, 5, 5, NULL, '2024-01-07 18:19:49'),
(492, 10, 33, 133, 133, NULL, '2024-01-07 18:19:50'),
(493, 10, 50, 199, 199, NULL, '2024-01-07 18:20:45'),
(494, 10, 43, 171, 171, NULL, '2024-01-07 18:20:56'),
(495, 11, 10, 38, 38, NULL, '2024-01-07 18:21:01'),
(496, 10, 32, 128, 128, NULL, '2024-01-07 18:21:15'),
(497, 11, 28, 110, 110, NULL, '2024-01-07 18:22:04'),
(498, 11, 36, 145, 145, NULL, '2024-01-07 18:22:45'),
(499, 12, 12, 47, 47, NULL, '2024-01-07 18:22:54'),
(500, 10, 42, 168, 168, NULL, '2024-01-07 18:22:54'),
(501, 10, 48, 190, 190, NULL, '2024-01-07 18:23:15'),
(502, 11, 9, 34, 34, NULL, '2024-01-07 18:23:28'),
(503, 12, 44, 176, 176, NULL, '2024-01-07 18:23:40'),
(504, 12, 15, 60, 60, NULL, '2024-01-07 18:23:51'),
(505, 10, 27, 108, 108, NULL, '2024-01-07 18:24:33'),
(506, 11, 38, 151, 151, NULL, '2024-01-07 18:24:52'),
(507, 11, 30, 121, 121, NULL, '2024-01-07 18:26:25'),
(508, 11, 5, 19, 19, NULL, '2024-01-07 18:26:51'),
(509, 10, 25, 100, 100, NULL, '2024-01-07 18:28:00'),
(510, 11, 49, 194, 194, NULL, '2024-01-07 18:28:30'),
(511, 10, 5, 19, 19, NULL, '2024-01-07 18:28:42'),
(512, 12, 7, 28, 28, NULL, '2024-01-07 18:28:47'),
(513, 11, 29, 115, 115, NULL, '2024-01-07 18:28:57'),
(514, 10, 47, 189, 189, NULL, '2024-01-07 18:29:18'),
(515, 12, 4, 16, 16, NULL, '2024-01-07 18:29:29'),
(516, 11, 47, 189, 189, NULL, '2024-01-07 18:29:37'),
(517, 10, 6, 22, 22, NULL, '2024-01-07 18:30:10'),
(518, 10, 14, 55, 55, NULL, '2024-01-07 18:30:38'),
(519, 11, 50, 199, 199, NULL, '2024-01-07 18:30:42'),
(520, 10, 8, 31, 31, NULL, '2024-01-07 18:31:13'),
(521, 11, 42, 168, 168, NULL, '2024-01-07 18:31:19'),
(522, 12, 40, 160, 160, NULL, '2024-01-07 18:31:53'),
(523, 12, 11, 45, 45, NULL, '2024-01-07 18:31:55'),
(524, 11, 41, 162, 162, NULL, '2024-01-07 18:32:03'),
(525, 10, 26, 102, 102, NULL, '2024-01-07 18:32:09'),
(526, 10, 2, 5, 5, NULL, '2024-01-07 18:32:53'),
(527, 12, 16, 65, 65, NULL, '2024-01-07 18:33:04'),
(528, 10, 4, 16, 16, NULL, '2024-01-07 18:33:32'),
(529, 11, 24, 97, 97, NULL, '2024-01-07 18:33:56'),
(530, 12, 23, 93, 93, NULL, '2024-01-07 18:34:39'),
(531, 12, 45, 178, 178, NULL, '2024-01-07 18:35:03'),
(532, 10, 23, 93, 93, NULL, '2024-01-07 18:35:11'),
(533, 10, 18, 71, 71, NULL, '2024-01-07 18:35:26'),
(534, 10, 39, 157, 157, NULL, '2024-01-07 18:35:43'),
(535, 11, 18, 71, 71, NULL, '2024-01-07 18:35:53'),
(536, 12, 5, 19, 19, NULL, '2024-01-07 18:36:03'),
(537, 11, 4, 14, 14, NULL, '2024-01-07 18:36:47'),
(538, 10, 10, 37, 37, NULL, '2024-01-07 18:37:01'),
(539, 12, 34, 137, 137, NULL, '2024-01-07 18:37:21'),
(540, 11, 17, 67, 67, NULL, '2024-01-07 18:37:29'),
(541, 11, 20, 80, 80, NULL, '2024-01-07 18:38:05'),
(542, 10, 49, 194, 194, NULL, '2024-01-07 18:38:43'),
(543, 11, 31, 122, 122, NULL, '2024-01-07 18:38:46'),
(544, 10, 41, 162, 162, NULL, '2024-01-07 18:39:32'),
(545, 11, 40, 160, 160, NULL, '2024-01-07 18:40:06'),
(546, 11, 34, 137, 137, NULL, '2024-01-07 18:40:41'),
(547, 11, 45, 181, 181, NULL, '2024-01-07 18:41:20'),
(548, 10, 24, 97, 97, NULL, '2024-01-07 18:41:29'),
(549, 12, 25, 100, 100, NULL, '2024-01-07 18:41:35'),
(550, 12, 28, 110, 110, NULL, '2024-01-07 18:42:31'),
(551, 10, 11, 45, 45, NULL, '2024-01-07 18:42:52'),
(552, 10, 44, 176, 176, NULL, '2024-01-07 18:43:11'),
(553, 11, 21, 82, 82, NULL, '2024-01-07 18:43:13'),
(554, 12, 32, 128, 128, NULL, '2024-01-07 18:43:17'),
(555, 10, 34, 137, 137, NULL, '2024-01-07 18:43:32'),
(556, 11, 39, 157, 157, NULL, '2024-01-07 18:44:12'),
(557, 12, 31, 122, 122, NULL, '2024-01-07 18:44:15'),
(558, 12, 13, 50, 50, NULL, '2024-01-07 18:44:23'),
(559, 11, 11, 44, 44, NULL, '2024-01-07 18:44:37'),
(560, 10, 22, 88, 88, NULL, '2024-01-07 18:44:37'),
(561, 11, 7, 26, 26, NULL, '2024-01-07 18:45:16'),
(562, 10, 19, 77, 77, NULL, '2024-01-07 18:45:22'),
(563, 10, 17, 67, 67, NULL, '2024-01-07 18:45:33'),
(564, 11, 16, 65, 65, NULL, '2024-01-07 18:45:52'),
(565, 12, 30, 121, 121, NULL, '2024-01-07 18:45:57'),
(566, 12, 41, 162, 162, NULL, '2024-01-07 18:46:08'),
(567, 11, 26, 102, 102, NULL, '2024-01-07 18:47:16'),
(568, 11, 6, 22, 22, NULL, '2024-01-07 18:48:15'),
(569, 12, 24, 97, 97, NULL, '2024-01-07 18:48:24'),
(570, 12, 47, 189, 189, NULL, '2024-01-07 18:48:44'),
(571, 11, 32, 128, 128, NULL, '2024-01-07 18:49:06'),
(572, 12, 10, 37, 37, NULL, '2024-01-07 18:49:39'),
(573, 12, 9, 34, 34, NULL, '2024-01-07 18:50:01'),
(574, 12, 6, 22, 22, NULL, '2024-01-07 18:50:46'),
(575, 12, 19, 75, 75, NULL, '2024-01-07 18:51:38'),
(576, 12, 50, 199, 199, NULL, '2024-01-07 18:52:56'),
(577, 12, 1, 1, 1, NULL, '2024-01-07 18:53:08'),
(578, 12, 20, 80, 80, NULL, '2024-01-07 18:54:55'),
(579, 13, 49, 194, 194, NULL, '2024-01-07 18:54:57'),
(580, 14, 20, 81, 81, NULL, '2024-01-07 18:57:16'),
(581, 14, 33, 133, 133, NULL, '2024-01-07 18:58:02'),
(582, 13, 16, 65, 65, NULL, '2024-01-07 18:55:59'),
(583, 12, 38, 150, 150, NULL, '2024-01-07 18:56:13'),
(584, 13, 21, 83, 83, NULL, '2024-01-07 18:56:27'),
(585, 12, 35, 139, 139, NULL, '2024-01-07 18:56:32'),
(586, 14, 19, 75, 75, NULL, '2024-01-07 18:56:46'),
(587, 12, 46, 185, 185, NULL, '2024-01-07 18:57:01'),
(588, 12, 48, 190, 190, NULL, '2024-01-07 18:57:07'),
(589, 12, 8, 31, 31, NULL, '2024-01-07 18:58:08'),
(590, 12, 29, 115, 115, NULL, '2024-01-07 18:59:20'),
(591, 14, 34, 137, 137, NULL, '2024-01-07 18:59:29'),
(592, 12, 37, 147, 147, NULL, '2024-01-07 18:59:32'),
(593, 12, 2, 5, 5, NULL, '2024-01-07 19:00:06'),
(594, 12, 39, 157, 157, NULL, '2024-01-07 19:00:15'),
(595, 13, 45, 181, 181, NULL, '2024-01-07 19:00:55'),
(596, 14, 39, 157, 157, NULL, '2024-01-07 19:01:05'),
(597, 12, 22, 89, 89, NULL, '2024-01-07 19:01:34'),
(598, 14, 10, 38, 38, NULL, '2024-01-07 19:02:18'),
(599, 14, 3, 10, 10, NULL, '2024-01-07 19:02:31'),
(600, 12, 27, 108, 108, NULL, '2024-01-07 19:03:07'),
(601, 14, 35, 140, 140, NULL, '2024-01-07 19:03:08'),
(602, 13, 34, 137, 137, NULL, '2024-01-07 19:04:12'),
(603, 15, 7, 27, 27, NULL, '2024-01-07 19:04:12'),
(604, 12, 3, 10, 10, NULL, '2024-01-07 19:04:22'),
(605, 12, 17, 66, 66, NULL, '2024-01-07 19:04:32'),
(606, 14, 11, 44, 44, NULL, '2024-01-07 19:04:52'),
(607, 14, 45, 181, 181, NULL, '2024-01-07 19:05:09'),
(608, 12, 43, 171, 171, NULL, '2024-01-07 19:05:09'),
(609, 12, 18, 70, 70, NULL, '2024-01-07 19:05:30'),
(610, 12, 14, 55, 55, NULL, '2024-01-07 19:05:34'),
(611, 12, 49, 194, 194, NULL, '2024-01-07 19:06:14'),
(612, 14, 29, 114, 114, NULL, '2024-01-07 19:06:20'),
(613, 14, 40, 161, 161, NULL, '2024-01-07 19:06:50'),
(614, 12, 26, 102, 102, NULL, '2024-01-07 19:07:06'),
(615, 12, 36, 145, 145, NULL, '2024-01-07 19:07:15'),
(616, 12, 33, 133, 133, NULL, '2024-01-07 19:07:20'),
(617, 14, 17, 69, 69, NULL, '2024-01-07 19:07:41'),
(618, 15, 31, 122, 122, NULL, '2024-01-07 19:07:59'),
(619, 12, 21, 83, 83, NULL, '2024-01-07 19:08:47'),
(620, 12, 42, 169, 169, NULL, '2024-01-07 19:08:57'),
(621, 14, 49, 197, 197, NULL, '2024-01-07 19:09:22'),
(622, 15, 17, 67, 67, NULL, '2024-01-07 19:09:54'),
(623, 14, 13, 50, 50, NULL, '2024-01-07 19:10:14'),
(624, 15, 47, 189, 189, NULL, '2024-01-07 19:10:31'),
(625, 13, 29, 116, 116, NULL, '2024-01-07 19:10:34'),
(626, 14, 5, 20, 20, NULL, '2024-01-07 19:10:42'),
(627, 15, 13, 53, 53, NULL, '2024-01-07 19:11:09'),
(628, 13, 18, 71, 71, NULL, '2024-01-07 19:11:26'),
(629, 14, 38, 150, 150, NULL, '2024-01-07 19:11:48'),
(630, 15, 43, 171, 171, NULL, '2024-01-07 19:12:37'),
(631, 14, 50, 199, 199, NULL, '2024-01-07 19:13:04'),
(632, 14, 18, 71, 71, NULL, '2024-01-07 19:13:15'),
(633, 14, 12, 47, 47, NULL, '2024-01-07 19:13:37'),
(634, 14, 43, 171, 171, NULL, '2024-01-07 19:13:56'),
(635, 14, 9, 33, 33, NULL, '2024-01-07 19:14:18'),
(636, 15, 35, 139, 139, NULL, '2024-01-07 19:14:32'),
(637, 13, 19, 74, 74, NULL, '2024-01-07 19:14:40'),
(638, 14, 7, 25, 25, NULL, '2024-01-07 19:14:51'),
(639, 14, 31, 122, 122, NULL, '2024-01-07 19:15:09'),
(640, 14, 16, 65, 65, NULL, '2024-01-07 19:15:24'),
(641, 14, 8, 31, 31, NULL, '2024-01-07 19:15:51'),
(642, 14, 14, 55, 55, NULL, '2024-01-07 19:16:10'),
(643, 14, 1, 2, 2, NULL, '2024-01-07 19:16:32'),
(644, 14, 24, 97, 97, NULL, '2024-01-07 19:17:27'),
(645, 13, 42, 169, 169, NULL, '2024-01-07 19:17:35'),
(646, 14, 44, 176, 176, NULL, '2024-01-07 19:17:40'),
(647, 14, 21, 82, 82, NULL, '2024-01-07 19:18:51'),
(648, 14, 46, 185, 185, NULL, '2024-01-07 19:19:16'),
(649, 14, 26, 102, 102, NULL, '2024-01-07 19:20:35'),
(650, 14, 2, 7, 7, NULL, '2024-01-07 19:21:04'),
(651, 13, 5, 19, 19, NULL, '2024-01-07 19:21:05'),
(652, 14, 28, 110, 110, NULL, '2024-01-07 19:21:48'),
(653, 15, 9, 34, 34, NULL, '2024-01-07 19:21:56'),
(654, 14, 25, 98, 98, NULL, '2024-01-07 19:21:57'),
(655, 14, 42, 169, 169, NULL, '2024-01-07 19:22:45'),
(656, 14, 36, 145, 145, NULL, '2024-01-07 19:22:54'),
(657, 14, 15, 59, 59, NULL, '2024-01-07 19:23:11'),
(658, 13, 43, 171, 171, NULL, '2024-01-07 19:23:31'),
(659, 14, 30, 121, 121, NULL, '2024-01-07 19:23:49'),
(660, 14, 41, 162, 162, NULL, '2024-01-07 19:24:06'),
(661, 14, 6, 22, 22, NULL, '2024-01-07 19:24:26'),
(662, 15, 19, 74, 74, NULL, '2024-01-07 19:24:53'),
(663, 13, 32, 128, 128, NULL, '2024-01-07 19:25:27'),
(664, 15, 8, 31, 31, NULL, '2024-01-07 19:25:39'),
(665, 13, 17, 67, 67, NULL, '2024-01-07 19:25:42'),
(666, 14, 23, 90, 90, NULL, '2024-01-07 19:25:47'),
(667, 14, 37, 147, 147, NULL, '2024-01-07 19:26:00'),
(668, 14, 27, 106, 106, NULL, '2024-01-07 19:26:12'),
(669, 15, 30, 120, 120, NULL, '2024-01-07 19:26:13'),
(670, 14, 48, 193, 193, NULL, '2024-01-07 19:26:32'),
(671, 14, 32, 128, 128, NULL, '2024-01-07 19:26:52'),
(672, 14, 4, 15, 15, NULL, '2024-01-07 19:26:54'),
(673, 15, 28, 113, 113, NULL, '2024-01-07 19:26:59'),
(674, 14, 47, 189, 189, NULL, '2024-01-07 19:27:12'),
(675, 14, 22, 88, 88, NULL, '2024-01-07 19:27:50'),
(676, 15, 46, 185, 185, NULL, '2024-01-07 19:28:09'),
(677, 13, 28, 110, 110, NULL, '2024-01-07 19:28:38'),
(678, 15, 18, 71, 71, NULL, '2024-01-07 19:30:11'),
(679, 13, 4, 15, 15, NULL, '2024-01-07 19:30:37'),
(680, 15, 27, 108, 108, NULL, '2024-01-07 19:30:45'),
(681, 13, 31, 122, 122, NULL, '2024-01-07 19:30:50'),
(682, 15, 14, 55, 55, NULL, '2024-01-07 19:32:28'),
(683, 13, 24, 97, 97, NULL, '2024-01-07 19:32:38'),
(684, 13, 10, 37, 37, NULL, '2024-01-07 19:32:57'),
(685, 13, 36, 145, 145, NULL, '2024-01-07 19:33:07'),
(686, 15, 29, 114, 114, NULL, '2024-01-07 19:35:11'),
(687, 13, 50, 199, 199, NULL, '2024-01-07 19:35:30'),
(688, 15, 45, 178, 178, NULL, '2024-01-07 19:36:02'),
(689, 13, 26, 104, 104, NULL, '2024-01-07 19:36:15'),
(690, 13, 8, 31, 31, NULL, '2024-01-07 19:36:33'),
(691, 15, 16, 63, 63, NULL, '2024-01-07 19:36:45'),
(692, 13, 27, 108, 108, NULL, '2024-01-07 19:37:06'),
(693, 15, 32, 128, 128, NULL, '2024-01-07 19:37:27'),
(694, 13, 12, 46, 46, NULL, '2024-01-07 19:37:36'),
(695, 13, 41, 162, 162, NULL, '2024-01-07 19:37:38'),
(696, 13, 44, 174, 174, NULL, '2024-01-07 19:37:41'),
(697, 13, 35, 138, 138, NULL, '2024-01-07 19:37:49'),
(698, 13, 39, 157, 157, NULL, '2024-01-07 19:37:51'),
(699, 13, 37, 147, 147, NULL, '2024-01-07 19:38:08'),
(700, 13, 40, 161, 161, NULL, '2024-01-07 19:38:15'),
(701, 13, 25, 98, 98, NULL, '2024-01-07 19:38:21'),
(702, 15, 26, 105, 105, NULL, '2024-01-07 19:38:23'),
(703, 13, 15, 60, 60, NULL, '2024-01-07 19:38:35'),
(704, 13, 13, 53, 53, NULL, '2024-01-07 19:38:43'),
(705, 15, 42, 168, 168, NULL, '2024-01-07 19:38:54'),
(706, 13, 6, 22, 22, NULL, '2024-01-07 19:39:13'),
(707, 13, 48, 190, 190, NULL, '2024-01-07 19:39:21'),
(708, 13, 14, 57, 57, NULL, '2024-01-07 19:39:39'),
(709, 13, 20, 80, 80, NULL, '2024-01-07 19:39:54'),
(710, 13, 30, 118, 118, NULL, '2024-01-07 19:39:56'),
(711, 15, 10, 38, 38, NULL, '2024-01-07 19:40:19'),
(712, 15, 33, 133, 133, NULL, '2024-01-07 19:40:53'),
(713, 13, 22, 86, 86, NULL, '2024-01-07 19:41:07'),
(714, 13, 23, 91, 91, NULL, '2024-01-07 19:41:17'),
(715, 13, 7, 25, 25, NULL, '2024-01-07 19:41:33'),
(716, 15, 37, 147, 147, NULL, '2024-01-07 19:41:34'),
(717, 13, 9, 33, 33, NULL, '2024-01-07 19:41:49'),
(718, 13, 47, 189, 189, NULL, '2024-01-07 19:41:54'),
(719, 15, 11, 45, 45, NULL, '2024-01-07 19:42:06'),
(720, 15, 20, 80, 80, NULL, '2024-01-07 19:42:41'),
(721, 15, 15, 58, 58, NULL, '2024-01-07 19:43:02'),
(722, 13, 2, 5, 5, NULL, '2024-01-07 19:43:11'),
(723, 13, 33, 133, 133, NULL, '2024-01-07 19:43:23'),
(724, 13, 38, 151, 151, NULL, '2024-01-07 19:43:55'),
(725, 15, 2, 5, 5, NULL, '2024-01-07 19:43:59'),
(726, 13, 1, 4, 4, NULL, '2024-01-07 19:44:27'),
(727, 15, 39, 156, 156, NULL, '2024-01-07 19:44:32'),
(728, 15, 4, 16, 16, NULL, '2024-01-07 19:44:54'),
(729, 13, 3, 10, 10, NULL, '2024-01-07 19:45:03'),
(730, 15, 21, 83, 83, NULL, '2024-01-07 19:45:17'),
(731, 13, 11, 43, 43, NULL, '2024-01-07 19:45:49'),
(732, 15, 48, 190, 190, NULL, '2024-01-07 19:45:56'),
(733, 13, 46, 185, 185, NULL, '2024-01-07 19:46:16'),
(734, 15, 22, 86, 86, NULL, '2024-01-07 19:46:21'),
(735, 15, 5, 19, 19, NULL, '2024-01-07 19:46:47'),
(736, 15, 49, 194, 194, NULL, '2024-01-07 19:47:18'),
(737, 15, 38, 151, 151, NULL, '2024-01-07 19:47:46'),
(738, 15, 25, 98, 98, NULL, '2024-01-07 19:48:10'),
(739, 15, 50, 199, 199, NULL, '2024-01-07 19:48:50'),
(740, 15, 12, 46, 46, NULL, '2024-01-07 19:49:17'),
(741, 15, 23, 92, 92, NULL, '2024-01-07 19:49:48'),
(742, 15, 1, 4, 4, NULL, '2024-01-07 19:50:13'),
(743, 15, 6, 23, 23, NULL, '2024-01-07 19:50:59'),
(744, 15, 34, 135, 135, NULL, '2024-01-07 19:51:27'),
(745, 15, 40, 160, 160, NULL, '2024-01-07 19:51:54'),
(746, 15, 44, 176, 176, NULL, '2024-01-07 19:52:17'),
(747, 15, 41, 162, 162, NULL, '2024-01-07 19:53:46'),
(748, 15, 36, 145, 145, NULL, '2024-01-07 19:54:13'),
(749, 15, 24, 95, 95, NULL, '2024-01-07 19:54:39'),
(750, 15, 3, 9, 9, NULL, '2024-01-07 19:55:11'),
(751, 16, 41, 162, 162, NULL, '2024-01-07 19:58:47'),
(752, 16, 19, 74, 74, NULL, '2024-01-07 20:02:21'),
(753, 16, 46, 185, 185, NULL, '2024-01-07 20:02:56'),
(754, 16, 50, 199, 199, NULL, '2024-01-07 20:04:21'),
(755, 17, 29, 115, 115, NULL, '2024-01-07 20:05:19'),
(756, 17, 26, 102, 102, NULL, '2024-01-07 20:06:06'),
(757, 16, 49, 194, 194, NULL, '2024-01-07 20:06:45'),
(758, 17, 15, 60, 60, NULL, '2024-01-07 20:06:54'),
(759, 18, 15, 61, 61, NULL, '2024-01-07 20:07:50'),
(760, 16, 31, 122, 122, NULL, '2024-01-07 20:12:36'),
(761, 18, 19, 75, 75, NULL, '2024-01-07 20:08:09'),
(762, 17, 7, 26, 26, NULL, '2024-01-07 20:08:17'),
(763, 17, 43, 171, 171, NULL, '2024-01-07 20:09:06'),
(764, 18, 48, 190, 190, NULL, '2024-01-07 20:09:25'),
(765, 17, 11, 44, 44, NULL, '2024-01-07 20:09:33'),
(766, 18, 37, 147, 147, NULL, '2024-01-07 20:10:13'),
(767, 17, 5, 19, 19, NULL, '2024-01-07 20:10:20'),
(768, 16, 2, 7, 7, NULL, '2024-01-07 20:10:30'),
(769, 18, 28, 110, 110, NULL, '2024-01-07 20:10:39'),
(770, 16, 23, 93, 93, NULL, '2024-01-07 20:10:43'),
(771, 18, 16, 63, 63, NULL, '2024-01-07 20:10:57'),
(772, 17, 21, 83, 83, NULL, '2024-01-07 20:12:01'),
(773, 18, 42, 169, 169, NULL, '2024-01-07 20:12:12'),
(774, 18, 18, 72, 72, NULL, '2024-01-07 20:12:25'),
(775, 16, 33, 132, 132, NULL, '2024-01-07 20:12:26'),
(776, 16, 16, 65, 65, NULL, '2024-01-07 20:13:00'),
(777, 18, 10, 37, 37, NULL, '2024-01-07 20:13:03'),
(778, 18, 45, 181, 181, NULL, '2024-01-07 20:13:59'),
(779, 17, 50, 199, 199, NULL, '2024-01-07 20:13:50'),
(780, 16, 9, 34, 34, NULL, '2024-01-07 20:13:56'),
(781, 18, 6, 23, 23, NULL, '2024-01-07 20:14:17'),
(782, 17, 25, 100, 100, NULL, '2024-01-07 20:14:24'),
(783, 17, 16, 65, 65, NULL, '2024-01-07 20:14:35'),
(784, 16, 11, 45, 45, NULL, '2024-01-07 20:14:43'),
(785, 18, 32, 128, 128, NULL, '2024-01-07 20:14:45'),
(786, 17, 48, 190, 190, NULL, '2024-01-07 20:14:55'),
(787, 18, 47, 187, 187, NULL, '2024-01-07 20:15:16'),
(788, 17, 44, 176, 176, NULL, '2024-01-07 20:15:16'),
(789, 17, 2, 5, 5, NULL, '2024-01-07 20:15:34'),
(790, 17, 49, 194, 194, NULL, '2024-01-07 20:15:56'),
(791, 18, 40, 161, 161, NULL, '2024-01-07 20:16:03'),
(792, 16, 13, 50, 50, NULL, '2024-01-07 20:16:08'),
(793, 18, 3, 10, 10, NULL, '2024-01-07 20:16:18'),
(794, 17, 9, 36, 36, NULL, '2024-01-07 20:16:18'),
(795, 18, 9, 36, 36, NULL, '2024-01-07 20:16:29'),
(796, 16, 14, 54, 54, NULL, '2024-01-07 20:16:39'),
(797, 16, 15, 60, 60, NULL, '2024-01-07 20:17:22'),
(798, 18, 36, 144, 144, NULL, '2024-01-07 20:17:31'),
(799, 16, 12, 47, 47, NULL, '2024-01-07 20:17:33'),
(800, 18, 43, 171, 171, NULL, '2024-01-07 20:17:58'),
(801, 18, 14, 55, 55, NULL, '2024-01-07 20:18:10'),
(802, 18, 5, 20, 20, NULL, '2024-01-07 20:18:26'),
(803, 17, 40, 160, 160, NULL, '2024-01-07 20:19:00'),
(804, 17, 47, 189, 189, NULL, '2024-01-07 20:19:07'),
(805, 17, 36, 145, 145, NULL, '2024-01-07 20:19:13'),
(806, 18, 38, 152, 152, NULL, '2024-01-07 20:19:24'),
(807, 16, 17, 67, 67, NULL, '2024-01-07 20:19:36'),
(808, 18, 12, 47, 47, NULL, '2024-01-07 20:19:40'),
(809, 17, 27, 108, 108, NULL, '2024-01-07 20:19:46'),
(810, 16, 18, 72, 72, NULL, '2024-01-07 20:19:47'),
(811, 17, 6, 21, 21, NULL, '2024-01-07 20:19:55'),
(812, 16, 20, 80, 80, NULL, '2024-01-07 20:19:59'),
(813, 18, 23, 93, 93, NULL, '2024-01-07 20:20:18'),
(814, 17, 33, 133, 133, NULL, '2024-01-07 20:20:24'),
(815, 18, 13, 50, 50, NULL, '2024-01-07 20:20:34'),
(816, 18, 49, 196, 196, NULL, '2024-01-07 20:20:57'),
(817, 18, 41, 162, 162, NULL, '2024-01-07 20:21:23'),
(818, 16, 36, 145, 145, NULL, '2024-01-07 20:21:40'),
(819, 17, 24, 97, 97, NULL, '2024-01-07 20:21:50'),
(820, 16, 39, 157, 157, NULL, '2024-01-07 20:22:15'),
(821, 18, 29, 115, 115, NULL, '2024-01-07 20:22:18'),
(822, 17, 20, 80, 80, NULL, '2024-01-07 20:22:23'),
(823, 17, 19, 75, 75, NULL, '2024-01-07 20:22:40'),
(824, 18, 26, 104, 104, NULL, '2024-01-07 20:23:10'),
(825, 16, 40, 160, 160, NULL, '2024-01-07 20:23:17'),
(826, 17, 32, 128, 128, NULL, '2024-01-07 20:23:32'),
(827, 18, 21, 83, 83, NULL, '2024-01-07 20:23:54'),
(828, 18, 7, 25, 25, NULL, '2024-01-07 20:24:11'),
(829, 17, 34, 137, 137, NULL, '2024-01-07 20:24:14'),
(830, 18, 27, 108, 108, NULL, '2024-01-07 20:24:32'),
(831, 16, 32, 128, 128, NULL, '2024-01-07 20:24:37'),
(832, 17, 22, 88, 88, NULL, '2024-01-07 20:24:59'),
(833, 18, 25, 100, 100, NULL, '2024-01-07 20:25:03'),
(834, 17, 3, 10, 10, NULL, '2024-01-07 20:25:09'),
(835, 18, 11, 45, 45, NULL, '2024-01-07 20:25:11'),
(836, 17, 17, 67, 67, NULL, '2024-01-07 20:25:32'),
(837, 18, 34, 136, 136, NULL, '2024-01-07 20:25:46'),
(838, 16, 34, 137, 137, NULL, '2024-01-07 20:25:53'),
(839, 16, 35, 139, 139, NULL, '2024-01-07 20:26:11'),
(840, 18, 50, 201, 201, NULL, '2024-01-07 20:26:41'),
(841, 17, 37, 147, 147, NULL, '2024-01-07 20:26:34'),
(842, 18, 1, 4, 4, NULL, '2024-01-07 20:26:50'),
(843, 17, 13, 51, 51, NULL, '2024-01-07 20:27:05'),
(844, 18, 22, 89, 89, NULL, '2024-01-07 20:27:11'),
(845, 17, 14, 55, 55, NULL, '2024-01-07 20:27:20'),
(846, 17, 8, 29, 29, NULL, '2024-01-07 20:27:23'),
(847, 16, 21, 82, 82, NULL, '2024-01-07 20:27:36'),
(848, 17, 46, 185, 185, NULL, '2024-01-07 20:27:38'),
(849, 18, 33, 133, 133, NULL, '2024-01-07 20:27:40'),
(850, 16, 37, 147, 147, NULL, '2024-01-07 20:28:01'),
(851, 18, 44, 176, 176, NULL, '2024-01-07 20:28:06'),
(852, 17, 38, 151, 151, NULL, '2024-01-07 20:28:06'),
(853, 16, 38, 151, 151, NULL, '2024-01-07 20:28:13'),
(854, 18, 39, 154, 154, NULL, '2024-01-07 20:28:16'),
(855, 17, 12, 47, 47, NULL, '2024-01-07 20:28:33'),
(856, 18, 8, 31, 31, NULL, '2024-01-07 20:28:40'),
(857, 17, 41, 162, 162, NULL, '2024-01-07 20:28:42'),
(858, 18, 17, 66, 66, NULL, '2024-01-07 20:29:12'),
(859, 16, 44, 176, 176, NULL, '2024-01-07 20:29:23'),
(860, 18, 30, 121, 121, NULL, '2024-01-07 20:29:52'),
(861, 17, 31, 125, 125, NULL, '2024-01-07 20:29:53'),
(862, 18, 31, 122, 122, NULL, '2024-01-07 20:30:00'),
(863, 17, 23, 93, 93, NULL, '2024-01-07 20:30:18'),
(864, 17, 42, 168, 168, NULL, '2024-01-07 20:30:37'),
(865, 18, 46, 185, 185, NULL, '2024-01-07 20:30:43'),
(866, 18, 20, 81, 81, NULL, '2024-01-07 20:31:07'),
(867, 17, 45, 181, 181, NULL, '2024-01-07 20:31:18'),
(868, 17, 10, 37, 37, NULL, '2024-01-07 20:31:31'),
(869, 18, 35, 138, 138, NULL, '2024-01-07 20:31:32'),
(870, 17, 18, 72, 72, NULL, '2024-01-07 20:31:57'),
(871, 17, 39, 157, 157, NULL, '2024-01-07 20:32:07'),
(872, 16, 5, 19, 19, NULL, '2024-01-07 20:32:20'),
(873, 18, 24, 97, 97, NULL, '2024-01-07 20:32:27'),
(874, 18, 2, 8, 8, NULL, '2024-01-07 20:32:34'),
(875, 18, 4, 16, 16, NULL, '2024-01-07 20:32:37'),
(876, 17, 28, 110, 110, NULL, '2024-01-07 20:32:38'),
(877, 17, 4, 15, 15, NULL, '2024-01-07 20:33:04'),
(878, 17, 30, 118, 118, NULL, '2024-01-07 20:33:18'),
(879, 17, 35, 139, 139, NULL, '2024-01-07 20:33:58'),
(880, 16, 43, 171, 171, NULL, '2024-01-07 20:34:00'),
(881, 17, 1, 4, 4, NULL, '2024-01-07 20:34:18'),
(882, 16, 48, 190, 190, NULL, '2024-01-07 20:34:38'),
(883, 16, 47, 189, 189, NULL, '2024-01-07 20:35:27'),
(884, 16, 42, 168, 168, NULL, '2024-01-07 20:37:00'),
(885, 16, 45, 181, 181, NULL, '2024-01-07 20:37:33'),
(886, 16, 7, 26, 26, NULL, '2024-01-07 20:38:41'),
(887, 16, 3, 10, 10, NULL, '2024-01-07 20:38:51'),
(888, 16, 24, 97, 97, NULL, '2024-01-07 20:40:28'),
(889, 16, 26, 102, 102, NULL, '2024-01-07 20:41:32'),
(890, 19, 20, 80, 80, NULL, '2024-01-07 20:43:47'),
(891, 19, 1, 1, 1, NULL, '2024-01-07 20:42:37'),
(892, 19, 12, 48, 48, NULL, '2024-01-07 20:43:29'),
(893, 16, 1, 4, 4, NULL, '2024-01-07 20:42:53'),
(894, 16, 30, 121, 121, NULL, '2024-01-07 20:43:34'),
(895, 16, 4, 16, 16, NULL, '2024-01-07 20:43:58'),
(896, 19, 31, 125, 125, NULL, '2024-01-07 20:44:02'),
(897, 19, 33, 133, 133, NULL, '2024-01-07 20:44:44'),
(898, 16, 22, 88, 88, NULL, '2024-01-07 20:44:45'),
(899, 19, 5, 19, 19, NULL, '2024-01-07 20:44:59'),
(900, 19, 27, 108, 108, NULL, '2024-01-07 20:45:10'),
(901, 19, 23, 93, 93, NULL, '2024-01-07 20:45:24'),
(902, 16, 25, 100, 100, NULL, '2024-01-07 20:45:30'),
(903, 19, 24, 97, 97, NULL, '2024-01-07 20:45:48'),
(904, 16, 29, 115, 115, NULL, '2024-01-07 20:45:57'),
(905, 19, 19, 75, 75, NULL, '2024-01-07 20:45:58'),
(906, 19, 44, 176, 176, NULL, '2024-01-07 20:46:21'),
(907, 19, 34, 137, 137, NULL, '2024-01-07 20:46:24'),
(908, 19, 38, 153, 153, NULL, '2024-01-07 20:47:18'),
(909, 16, 27, 106, 106, NULL, '2024-01-07 20:47:43'),
(910, 16, 8, 31, 31, NULL, '2024-01-07 20:48:17'),
(911, 16, 6, 23, 23, NULL, '2024-01-07 20:48:24'),
(912, 16, 28, 110, 110, NULL, '2024-01-07 20:48:59'),
(913, 19, 28, 110, 110, NULL, '2024-01-07 20:49:01'),
(914, 16, 10, 37, 37, NULL, '2024-01-07 20:49:18'),
(915, 19, 18, 71, 71, NULL, '2024-01-07 20:49:19'),
(916, 19, 42, 169, 169, NULL, '2024-01-07 20:49:35'),
(917, 19, 46, 185, 185, NULL, '2024-01-07 20:50:01'),
(918, 19, 6, 22, 22, NULL, '2024-01-07 20:50:22'),
(919, 19, 11, 44, 44, NULL, '2024-01-07 20:50:35'),
(920, 19, 32, 128, 128, NULL, '2024-01-07 20:50:52'),
(921, 19, 3, 12, 12, NULL, '2024-01-07 20:51:07'),
(922, 19, 36, 145, 145, NULL, '2024-01-07 20:51:15'),
(923, 19, 40, 161, 161, NULL, '2024-01-07 20:51:48'),
(924, 19, 8, 29, 29, NULL, '2024-01-07 20:51:57'),
(925, 19, 35, 138, 138, NULL, '2024-01-07 20:52:15'),
(926, 19, 17, 67, 67, NULL, '2024-01-07 20:52:32'),
(927, 19, 25, 99, 99, NULL, '2024-01-07 20:53:03'),
(928, 19, 15, 61, 61, NULL, '2024-01-07 20:53:13'),
(929, 19, 9, 34, 34, NULL, '2024-01-07 20:53:26'),
(930, 19, 21, 82, 82, NULL, '2024-01-07 20:53:42'),
(931, 19, 45, 181, 181, NULL, '2024-01-07 20:53:48'),
(932, 19, 47, 189, 189, NULL, '2024-01-07 20:54:26'),
(933, 19, 10, 38, 38, NULL, '2024-01-07 20:54:47'),
(934, 19, 2, 5, 5, NULL, '2024-01-07 20:55:25'),
(935, 19, 29, 114, 114, NULL, '2024-01-07 20:56:01'),
(936, 19, 4, 13, 13, NULL, '2024-01-07 20:56:26'),
(937, 19, 39, 157, 157, NULL, '2024-01-07 20:56:09'),
(938, 19, 13, 50, 50, NULL, '2024-01-07 20:56:42'),
(939, 19, 41, 162, 162, NULL, '2024-01-07 20:56:59'),
(940, 19, 16, 65, 65, NULL, '2024-01-07 20:57:13'),
(941, 19, 50, 199, 199, NULL, '2024-01-07 20:57:58'),
(942, 19, 43, 171, 171, NULL, '2024-01-07 20:58:13'),
(943, 19, 14, 54, 54, NULL, '2024-01-07 20:58:20'),
(944, 19, 22, 87, 87, NULL, '2024-01-07 20:58:33'),
(945, 20, 29, 114, 114, NULL, '2024-01-07 20:58:39'),
(946, 19, 37, 149, 149, NULL, '2024-01-07 20:58:39'),
(947, 20, 15, 60, 60, NULL, '2024-01-07 20:58:56'),
(948, 19, 26, 102, 102, NULL, '2024-01-07 20:58:58'),
(949, 20, 3, 10, 10, NULL, '2024-01-07 21:01:02'),
(950, 19, 30, 121, 121, NULL, '2024-01-07 21:01:16'),
(951, 19, 48, 190, 190, NULL, '2024-01-07 21:01:27'),
(952, 19, 49, 196, 196, NULL, '2024-01-07 21:01:36'),
(953, 19, 7, 25, 25, NULL, '2024-01-07 21:02:19'),
(954, 20, 19, 77, 77, NULL, '2024-01-07 21:03:03'),
(955, 20, 39, 156, 156, NULL, '2024-01-07 21:04:26'),
(956, 20, 40, 161, 161, NULL, '2024-01-07 21:04:53'),
(957, 20, 18, 72, 72, NULL, '2024-01-07 21:05:48'),
(958, 20, 50, 199, 199, NULL, '2024-01-07 21:06:07'),
(959, 20, 14, 54, 54, NULL, '2024-01-07 21:06:58'),
(960, 20, 5, 19, 19, NULL, '2024-01-07 21:07:54'),
(961, 20, 23, 93, 93, NULL, '2024-01-07 21:09:08'),
(962, 20, 38, 150, 150, NULL, '2024-01-07 21:09:49'),
(963, 20, 33, 130, 130, NULL, '2024-01-07 21:11:23'),
(964, 20, 22, 88, 88, NULL, '2024-01-07 21:12:10'),
(965, 20, 4, 15, 15, NULL, '2024-01-07 21:12:46'),
(966, 20, 8, 31, 31, NULL, '2024-01-07 21:12:58'),
(967, 20, 7, 28, 28, NULL, '2024-01-07 21:14:27'),
(968, 20, 49, 197, 197, NULL, '2024-01-07 21:14:55'),
(969, 20, 21, 83, 83, NULL, '2024-01-07 21:15:59'),
(970, 20, 48, 190, 190, NULL, '2024-01-07 21:16:08'),
(971, 20, 41, 162, 162, NULL, '2024-01-07 21:16:19'),
(972, 20, 37, 147, 147, NULL, '2024-01-07 21:17:06'),
(973, 20, 24, 97, 97, NULL, '2024-01-07 21:17:51'),
(974, 20, 6, 23, 23, NULL, '2024-01-07 21:19:04'),
(975, 20, 20, 80, 80, NULL, '2024-01-07 21:20:03'),
(976, 20, 43, 171, 171, NULL, '2024-01-07 21:20:20'),
(977, 20, 35, 140, 140, NULL, '2024-01-07 21:20:56'),
(978, 20, 16, 65, 65, NULL, '2024-01-07 21:21:06'),
(979, 20, 2, 5, 5, NULL, '2024-01-07 21:21:57'),
(980, 20, 44, 176, 176, NULL, '2024-01-07 21:22:35'),
(981, 20, 45, 179, 179, NULL, '2024-01-07 21:23:02'),
(982, 20, 30, 120, 120, NULL, '2024-01-07 21:23:47'),
(983, 20, 27, 108, 108, NULL, '2024-01-07 21:24:08'),
(984, 20, 42, 169, 169, NULL, '2024-01-07 21:24:17'),
(985, 20, 31, 122, 122, NULL, '2024-01-07 21:24:39'),
(986, 20, 12, 47, 47, NULL, '2024-01-07 21:25:05'),
(987, 20, 17, 67, 67, NULL, '2024-01-07 21:25:24'),
(988, 20, 11, 45, 45, NULL, '2024-01-07 21:25:38'),
(989, 21, 36, 145, 145, NULL, '2024-01-07 21:25:39'),
(990, 20, 25, 100, 100, NULL, '2024-01-07 21:26:03'),
(991, 21, 42, 169, 169, NULL, '2024-01-07 21:26:08'),
(992, 20, 46, 185, 185, NULL, '2024-01-07 21:26:27'),
(993, 20, 28, 110, 110, NULL, '2024-01-07 21:26:59');
INSERT INTO `user_answers` (`id`, `user_quiz_id`, `question_id`, `answer_id`, `user_answer_id`, `user_answer_text`, `added_date`) VALUES
(994, 21, 20, 80, 80, NULL, '2024-01-07 21:27:04'),
(995, 21, 16, 65, 65, NULL, '2024-01-07 21:27:17'),
(996, 21, 3, 10, 10, NULL, '2024-01-07 21:27:36'),
(997, 20, 47, 187, 187, NULL, '2024-01-07 21:27:44'),
(998, 21, 48, 190, 190, NULL, '2024-01-07 21:27:58'),
(999, 21, 9, 33, 33, NULL, '2024-01-07 21:28:21'),
(1000, 20, 9, 35, 35, NULL, '2024-01-07 21:28:46'),
(1001, 20, 32, 128, 128, NULL, '2024-01-07 21:28:54'),
(1002, 21, 47, 187, 187, NULL, '2024-01-07 21:29:10'),
(1003, 21, 4, 16, 16, NULL, '2024-01-07 21:29:49'),
(1004, 20, 34, 134, 134, NULL, '2024-01-07 21:29:51'),
(1005, 21, 22, 88, 88, NULL, '2024-01-07 21:31:17'),
(1006, 20, 36, 145, 145, NULL, '2024-01-07 21:31:30'),
(1007, 20, 13, 50, 50, NULL, '2024-01-07 21:31:50'),
(1008, 21, 25, 100, 100, NULL, '2024-01-07 21:32:01'),
(1009, 21, 5, 19, 19, NULL, '2024-01-07 21:32:27'),
(1010, 21, 1, 4, 4, NULL, '2024-01-07 21:32:54'),
(1011, 20, 10, 38, 38, NULL, '2024-01-07 21:33:01'),
(1012, 21, 17, 67, 67, NULL, '2024-01-07 21:33:16'),
(1013, 21, 31, 122, 122, NULL, '2024-01-07 21:33:50'),
(1014, 21, 19, 75, 75, NULL, '2024-01-07 21:34:12'),
(1015, 21, 46, 185, 185, NULL, '2024-01-07 21:34:23'),
(1016, 21, 10, 37, 37, NULL, '2024-01-07 21:34:48'),
(1017, 20, 26, 102, 102, NULL, '2024-01-07 21:35:02'),
(1018, 21, 7, 26, 26, NULL, '2024-01-07 21:35:13'),
(1019, 21, 34, 137, 137, NULL, '2024-01-07 21:35:42'),
(1020, 21, 15, 60, 60, NULL, '2024-01-07 21:36:16'),
(1021, 20, 1, 4, 4, NULL, '2024-01-07 21:36:25'),
(1022, 21, 49, 195, 195, NULL, '2024-01-07 21:37:30'),
(1023, 21, 45, 181, 181, NULL, '2024-01-07 21:37:43'),
(1024, 21, 13, 50, 50, NULL, '2024-01-07 21:37:53'),
(1025, 21, 12, 46, 46, NULL, '2024-01-07 21:38:33'),
(1026, 21, 33, 133, 133, NULL, '2024-01-07 21:38:41'),
(1027, 21, 26, 102, 102, NULL, '2024-01-07 21:39:03'),
(1028, 22, 39, 157, 157, NULL, '2024-01-07 21:39:49'),
(1029, 21, 23, 93, 93, NULL, '2024-01-07 21:40:04'),
(1030, 21, 21, 83, 83, NULL, '2024-01-07 21:40:34'),
(1031, 21, 41, 162, 162, NULL, '2024-01-07 21:40:49'),
(1032, 22, 10, 37, 37, NULL, '2024-01-07 21:41:02'),
(1033, 21, 32, 128, 128, NULL, '2024-01-07 21:42:55'),
(1034, 21, 50, 199, 199, NULL, '2024-01-07 21:43:18'),
(1035, 22, 37, 147, 147, NULL, '2024-01-07 21:43:21'),
(1036, 21, 11, 43, 43, NULL, '2024-01-07 21:43:41'),
(1037, 21, 37, 147, 147, NULL, '2024-01-07 21:43:51'),
(1038, 21, 6, 22, 22, NULL, '2024-01-07 21:44:45'),
(1039, 21, 27, 108, 108, NULL, '2024-01-07 21:45:58'),
(1040, 22, 22, 88, 88, NULL, '2024-01-07 21:46:00'),
(1041, 21, 35, 139, 139, NULL, '2024-01-07 21:46:12'),
(1042, 21, 29, 115, 115, NULL, '2024-01-07 21:46:29'),
(1043, 21, 24, 97, 97, NULL, '2024-01-07 21:47:32'),
(1044, 22, 19, 77, 77, NULL, '2024-01-07 21:47:46'),
(1045, 21, 44, 176, 176, NULL, '2024-01-07 21:47:52'),
(1046, 21, 43, 173, 173, NULL, '2024-01-07 21:48:03'),
(1047, 22, 23, 93, 93, NULL, '2024-01-07 21:48:25'),
(1048, 21, 40, 161, 161, NULL, '2024-01-07 21:48:30'),
(1049, 21, 39, 157, 157, NULL, '2024-01-07 21:48:39'),
(1050, 21, 2, 5, 5, NULL, '2024-01-07 21:49:01'),
(1051, 21, 8, 31, 31, NULL, '2024-01-07 21:49:14'),
(1052, 21, 30, 121, 121, NULL, '2024-01-07 21:49:37'),
(1053, 21, 18, 73, 73, NULL, '2024-01-07 21:50:04'),
(1054, 22, 45, 181, 181, NULL, '2024-01-07 21:50:34'),
(1055, 21, 28, 110, 110, NULL, '2024-01-07 21:51:47'),
(1056, 21, 14, 55, 55, NULL, '2024-01-07 21:52:00'),
(1057, 22, 27, 108, 108, NULL, '2024-01-07 21:52:06'),
(1058, 21, 38, 151, 151, NULL, '2024-01-07 21:52:17'),
(1059, 22, 6, 22, 22, NULL, '2024-01-07 21:53:06'),
(1060, 22, 4, 15, 15, NULL, '2024-01-07 21:54:44'),
(1061, 22, 41, 165, 165, NULL, '2024-01-07 21:55:38'),
(1062, 22, 24, 97, 97, NULL, '2024-01-07 21:56:32'),
(1063, 22, 28, 110, 110, NULL, '2024-01-07 21:57:07'),
(1064, 22, 9, 34, 34, NULL, '2024-01-07 21:58:32'),
(1065, 22, 25, 100, 100, NULL, '2024-01-07 21:59:09'),
(1066, 22, 26, 102, 102, NULL, '2024-01-07 21:59:47'),
(1067, 22, 20, 80, 80, NULL, '2024-01-07 22:00:40'),
(1068, 22, 5, 19, 19, NULL, '2024-01-07 22:01:21'),
(1069, 22, 8, 30, 30, NULL, '2024-01-07 22:02:38'),
(1070, 22, 21, 83, 83, NULL, '2024-01-07 22:03:40'),
(1071, 22, 30, 121, 121, NULL, '2024-01-07 22:04:13'),
(1072, 22, 42, 168, 168, NULL, '2024-01-07 22:04:47'),
(1073, 22, 2, 5, 5, NULL, '2024-01-07 22:05:21'),
(1074, 22, 43, 171, 171, NULL, '2024-01-07 22:05:47'),
(1075, 22, 16, 65, 65, NULL, '2024-01-07 22:06:10'),
(1076, 22, 3, 10, 10, NULL, '2024-01-07 22:07:08'),
(1077, 22, 29, 115, 115, NULL, '2024-01-07 22:07:36'),
(1078, 22, 44, 176, 176, NULL, '2024-01-07 22:08:06'),
(1079, 22, 7, 28, 28, NULL, '2024-01-07 22:09:46'),
(1080, 22, 1, 4, 4, NULL, '2024-01-07 22:10:20'),
(1081, 22, 47, 189, 189, NULL, '2024-01-07 22:11:27'),
(1082, 22, 48, 190, 190, NULL, '2024-01-07 22:12:00'),
(1083, 22, 46, 185, 185, NULL, '2024-01-07 22:12:34'),
(1084, 22, 49, 194, 194, NULL, '2024-01-07 22:13:02'),
(1085, 22, 50, 201, 201, NULL, '2024-01-07 22:13:27'),
(1086, 22, 18, 72, 72, NULL, '2024-01-07 22:15:33'),
(1087, 22, 17, 67, 67, NULL, '2024-01-07 22:15:54'),
(1088, 22, 35, 139, 139, NULL, '2024-01-07 22:16:51'),
(1089, 22, 34, 137, 137, NULL, '2024-01-07 22:17:28'),
(1090, 22, 31, 122, 122, NULL, '2024-01-07 22:18:23'),
(1091, 22, 32, 128, 128, NULL, '2024-01-07 22:18:50'),
(1092, 22, 12, 47, 47, NULL, '2024-01-07 22:19:32'),
(1093, 22, 13, 50, 50, NULL, '2024-01-07 22:19:51'),
(1094, 22, 15, 60, 60, NULL, '2024-01-07 22:20:03'),
(1095, 22, 11, 45, 45, NULL, '2024-01-07 22:20:17'),
(1096, 22, 14, 55, 55, NULL, '2024-01-07 22:20:33'),
(1097, 22, 33, 133, 133, NULL, '2024-01-07 22:21:15'),
(1098, 22, 38, 151, 151, NULL, '2024-01-07 22:22:42'),
(1099, 22, 36, 145, 145, NULL, '2024-01-07 22:23:23'),
(1100, 22, 40, 160, 160, NULL, '2024-01-07 22:23:44'),
(1101, 23, 40, 160, 160, NULL, '2024-01-07 23:04:35'),
(1102, 23, 24, 97, 97, NULL, '2024-01-07 23:04:56'),
(1103, 23, 20, 79, 79, NULL, '2024-01-07 23:05:13'),
(1104, 23, 17, 66, 66, NULL, '2024-01-07 23:05:16'),
(1105, 23, 50, 201, 201, NULL, '2024-01-07 23:06:34'),
(1106, 23, 49, 194, 194, NULL, '2024-01-07 23:06:54'),
(1107, 23, 7, 25, 25, NULL, '2024-01-07 23:07:37'),
(1108, 23, 38, 151, 151, NULL, '2024-01-07 23:08:55'),
(1109, 23, 3, 10, 10, NULL, '2024-01-07 23:09:16'),
(1110, 23, 43, 171, 171, NULL, '2024-01-07 23:10:07'),
(1111, 23, 33, 133, 133, NULL, '2024-01-07 23:11:04'),
(1112, 23, 29, 115, 115, NULL, '2024-01-07 23:11:26'),
(1113, 23, 21, 83, 83, NULL, '2024-01-07 23:11:50'),
(1114, 23, 37, 147, 147, NULL, '2024-01-07 23:12:23'),
(1115, 23, 10, 37, 37, NULL, '2024-01-07 23:12:51'),
(1116, 23, 15, 60, 60, NULL, '2024-01-07 23:13:32'),
(1117, 23, 13, 50, 50, NULL, '2024-01-07 23:14:00'),
(1118, 23, 18, 70, 70, NULL, '2024-01-07 23:14:49'),
(1119, 23, 42, 168, 168, NULL, '2024-01-07 23:15:51'),
(1120, 23, 30, 121, 121, NULL, '2024-01-07 23:16:21'),
(1121, 23, 2, 7, 7, NULL, '2024-01-07 23:16:25'),
(1122, 23, 35, 139, 139, NULL, '2024-01-07 23:17:19'),
(1123, 23, 22, 88, 88, NULL, '2024-01-07 23:18:50'),
(1124, 23, 27, 108, 108, NULL, '2024-01-07 23:19:19'),
(1125, 23, 16, 63, 63, NULL, '2024-01-07 23:19:52'),
(1126, 23, 48, 190, 190, NULL, '2024-01-07 23:20:25'),
(1127, 23, 1, 1, 1, NULL, '2024-01-07 23:20:30'),
(1128, 23, 25, 99, 99, NULL, '2024-01-07 23:21:03'),
(1129, 23, 5, 19, 19, NULL, '2024-01-07 23:21:08'),
(1130, 23, 26, 102, 102, NULL, '2024-01-07 23:21:25'),
(1131, 23, 47, 189, 189, NULL, '2024-01-07 23:21:48'),
(1132, 24, 49, 194, 194, NULL, '2024-01-07 23:22:04'),
(1133, 23, 28, 110, 110, NULL, '2024-01-07 23:22:05'),
(1134, 23, 4, 13, 13, NULL, '2024-01-07 23:22:08'),
(1135, 23, 31, 122, 122, NULL, '2024-01-07 23:22:44'),
(1136, 24, 47, 189, 189, NULL, '2024-01-07 23:23:13'),
(1137, 23, 32, 128, 128, NULL, '2024-01-07 23:23:35'),
(1138, 24, 46, 185, 185, NULL, '2024-01-07 23:23:37'),
(1139, 23, 14, 54, 54, NULL, '2024-01-07 23:24:04'),
(1140, 24, 48, 190, 190, NULL, '2024-01-07 23:24:11'),
(1141, 23, 45, 181, 181, NULL, '2024-01-07 23:24:36'),
(1142, 23, 6, 24, 24, NULL, '2024-01-07 23:24:39'),
(1143, 23, 8, 29, 29, NULL, '2024-01-07 23:24:41'),
(1144, 24, 50, 201, 201, NULL, '2024-01-07 23:24:53'),
(1145, 23, 34, 137, 137, NULL, '2024-01-07 23:25:34'),
(1146, 24, 39, 157, 157, NULL, '2024-01-07 23:26:33'),
(1147, 23, 39, 157, 157, NULL, '2024-01-07 23:26:45'),
(1148, 24, 40, 160, 160, NULL, '2024-01-07 23:27:02'),
(1149, 24, 36, 145, 145, NULL, '2024-01-07 23:27:12'),
(1150, 24, 38, 151, 151, NULL, '2024-01-07 23:27:22'),
(1151, 23, 46, 185, 185, NULL, '2024-01-07 23:27:24'),
(1152, 24, 37, 147, 147, NULL, '2024-01-07 23:27:48'),
(1153, 23, 44, 174, 174, NULL, '2024-01-07 23:28:05'),
(1154, 23, 23, 93, 93, NULL, '2024-01-07 23:28:26'),
(1155, 23, 11, 45, 45, NULL, '2024-01-07 23:28:51'),
(1156, 23, 41, 162, 162, NULL, '2024-01-07 23:29:33'),
(1157, 23, 12, 47, 47, NULL, '2024-01-07 23:29:38'),
(1158, 23, 36, 145, 145, NULL, '2024-01-07 23:29:42'),
(1159, 23, 9, 36, 36, NULL, '2024-01-07 23:29:45'),
(1160, 23, 19, 75, 75, NULL, '2024-01-07 23:29:54'),
(1161, 24, 17, 68, 68, NULL, '2024-01-07 23:44:11'),
(1162, 24, 18, 72, 72, NULL, '2024-01-07 23:32:55'),
(1163, 24, 31, 122, 122, NULL, '2024-01-07 23:34:11'),
(1164, 24, 20, 80, 80, NULL, '2024-01-07 23:34:22'),
(1165, 24, 16, 65, 65, NULL, '2024-01-07 23:36:04'),
(1166, 24, 35, 139, 139, NULL, '2024-01-07 23:36:35'),
(1167, 24, 19, 74, 74, NULL, '2024-01-07 23:36:42'),
(1168, 24, 44, 176, 176, NULL, '2024-01-08 00:05:41'),
(1169, 24, 42, 168, 168, NULL, '2024-01-07 23:38:21'),
(1170, 24, 43, 171, 171, NULL, '2024-01-07 23:38:29'),
(1171, 24, 34, 137, 137, NULL, '2024-01-07 23:38:57'),
(1172, 24, 41, 162, 162, NULL, '2024-01-07 23:40:14'),
(1173, 24, 33, 133, 133, NULL, '2024-01-07 23:40:29'),
(1174, 24, 14, 55, 55, NULL, '2024-01-07 23:40:47'),
(1175, 24, 13, 50, 50, NULL, '2024-01-07 23:41:11'),
(1176, 24, 12, 47, 47, NULL, '2024-01-07 23:41:21'),
(1177, 24, 11, 45, 45, NULL, '2024-01-07 23:41:33'),
(1178, 24, 15, 59, 59, NULL, '2024-01-07 23:41:52'),
(1179, 24, 32, 129, 129, NULL, '2024-01-07 23:42:11'),
(1180, 24, 5, 17, 17, NULL, '2024-01-07 23:42:15'),
(1181, 24, 45, 180, 180, NULL, '2024-01-08 00:05:08'),
(1182, 24, 21, 83, 83, NULL, '2024-01-07 23:44:06'),
(1183, 24, 25, 100, 100, NULL, '2024-01-07 23:46:18'),
(1184, 24, 9, 34, 34, NULL, '2024-01-07 23:47:51'),
(1185, 24, 30, 121, 121, NULL, '2024-01-07 23:48:28'),
(1186, 24, 23, 93, 93, NULL, '2024-01-07 23:49:26'),
(1187, 24, 7, 28, 28, NULL, '2024-01-07 23:51:01'),
(1188, 24, 10, 38, 38, NULL, '2024-01-07 23:52:33'),
(1189, 24, 1, 1, 1, NULL, '2024-01-07 23:54:01'),
(1190, 24, 28, 110, 110, NULL, '2024-01-07 23:56:31'),
(1191, 24, 22, 88, 88, NULL, '2024-01-07 23:57:31'),
(1192, 24, 29, 115, 115, NULL, '2024-01-07 23:59:21'),
(1193, 24, 2, 5, 5, NULL, '2024-01-08 00:02:37'),
(1194, 24, 6, 21, 21, NULL, '2024-01-08 00:02:51'),
(1195, 24, 3, 10, 10, NULL, '2024-01-08 00:03:48'),
(1196, 24, 26, 104, 104, NULL, '2024-01-08 00:04:49'),
(1197, 25, 26, 102, 102, NULL, '2024-01-08 02:48:05'),
(1198, 25, 38, 151, 151, NULL, '2024-01-08 02:49:33'),
(1199, 25, 42, 169, 169, NULL, '2024-01-08 02:51:38'),
(1200, 25, 5, 19, 19, NULL, '2024-01-08 02:52:15'),
(1201, 25, 40, 160, 160, NULL, '2024-01-08 02:52:42'),
(1202, 25, 36, 145, 145, NULL, '2024-01-08 02:53:19'),
(1203, 25, 7, 27, 27, NULL, '2024-01-08 02:54:38'),
(1204, 25, 23, 93, 93, NULL, '2024-01-08 02:56:25'),
(1205, 25, 37, 147, 147, NULL, '2024-01-08 02:56:36'),
(1206, 25, 45, 181, 181, NULL, '2024-01-08 02:56:57'),
(1207, 25, 43, 171, 171, NULL, '2024-01-08 02:57:12'),
(1208, 25, 18, 71, 71, NULL, '2024-01-08 02:58:24'),
(1209, 25, 39, 156, 156, NULL, '2024-01-08 02:58:42'),
(1210, 25, 1, 3, 3, NULL, '2024-01-08 02:59:25'),
(1211, 25, 44, 176, 176, NULL, '2024-01-08 02:59:42'),
(1212, 25, 46, 185, 185, NULL, '2024-01-08 03:02:04'),
(1213, 25, 3, 10, 10, NULL, '2024-01-08 03:02:16'),
(1214, 25, 33, 133, 133, NULL, '2024-01-08 03:03:53'),
(1215, 25, 4, 13, 13, NULL, '2024-01-08 03:04:34'),
(1216, 25, 32, 128, 128, NULL, '2024-01-08 03:04:45'),
(1217, 25, 29, 115, 115, NULL, '2024-01-08 03:05:24'),
(1218, 25, 47, 187, 187, NULL, '2024-01-08 03:06:00'),
(1219, 25, 16, 65, 65, NULL, '2024-01-08 03:06:11'),
(1220, 25, 30, 121, 121, NULL, '2024-01-08 03:07:16'),
(1221, 25, 28, 110, 110, NULL, '2024-01-08 03:08:45'),
(1222, 25, 50, 199, 199, NULL, '2024-01-08 03:09:29'),
(1223, 25, 25, 100, 100, NULL, '2024-01-08 03:10:22'),
(1224, 25, 19, 75, 75, NULL, '2024-01-08 03:10:54'),
(1225, 25, 20, 80, 80, NULL, '2024-01-08 03:11:12'),
(1226, 25, 35, 139, 139, NULL, '2024-01-08 03:11:30'),
(1227, 25, 34, 137, 137, NULL, '2024-01-08 03:11:58'),
(1228, 25, 22, 88, 88, NULL, '2024-01-08 03:15:17'),
(1229, 25, 10, 37, 37, NULL, '2024-01-08 03:15:36'),
(1230, 25, 9, 36, 36, NULL, '2024-01-08 03:16:17'),
(1231, 25, 15, 60, 60, NULL, '2024-01-08 03:16:50'),
(1232, 25, 31, 122, 122, NULL, '2024-01-08 03:17:15'),
(1233, 25, 48, 190, 190, NULL, '2024-01-08 03:17:28'),
(1234, 25, 2, 5, 5, NULL, '2024-01-08 03:18:50'),
(1235, 25, 24, 97, 97, NULL, '2024-01-08 03:19:28'),
(1236, 25, 41, 162, 162, NULL, '2024-01-08 03:19:38'),
(1237, 25, 6, 22, 22, NULL, '2024-01-08 03:20:31'),
(1238, 25, 17, 67, 67, NULL, '2024-01-08 03:20:59'),
(1239, 25, 13, 51, 51, NULL, '2024-01-08 03:21:30'),
(1240, 25, 11, 44, 44, NULL, '2024-01-08 03:21:47'),
(1241, 25, 49, 194, 194, NULL, '2024-01-08 03:23:06'),
(1242, 25, 14, 55, 55, NULL, '2024-01-08 03:23:32'),
(1243, 25, 12, 47, 47, NULL, '2024-01-08 03:23:54'),
(1244, 25, 8, 31, 31, NULL, '2024-01-08 03:24:43'),
(1245, 25, 27, 108, 108, NULL, '2024-01-08 03:26:06'),
(1246, 26, 34, 137, 137, NULL, '2024-01-08 05:13:42'),
(1247, 26, 15, 60, 60, NULL, '2024-01-08 05:14:29'),
(1248, 26, 9, 34, 34, NULL, '2024-01-08 05:17:08'),
(1249, 26, 41, 162, 162, NULL, '2024-01-08 05:18:18'),
(1250, 26, 25, 100, 100, NULL, '2024-01-08 05:19:19'),
(1251, 26, 16, 65, 65, NULL, '2024-01-08 05:19:34'),
(1252, 26, 4, 16, 16, NULL, '2024-01-08 05:20:44'),
(1253, 26, 27, 108, 108, NULL, '2024-01-08 05:22:17'),
(1254, 26, 3, 10, 10, NULL, '2024-01-08 05:22:24'),
(1255, 26, 14, 55, 55, NULL, '2024-01-08 05:22:48'),
(1256, 26, 45, 181, 181, NULL, '2024-01-08 05:23:02'),
(1257, 26, 29, 115, 115, NULL, '2024-01-08 05:23:25'),
(1258, 26, 2, 5, 5, NULL, '2024-01-08 05:23:40'),
(1259, 26, 32, 128, 128, NULL, '2024-01-08 05:23:51'),
(1260, 26, 24, 97, 97, NULL, '2024-01-08 05:24:24'),
(1261, 26, 23, 93, 93, NULL, '2024-01-08 05:25:18'),
(1262, 26, 21, 83, 83, NULL, '2024-01-08 05:26:21'),
(1263, 26, 19, 75, 75, NULL, '2024-01-08 05:26:49'),
(1264, 26, 7, 28, 28, NULL, '2024-01-08 05:28:40'),
(1265, 26, 5, 19, 19, NULL, '2024-01-08 05:30:04'),
(1266, 26, 44, 176, 176, NULL, '2024-01-08 05:30:18'),
(1267, 26, 8, 31, 31, NULL, '2024-01-08 05:30:32'),
(1268, 26, 22, 88, 88, NULL, '2024-01-08 05:32:00'),
(1269, 26, 37, 147, 147, NULL, '2024-01-08 05:33:03'),
(1270, 26, 6, 22, 22, NULL, '2024-01-08 05:33:59'),
(1271, 26, 28, 110, 110, NULL, '2024-01-08 05:34:52'),
(1272, 26, 17, 67, 67, NULL, '2024-01-08 05:35:04'),
(1273, 26, 11, 44, 44, NULL, '2024-01-08 05:35:19'),
(1274, 26, 38, 151, 151, NULL, '2024-01-08 05:35:42'),
(1275, 26, 46, 185, 185, NULL, '2024-01-08 05:35:58'),
(1276, 26, 20, 80, 80, NULL, '2024-01-08 05:36:10'),
(1277, 26, 26, 102, 102, NULL, '2024-01-08 05:36:32'),
(1278, 26, 43, 171, 171, NULL, '2024-01-08 05:36:54'),
(1279, 26, 18, 71, 71, NULL, '2024-01-08 05:37:33'),
(1280, 26, 39, 157, 157, NULL, '2024-01-08 05:37:55'),
(1281, 26, 12, 46, 46, NULL, '2024-01-08 05:38:48'),
(1282, 26, 13, 51, 51, NULL, '2024-01-08 05:39:28'),
(1283, 26, 49, 194, 194, NULL, '2024-01-08 05:40:22'),
(1284, 26, 33, 133, 133, NULL, '2024-01-08 05:40:33'),
(1285, 26, 48, 190, 190, NULL, '2024-01-08 05:40:42'),
(1286, 26, 40, 158, 158, NULL, '2024-01-08 05:41:07'),
(1287, 26, 31, 122, 122, NULL, '2024-01-08 05:41:19'),
(1288, 26, 36, 142, 142, NULL, '2024-01-08 05:41:46'),
(1289, 26, 42, 169, 169, NULL, '2024-01-08 05:42:16'),
(1290, 26, 47, 189, 189, NULL, '2024-01-08 05:45:01'),
(1291, 26, 30, 121, 121, NULL, '2024-01-08 05:43:14'),
(1292, 26, 10, 37, 37, NULL, '2024-01-08 05:43:28'),
(1293, 26, 50, 199, 199, NULL, '2024-01-08 05:44:22'),
(1294, 26, 35, 139, 139, NULL, '2024-01-08 05:44:41'),
(1295, 26, 1, 4, 4, NULL, '2024-01-08 05:46:04'),
(1296, 27, 24, 97, 97, NULL, '2024-01-08 07:45:14'),
(1297, 27, 13, 51, 51, NULL, '2024-01-08 07:46:05'),
(1298, 27, 47, 189, 189, NULL, '2024-01-08 07:47:48'),
(1299, 27, 8, 32, 32, NULL, '2024-01-08 07:48:17'),
(1300, 27, 19, 74, 74, NULL, '2024-01-08 07:49:00'),
(1301, 27, 23, 93, 93, NULL, '2024-01-08 07:49:34'),
(1302, 27, 1, 4, 4, NULL, '2024-01-08 07:50:09'),
(1303, 27, 12, 47, 47, NULL, '2024-01-08 07:50:40'),
(1304, 27, 46, 185, 185, NULL, '2024-01-08 07:50:53'),
(1305, 27, 35, 140, 140, NULL, '2024-01-08 07:52:09'),
(1306, 27, 32, 128, 128, NULL, '2024-01-08 07:52:17'),
(1307, 27, 40, 161, 161, NULL, '2024-01-08 07:54:02'),
(1308, 27, 29, 115, 115, NULL, '2024-01-08 07:54:38'),
(1309, 27, 18, 71, 71, NULL, '2024-01-08 07:54:53'),
(1310, 27, 14, 55, 55, NULL, '2024-01-08 07:55:12'),
(1311, 27, 28, 110, 110, NULL, '2024-01-08 07:55:44'),
(1312, 27, 22, 88, 88, NULL, '2024-01-08 07:56:41'),
(1313, 27, 2, 5, 5, NULL, '2024-01-08 07:57:56'),
(1314, 27, 36, 145, 145, NULL, '2024-01-08 07:58:11'),
(1315, 27, 15, 60, 60, NULL, '2024-01-08 07:58:33'),
(1316, 27, 30, 121, 121, NULL, '2024-01-08 07:59:19'),
(1317, 27, 34, 137, 137, NULL, '2024-01-08 07:59:48'),
(1318, 27, 45, 181, 181, NULL, '2024-01-08 08:01:28'),
(1319, 27, 9, 34, 34, NULL, '2024-01-08 08:01:57'),
(1320, 27, 6, 22, 22, NULL, '2024-01-08 08:02:33'),
(1321, 27, 7, 25, 25, NULL, '2024-01-08 08:03:27'),
(1322, 27, 5, 20, 20, NULL, '2024-01-08 08:04:18'),
(1323, 27, 16, 65, 65, NULL, '2024-01-08 08:04:33'),
(1324, 27, 4, 13, 13, NULL, '2024-01-08 08:05:03'),
(1325, 27, 37, 147, 147, NULL, '2024-01-08 08:05:17'),
(1326, 27, 41, 162, 162, NULL, '2024-01-08 08:05:32'),
(1327, 27, 11, 44, 44, NULL, '2024-01-08 08:05:54'),
(1328, 27, 50, 199, 199, NULL, '2024-01-08 08:06:33'),
(1329, 27, 38, 151, 151, NULL, '2024-01-08 08:06:51'),
(1330, 27, 48, 190, 190, NULL, '2024-01-08 08:07:08'),
(1331, 27, 31, 122, 122, NULL, '2024-01-08 08:07:24'),
(1332, 27, 17, 67, 67, NULL, '2024-01-08 08:07:40'),
(1333, 27, 43, 171, 171, NULL, '2024-01-08 08:07:53'),
(1334, 27, 3, 10, 10, NULL, '2024-01-08 08:08:06'),
(1335, 27, 49, 194, 194, NULL, '2024-01-08 08:08:16'),
(1336, 27, 39, 157, 157, NULL, '2024-01-08 08:08:54'),
(1337, 27, 27, 107, 107, NULL, '2024-01-08 08:10:21'),
(1338, 27, 42, 169, 169, NULL, '2024-01-08 08:10:51'),
(1339, 27, 44, 176, 176, NULL, '2024-01-08 08:11:01'),
(1340, 27, 21, 83, 83, NULL, '2024-01-08 08:11:31'),
(1341, 28, 31, 123, 123, NULL, '2024-01-08 08:12:10'),
(1342, 28, 42, 169, 169, NULL, '2024-01-08 08:12:13'),
(1343, 28, 13, 51, 51, NULL, '2024-01-08 08:12:15'),
(1344, 28, 38, 153, 153, NULL, '2024-01-08 08:12:18'),
(1345, 28, 47, 188, 188, NULL, '2024-01-08 08:12:21'),
(1346, 28, 30, 121, 121, NULL, '2024-01-08 08:12:23'),
(1347, 28, 3, 9, 9, NULL, '2024-01-08 08:12:24'),
(1348, 28, 46, 185, 185, NULL, '2024-01-08 08:12:27'),
(1349, 28, 10, 39, 39, NULL, '2024-01-08 08:12:29'),
(1350, 28, 9, 33, 33, NULL, '2024-01-08 08:12:31'),
(1351, 28, 43, 171, 171, NULL, '2024-01-08 08:12:34'),
(1352, 28, 6, 21, 21, NULL, '2024-01-08 08:12:38'),
(1353, 28, 5, 18, 18, NULL, '2024-01-08 08:12:40'),
(1354, 28, 41, 165, 165, NULL, '2024-01-08 08:12:43'),
(1355, 28, 36, 145, 145, NULL, '2024-01-08 08:12:46'),
(1356, 28, 1, 4, 4, NULL, '2024-01-08 08:12:47'),
(1357, 28, 14, 56, 56, NULL, '2024-01-08 08:12:49'),
(1358, 27, 26, 102, 102, NULL, '2024-01-08 08:12:51'),
(1359, 28, 44, 177, 177, NULL, '2024-01-08 08:12:52'),
(1360, 28, 19, 74, 74, NULL, '2024-01-08 08:12:54'),
(1361, 28, 8, 30, 30, NULL, '2024-01-08 08:12:55'),
(1362, 28, 2, 7, 7, NULL, '2024-01-08 08:12:57'),
(1363, 28, 18, 71, 71, NULL, '2024-01-08 08:12:59'),
(1364, 28, 7, 27, 27, NULL, '2024-01-08 08:13:00'),
(1365, 27, 33, 133, 133, NULL, '2024-01-08 08:13:02'),
(1366, 28, 37, 146, 146, NULL, '2024-01-08 08:13:03'),
(1367, 28, 50, 201, 201, NULL, '2024-01-08 08:13:07'),
(1368, 28, 49, 194, 194, NULL, '2024-01-08 08:13:09'),
(1369, 28, 26, 104, 104, NULL, '2024-01-08 08:13:12'),
(1370, 28, 48, 193, 193, NULL, '2024-01-08 08:13:14'),
(1371, 28, 29, 115, 115, NULL, '2024-01-08 08:13:15'),
(1372, 28, 45, 179, 179, NULL, '2024-01-08 08:13:18'),
(1373, 28, 35, 141, 141, NULL, '2024-01-08 08:13:21'),
(1374, 28, 11, 45, 45, NULL, '2024-01-08 08:13:22'),
(1375, 28, 40, 159, 159, NULL, '2024-01-08 08:13:25'),
(1376, 28, 20, 78, 78, NULL, '2024-01-08 08:13:27'),
(1377, 28, 27, 108, 108, NULL, '2024-01-08 08:13:29'),
(1378, 28, 21, 85, 85, NULL, '2024-01-08 08:13:32'),
(1379, 28, 22, 89, 89, NULL, '2024-01-08 08:13:36'),
(1380, 28, 16, 62, 62, NULL, '2024-01-08 08:13:39'),
(1381, 28, 34, 134, 134, NULL, '2024-01-08 08:13:42'),
(1382, 28, 32, 127, 127, NULL, '2024-01-08 08:13:45'),
(1383, 27, 10, 37, 37, NULL, '2024-01-08 08:13:45'),
(1384, 28, 24, 97, 97, NULL, '2024-01-08 08:13:58'),
(1385, 28, 25, 101, 101, NULL, '2024-01-08 08:14:00'),
(1386, 28, 15, 61, 61, NULL, '2024-01-08 08:14:01'),
(1387, 28, 12, 46, 46, NULL, '2024-01-08 08:14:03'),
(1388, 28, 4, 15, 15, NULL, '2024-01-08 08:14:04'),
(1389, 28, 39, 156, 156, NULL, '2024-01-08 08:14:06'),
(1390, 28, 28, 110, 110, NULL, '2024-01-08 08:14:08'),
(1391, 28, 33, 133, 133, NULL, '2024-01-08 08:14:11'),
(1392, 28, 17, 68, 68, NULL, '2024-01-08 08:14:13'),
(1393, 28, 23, 91, 91, NULL, '2024-01-08 08:14:14'),
(1394, 27, 25, 100, 100, NULL, '2024-01-08 08:15:06'),
(1395, 27, 20, 80, 80, NULL, '2024-01-08 08:15:18'),
(1396, 29, 20, 78, 78, NULL, '2024-01-08 08:20:38'),
(1397, 29, 5, 17, 17, NULL, '2024-01-08 08:20:40'),
(1398, 29, 10, 41, 41, NULL, '2024-01-08 08:20:43'),
(1399, 29, 50, 198, 198, NULL, '2024-01-08 08:20:47'),
(1400, 29, 31, 123, 123, NULL, '2024-01-08 08:20:54'),
(1401, 29, 46, 183, 183, NULL, '2024-01-08 08:21:01'),
(1402, 29, 38, 151, 151, NULL, '2024-01-08 08:21:11'),
(1403, 29, 4, 14, 14, NULL, '2024-01-08 08:21:17'),
(1404, 29, 12, 47, 47, NULL, '2024-01-08 08:21:31'),
(1405, 29, 21, 83, 83, NULL, '2024-01-08 08:21:33'),
(1406, 29, 47, 188, 188, NULL, '2024-01-08 08:21:49'),
(1407, 29, 26, 103, 103, NULL, '2024-01-08 08:21:54'),
(1408, 29, 35, 138, 138, NULL, '2024-01-08 08:22:15'),
(1409, 29, 34, 135, 135, NULL, '2024-01-08 08:22:19'),
(1410, 29, 3, 9, 9, NULL, '2024-01-08 08:22:27'),
(1411, 29, 36, 143, 143, NULL, '2024-01-08 08:22:42'),
(1412, 29, 40, 159, 159, NULL, '2024-01-08 08:22:58'),
(1413, 29, 29, 117, 117, NULL, '2024-01-08 08:23:06'),
(1414, 29, 49, 195, 195, NULL, '2024-01-08 08:23:14'),
(1415, 29, 7, 25, 25, NULL, '2024-01-08 08:23:23'),
(1416, 29, 39, 156, 156, NULL, '2024-01-08 08:23:34'),
(1417, 29, 24, 95, 95, NULL, '2024-01-08 08:23:49'),
(1418, 29, 11, 44, 44, NULL, '2024-01-08 08:23:49'),
(1419, 29, 45, 180, 180, NULL, '2024-01-08 08:24:00'),
(1420, 29, 30, 119, 119, NULL, '2024-01-08 08:24:07'),
(1421, 29, 27, 108, 108, NULL, '2024-01-08 08:24:18'),
(1422, 29, 25, 98, 98, NULL, '2024-01-08 08:37:15'),
(1423, 29, 6, 22, 22, NULL, '2024-01-08 08:37:29'),
(1424, 29, 9, 34, 34, NULL, '2024-01-08 08:37:33'),
(1425, 29, 16, 65, 65, NULL, '2024-01-08 08:37:34'),
(1426, 29, 48, 191, 191, NULL, '2024-01-08 08:37:40'),
(1427, 29, 28, 110, 110, NULL, '2024-01-08 08:37:41'),
(1428, 29, 18, 73, 73, NULL, '2024-01-08 08:37:43'),
(1429, 29, 42, 167, 167, NULL, '2024-01-08 08:37:47'),
(1430, 29, 41, 162, 162, NULL, '2024-01-08 08:37:51'),
(1431, 29, 37, 146, 146, NULL, '2024-01-08 08:37:55'),
(1432, 29, 32, 129, 129, NULL, '2024-01-08 08:37:59'),
(1433, 29, 22, 89, 89, NULL, '2024-01-08 08:38:04'),
(1434, 29, 44, 177, 177, NULL, '2024-01-08 08:38:09'),
(1435, 29, 43, 170, 170, NULL, '2024-01-08 08:38:11'),
(1436, 29, 13, 51, 51, NULL, '2024-01-08 08:38:14'),
(1437, 29, 17, 66, 66, NULL, '2024-01-08 08:38:17'),
(1438, 29, 8, 29, 29, NULL, '2024-01-08 08:38:19'),
(1439, 29, 1, 1, 1, NULL, '2024-01-08 08:38:25'),
(1440, 29, 15, 58, 58, NULL, '2024-01-08 08:38:29'),
(1441, 29, 2, 8, 8, NULL, '2024-01-08 08:38:32'),
(1442, 29, 14, 57, 57, NULL, '2024-01-08 08:38:45'),
(1443, 29, 33, 133, 133, NULL, '2024-01-08 08:38:55'),
(1444, 29, 19, 77, 77, NULL, '2024-01-08 08:38:56'),
(1445, 29, 23, 90, 90, NULL, '2024-01-08 08:39:01'),
(1446, 30, 5, 19, 19, NULL, '2024-01-08 09:20:39'),
(1447, 30, 20, 80, 80, NULL, '2024-01-08 09:23:08'),
(1448, 30, 49, 194, 194, NULL, '2024-01-08 09:24:18'),
(1449, 30, 37, 147, 147, NULL, '2024-01-08 09:25:18'),
(1450, 30, 39, 157, 157, NULL, '2024-01-08 09:25:29'),
(1451, 30, 40, 160, 160, NULL, '2024-01-08 09:25:35'),
(1452, 30, 50, 201, 201, NULL, '2024-01-08 09:26:32'),
(1453, 30, 43, 171, 171, NULL, '2024-01-08 09:27:50'),
(1454, 30, 29, 117, 117, NULL, '2024-01-08 09:28:00'),
(1455, 30, 35, 139, 139, NULL, '2024-01-08 09:28:23'),
(1456, 30, 30, 121, 121, NULL, '2024-01-08 09:28:46'),
(1457, 30, 6, 21, 21, NULL, '2024-01-08 09:31:00'),
(1458, 30, 28, 110, 110, NULL, '2024-01-08 09:31:39'),
(1459, 30, 17, 67, 67, NULL, '2024-01-08 09:32:02'),
(1460, 30, 27, 108, 108, NULL, '2024-01-08 09:32:59'),
(1461, 30, 2, 6, 6, NULL, '2024-01-08 09:33:17'),
(1462, 30, 25, 99, 99, NULL, '2024-01-08 09:33:39'),
(1463, 30, 31, 122, 122, NULL, '2024-01-08 09:34:50'),
(1464, 30, 7, 27, 27, NULL, '2024-01-08 09:35:20'),
(1465, 30, 42, 168, 168, NULL, '2024-01-08 09:35:34'),
(1466, 30, 36, 145, 145, NULL, '2024-01-08 09:38:28'),
(1467, 30, 22, 89, 89, NULL, '2024-01-08 09:38:32'),
(1468, 30, 9, 35, 35, NULL, '2024-01-08 09:38:33'),
(1469, 30, 38, 151, 151, NULL, '2024-01-08 09:38:35'),
(1470, 30, 3, 9, 9, NULL, '2024-01-08 09:39:18'),
(1471, 30, 24, 97, 97, NULL, '2024-01-08 09:39:46'),
(1472, 30, 14, 55, 55, NULL, '2024-01-08 09:41:02'),
(1473, 30, 15, 60, 60, NULL, '2024-01-08 09:41:32'),
(1474, 31, 19, 74, 74, NULL, '2024-01-08 09:42:14'),
(1475, 30, 45, 181, 181, NULL, '2024-01-08 09:42:16'),
(1476, 30, 19, 74, 74, NULL, '2024-01-08 09:42:26'),
(1477, 30, 18, 72, 72, NULL, '2024-01-08 09:42:35'),
(1478, 31, 5, 18, 18, NULL, '2024-01-08 09:43:01'),
(1479, 30, 46, 185, 185, NULL, '2024-01-08 09:43:18'),
(1480, 31, 27, 108, 108, NULL, '2024-01-08 09:43:22'),
(1481, 31, 35, 138, 138, NULL, '2024-01-08 09:43:25'),
(1482, 31, 21, 85, 85, NULL, '2024-01-08 09:43:28'),
(1483, 31, 20, 81, 81, NULL, '2024-01-08 09:43:31'),
(1484, 31, 32, 129, 129, NULL, '2024-01-08 09:43:34'),
(1485, 31, 4, 13, 13, NULL, '2024-01-08 09:43:46'),
(1486, 30, 47, 189, 189, NULL, '2024-01-08 09:43:38'),
(1487, 31, 18, 73, 73, NULL, '2024-01-08 09:43:40'),
(1488, 31, 3, 12, 12, NULL, '2024-01-08 09:43:55'),
(1489, 30, 48, 190, 190, NULL, '2024-01-08 09:43:56'),
(1490, 31, 50, 198, 198, NULL, '2024-01-08 09:43:58'),
(1491, 31, 26, 102, 102, NULL, '2024-01-08 09:44:02'),
(1492, 31, 25, 101, 101, NULL, '2024-01-08 09:44:05'),
(1493, 31, 6, 24, 24, NULL, '2024-01-08 09:44:08'),
(1494, 31, 22, 89, 89, NULL, '2024-01-08 09:44:11'),
(1495, 31, 15, 59, 59, NULL, '2024-01-08 09:44:15'),
(1496, 31, 12, 48, 48, NULL, '2024-01-08 09:44:18'),
(1497, 31, 29, 114, 114, NULL, '2024-01-08 09:44:21'),
(1498, 31, 13, 52, 52, NULL, '2024-01-08 09:44:24'),
(1499, 31, 46, 184, 184, NULL, '2024-01-08 09:44:27'),
(1500, 31, 9, 34, 34, NULL, '2024-01-08 09:44:30'),
(1501, 31, 28, 113, 113, NULL, '2024-01-08 09:44:32'),
(1502, 30, 11, 45, 45, NULL, '2024-01-08 09:44:34'),
(1503, 31, 38, 152, 152, NULL, '2024-01-08 09:44:35'),
(1504, 31, 8, 31, 31, NULL, '2024-01-08 09:44:41'),
(1505, 31, 31, 122, 122, NULL, '2024-01-08 09:44:44'),
(1506, 31, 2, 7, 7, NULL, '2024-01-08 09:44:47'),
(1507, 31, 33, 132, 132, NULL, '2024-01-08 09:44:50'),
(1508, 31, 37, 149, 149, NULL, '2024-01-08 09:44:54'),
(1509, 31, 16, 64, 64, NULL, '2024-01-08 09:44:57'),
(1510, 31, 11, 42, 42, NULL, '2024-01-08 09:45:00'),
(1511, 31, 1, 1, 1, NULL, '2024-01-08 09:45:04'),
(1512, 31, 39, 156, 156, NULL, '2024-01-08 09:45:08'),
(1513, 31, 49, 195, 195, NULL, '2024-01-08 09:45:11'),
(1514, 31, 34, 137, 137, NULL, '2024-01-08 09:45:14'),
(1515, 31, 42, 166, 166, NULL, '2024-01-08 09:45:17'),
(1516, 31, 14, 56, 56, NULL, '2024-01-08 09:45:20'),
(1517, 31, 41, 162, 162, NULL, '2024-01-08 09:45:23'),
(1518, 31, 36, 142, 142, NULL, '2024-01-08 09:45:27'),
(1519, 30, 1, 2, 2, NULL, '2024-01-08 09:45:29'),
(1520, 31, 40, 158, 158, NULL, '2024-01-08 09:45:31'),
(1521, 31, 7, 27, 27, NULL, '2024-01-08 09:45:34'),
(1522, 31, 47, 187, 187, NULL, '2024-01-08 09:45:38'),
(1523, 31, 48, 191, 191, NULL, '2024-01-08 09:45:42'),
(1524, 31, 24, 95, 95, NULL, '2024-01-08 09:45:46'),
(1525, 31, 43, 172, 172, NULL, '2024-01-08 09:45:49'),
(1526, 30, 32, 128, 128, NULL, '2024-01-08 09:45:49'),
(1527, 31, 17, 67, 67, NULL, '2024-01-08 09:45:52'),
(1528, 31, 45, 178, 178, NULL, '2024-01-08 09:45:55'),
(1529, 31, 10, 41, 41, NULL, '2024-01-08 09:45:58'),
(1530, 31, 44, 175, 175, NULL, '2024-01-08 09:46:01'),
(1531, 30, 33, 133, 133, NULL, '2024-01-08 09:46:02'),
(1532, 31, 30, 119, 119, NULL, '2024-01-08 09:46:05'),
(1533, 31, 23, 92, 92, NULL, '2024-01-08 09:46:08'),
(1534, 30, 34, 135, 135, NULL, '2024-01-08 09:46:51'),
(1535, 30, 16, 65, 65, NULL, '2024-01-08 09:47:46'),
(1536, 30, 4, 16, 16, NULL, '2024-01-08 09:48:33'),
(1537, 30, 13, 50, 50, NULL, '2024-01-08 09:49:12'),
(1538, 30, 12, 47, 47, NULL, '2024-01-08 09:49:20'),
(1539, 30, 41, 162, 162, NULL, '2024-01-08 09:50:14'),
(1540, 30, 23, 92, 92, NULL, '2024-01-08 09:50:33'),
(1541, 30, 44, 174, 174, NULL, '2024-01-08 09:51:21'),
(1542, 30, 26, 103, 103, NULL, '2024-01-08 09:51:36'),
(1543, 30, 8, 29, 29, NULL, '2024-01-08 09:51:40'),
(1544, 30, 21, 83, 83, NULL, '2024-01-08 09:51:46'),
(1545, 30, 10, 41, 41, NULL, '2024-01-08 09:52:14'),
(1546, 32, 11, 42, 42, NULL, '2024-01-08 10:30:44'),
(1547, 32, 9, 36, 36, NULL, '2024-01-08 10:30:45'),
(1548, 32, 10, 38, 38, NULL, '2024-01-08 10:30:46'),
(1549, 32, 42, 169, 169, NULL, '2024-01-08 10:30:50'),
(1550, 32, 2, 7, 7, NULL, '2024-01-08 10:30:52'),
(1551, 32, 31, 125, 125, NULL, '2024-01-08 10:30:55'),
(1552, 32, 1, 4, 4, NULL, '2024-01-08 10:30:56'),
(1553, 32, 29, 115, 115, NULL, '2024-01-08 10:30:58'),
(1554, 32, 27, 108, 108, NULL, '2024-01-08 10:30:59'),
(1555, 32, 33, 130, 130, NULL, '2024-01-08 10:31:02'),
(1556, 32, 34, 136, 136, NULL, '2024-01-08 10:31:04'),
(1557, 32, 35, 138, 138, NULL, '2024-01-08 10:31:06'),
(1558, 32, 4, 13, 13, NULL, '2024-01-08 10:31:07'),
(1559, 32, 45, 179, 179, NULL, '2024-01-08 10:31:10'),
(1560, 32, 16, 65, 65, NULL, '2024-01-08 10:31:12'),
(1561, 32, 7, 26, 26, NULL, '2024-01-08 10:31:13'),
(1562, 32, 44, 176, 176, NULL, '2024-01-08 10:31:15'),
(1563, 32, 26, 102, 102, NULL, '2024-01-08 10:31:16'),
(1564, 32, 50, 199, 199, NULL, '2024-01-08 10:31:18'),
(1565, 32, 24, 97, 97, NULL, '2024-01-08 10:31:21'),
(1566, 32, 47, 188, 188, NULL, '2024-01-08 10:31:24'),
(1567, 32, 43, 171, 171, NULL, '2024-01-08 10:31:29'),
(1568, 32, 15, 60, 60, NULL, '2024-01-08 10:31:31'),
(1569, 32, 25, 100, 100, NULL, '2024-01-08 10:31:32'),
(1570, 32, 38, 150, 150, NULL, '2024-01-08 10:31:34'),
(1571, 32, 32, 127, 127, NULL, '2024-01-08 10:31:39'),
(1572, 32, 19, 76, 76, NULL, '2024-01-08 10:31:40'),
(1573, 32, 49, 196, 196, NULL, '2024-01-08 10:31:43'),
(1574, 32, 14, 56, 56, NULL, '2024-01-08 10:31:44'),
(1575, 32, 20, 81, 81, NULL, '2024-01-08 10:31:48'),
(1576, 32, 3, 9, 9, NULL, '2024-01-08 10:31:50'),
(1577, 32, 28, 112, 112, NULL, '2024-01-08 10:31:51'),
(1578, 32, 36, 145, 145, NULL, '2024-01-08 10:31:53'),
(1579, 32, 48, 191, 191, NULL, '2024-01-08 10:31:55'),
(1580, 32, 22, 88, 88, NULL, '2024-01-08 10:31:56'),
(1581, 32, 30, 121, 121, NULL, '2024-01-08 10:31:57'),
(1582, 32, 41, 162, 162, NULL, '2024-01-08 10:31:59'),
(1583, 32, 23, 93, 93, NULL, '2024-01-08 10:32:01'),
(1584, 32, 46, 185, 185, NULL, '2024-01-08 10:32:03'),
(1585, 32, 39, 157, 157, NULL, '2024-01-08 10:32:06'),
(1586, 32, 18, 70, 70, NULL, '2024-01-08 10:32:07'),
(1587, 32, 40, 159, 159, NULL, '2024-01-08 10:32:09'),
(1588, 32, 5, 18, 18, NULL, '2024-01-08 10:32:11'),
(1589, 32, 8, 30, 30, NULL, '2024-01-08 10:32:12'),
(1590, 32, 13, 50, 50, NULL, '2024-01-08 10:32:13'),
(1591, 32, 17, 68, 68, NULL, '2024-01-08 10:32:14'),
(1592, 32, 6, 23, 23, NULL, '2024-01-08 10:32:15'),
(1593, 32, 12, 48, 48, NULL, '2024-01-08 10:32:17'),
(1594, 32, 37, 149, 149, NULL, '2024-01-08 10:32:18'),
(1595, 32, 21, 82, 82, NULL, '2024-01-08 10:34:17'),
(1596, 33, 5, 19, 19, NULL, '2024-01-08 11:02:23'),
(1597, 33, 48, 190, 190, NULL, '2024-01-08 11:05:18'),
(1598, 33, 35, 139, 139, NULL, '2024-01-08 11:06:31'),
(1599, 33, 9, 35, 35, NULL, '2024-01-08 11:06:48'),
(1600, 34, 41, 162, 162, NULL, '2024-01-08 11:07:43'),
(1601, 33, 27, 107, 107, NULL, '2024-01-08 11:07:58'),
(1602, 34, 33, 133, 133, NULL, '2024-01-08 11:08:23'),
(1603, 34, 20, 80, 80, NULL, '2024-01-08 11:08:59'),
(1604, 33, 14, 54, 54, NULL, '2024-01-08 11:09:05'),
(1605, 34, 43, 171, 171, NULL, '2024-01-08 11:09:18'),
(1606, 33, 46, 185, 185, NULL, '2024-01-08 11:09:25'),
(1607, 34, 25, 99, 99, NULL, '2024-01-08 11:10:29'),
(1608, 33, 47, 189, 189, NULL, '2024-01-08 11:10:44'),
(1609, 33, 7, 25, 25, NULL, '2024-01-08 11:11:15'),
(1610, 34, 22, 88, 88, NULL, '2024-01-08 11:11:44'),
(1611, 33, 30, 118, 118, NULL, '2024-01-08 11:12:12'),
(1612, 33, 19, 77, 77, NULL, '2024-01-08 11:12:23'),
(1613, 34, 37, 147, 147, NULL, '2024-01-08 11:12:24'),
(1614, 33, 25, 99, 99, NULL, '2024-01-08 11:13:10'),
(1615, 34, 27, 108, 108, NULL, '2024-01-08 11:13:21'),
(1616, 33, 2, 5, 5, NULL, '2024-01-08 11:13:21'),
(1617, 33, 16, 63, 63, NULL, '2024-01-08 11:13:25'),
(1618, 33, 20, 80, 80, NULL, '2024-01-08 11:13:36'),
(1619, 34, 32, 128, 128, NULL, '2024-01-08 11:13:52'),
(1620, 34, 16, 65, 65, NULL, '2024-01-08 11:14:07'),
(1621, 33, 36, 144, 144, NULL, '2024-01-08 11:14:28'),
(1622, 34, 18, 72, 72, NULL, '2024-01-08 11:14:33'),
(1623, 34, 11, 44, 44, NULL, '2024-01-08 11:14:55'),
(1624, 34, 30, 118, 118, NULL, '2024-01-08 11:15:43'),
(1625, 33, 44, 176, 176, NULL, '2024-01-08 11:15:46'),
(1626, 34, 6, 22, 22, NULL, '2024-01-08 11:15:55'),
(1627, 33, 1, 1, 1, NULL, '2024-01-08 11:15:59'),
(1628, 34, 5, 18, 18, NULL, '2024-01-08 11:16:07'),
(1629, 33, 40, 160, 160, NULL, '2024-01-08 11:16:36'),
(1630, 34, 45, 181, 181, NULL, '2024-01-08 11:16:47'),
(1631, 34, 4, 16, 16, NULL, '2024-01-08 11:17:05'),
(1632, 34, 46, 185, 185, NULL, '2024-01-08 11:17:23'),
(1633, 34, 42, 169, 169, NULL, '2024-01-08 11:17:34'),
(1634, 33, 38, 150, 150, NULL, '2024-01-08 11:17:44'),
(1635, 34, 1, 1, 1, NULL, '2024-01-08 11:17:54'),
(1636, 33, 6, 23, 23, NULL, '2024-01-08 11:18:08'),
(1637, 35, 32, 128, 128, NULL, '2024-01-08 11:18:13'),
(1638, 33, 43, 171, 171, NULL, '2024-01-08 11:18:21'),
(1639, 34, 29, 116, 116, NULL, '2024-01-08 11:18:53'),
(1640, 33, 50, 199, 199, NULL, '2024-01-08 11:19:12'),
(1641, 33, 42, 169, 169, NULL, '2024-01-08 11:19:23'),
(1642, 34, 35, 138, 138, NULL, '2024-01-08 11:19:30'),
(1643, 33, 3, 10, 10, NULL, '2024-01-08 11:19:37'),
(1644, 34, 17, 66, 66, NULL, '2024-01-08 11:19:58'),
(1645, 34, 19, 75, 75, NULL, '2024-01-08 11:20:09'),
(1646, 35, 48, 190, 190, NULL, '2024-01-08 11:20:18'),
(1647, 34, 9, 33, 33, NULL, '2024-01-08 11:20:21'),
(1648, 33, 29, 115, 115, NULL, '2024-01-08 11:20:32'),
(1649, 33, 11, 42, 42, NULL, '2024-01-08 11:20:36'),
(1650, 33, 18, 72, 72, NULL, '2024-01-08 11:20:40'),
(1651, 34, 10, 38, 38, NULL, '2024-01-08 11:20:42'),
(1652, 33, 34, 134, 134, NULL, '2024-01-08 11:20:49'),
(1653, 33, 45, 181, 181, NULL, '2024-01-08 11:20:59'),
(1654, 35, 24, 97, 97, NULL, '2024-01-08 11:21:00'),
(1655, 33, 15, 61, 61, NULL, '2024-01-08 11:21:05'),
(1656, 33, 39, 157, 157, NULL, '2024-01-08 11:21:14'),
(1657, 33, 22, 86, 86, NULL, '2024-01-08 11:21:39'),
(1658, 33, 8, 31, 31, NULL, '2024-01-08 11:21:58'),
(1659, 33, 17, 66, 66, NULL, '2024-01-08 11:22:00'),
(1660, 35, 19, 75, 75, NULL, '2024-01-08 11:22:06'),
(1661, 33, 31, 125, 125, NULL, '2024-01-08 11:22:48'),
(1662, 35, 50, 201, 201, NULL, '2024-01-08 11:23:04'),
(1663, 33, 49, 194, 194, NULL, '2024-01-08 11:23:13'),
(1664, 33, 41, 162, 162, NULL, '2024-01-08 11:23:25'),
(1665, 33, 13, 52, 52, NULL, '2024-01-08 11:23:29'),
(1666, 33, 26, 102, 102, NULL, '2024-01-08 11:23:47'),
(1667, 33, 32, 128, 128, NULL, '2024-01-08 11:24:02'),
(1668, 35, 21, 82, 82, NULL, '2024-01-08 11:24:03'),
(1669, 36, 28, 110, 110, NULL, '2024-01-08 11:24:06'),
(1670, 33, 37, 147, 147, NULL, '2024-01-08 11:24:13'),
(1671, 34, 39, 157, 157, NULL, '2024-01-08 11:24:13'),
(1672, 33, 4, 15, 15, NULL, '2024-01-08 11:24:14'),
(1673, 33, 21, 85, 85, NULL, '2024-01-08 11:24:32'),
(1674, 34, 13, 50, 50, NULL, '2024-01-08 11:24:34'),
(1675, 33, 10, 38, 38, NULL, '2024-01-08 11:24:39'),
(1676, 33, 24, 97, 97, NULL, '2024-01-08 11:24:46'),
(1677, 34, 7, 26, 26, NULL, '2024-01-08 11:25:04'),
(1678, 33, 23, 90, 90, NULL, '2024-01-08 11:25:13'),
(1679, 34, 48, 190, 190, NULL, '2024-01-08 11:25:26'),
(1680, 35, 7, 28, 28, NULL, '2024-01-08 11:25:29'),
(1681, 33, 33, 133, 133, NULL, '2024-01-08 11:25:38'),
(1682, 33, 28, 113, 113, NULL, '2024-01-08 11:25:48'),
(1683, 33, 12, 49, 49, NULL, '2024-01-08 11:25:52'),
(1684, 35, 40, 160, 160, NULL, '2024-01-08 11:26:00'),
(1685, 34, 40, 161, 161, NULL, '2024-01-08 11:26:15'),
(1686, 34, 15, 60, 60, NULL, '2024-01-08 11:26:33'),
(1687, 36, 5, 19, 19, NULL, '2024-01-08 11:26:57'),
(1688, 34, 14, 55, 55, NULL, '2024-01-08 11:27:01'),
(1689, 34, 31, 125, 125, NULL, '2024-01-08 11:27:19'),
(1690, 35, 15, 60, 60, NULL, '2024-01-08 11:27:21'),
(1691, 36, 21, 83, 83, NULL, '2024-01-08 11:28:07'),
(1692, 34, 38, 150, 150, NULL, '2024-01-08 11:28:11'),
(1693, 35, 42, 168, 168, NULL, '2024-01-08 11:28:42'),
(1694, 36, 2, 5, 5, NULL, '2024-01-08 11:29:07'),
(1695, 34, 21, 83, 83, NULL, '2024-01-08 11:29:11'),
(1696, 35, 2, 5, 5, NULL, '2024-01-08 11:29:16'),
(1697, 36, 41, 162, 162, NULL, '2024-01-08 11:56:01'),
(1698, 34, 8, 31, 31, NULL, '2024-01-08 11:29:35'),
(1699, 35, 47, 189, 189, NULL, '2024-01-08 11:30:01'),
(1700, 34, 24, 97, 97, NULL, '2024-01-08 11:30:06'),
(1701, 36, 12, 47, 47, NULL, '2024-01-08 11:30:44'),
(1702, 35, 35, 139, 139, NULL, '2024-01-08 11:31:25'),
(1703, 36, 14, 55, 55, NULL, '2024-01-08 11:31:31'),
(1704, 34, 23, 91, 91, NULL, '2024-01-08 11:31:31'),
(1705, 35, 3, 9, 9, NULL, '2024-01-08 11:32:00'),
(1706, 36, 13, 50, 50, NULL, '2024-01-08 11:32:18'),
(1707, 35, 36, 145, 145, NULL, '2024-01-08 11:32:58'),
(1708, 34, 50, 199, 199, NULL, '2024-01-08 11:33:06'),
(1709, 35, 23, 93, 93, NULL, '2024-01-08 11:33:32'),
(1710, 35, 4, 15, 15, NULL, '2024-01-08 11:34:02'),
(1711, 34, 28, 110, 110, NULL, '2024-01-08 11:34:20'),
(1712, 36, 36, 145, 145, NULL, '2024-01-08 11:34:45'),
(1713, 34, 49, 197, 197, NULL, '2024-01-08 11:35:02'),
(1714, 35, 8, 32, 32, NULL, '2024-01-08 11:35:08'),
(1715, 34, 12, 47, 47, NULL, '2024-01-08 11:35:22'),
(1716, 34, 26, 102, 102, NULL, '2024-01-08 11:35:51'),
(1717, 36, 40, 160, 160, NULL, '2024-01-08 11:35:52'),
(1718, 34, 2, 5, 5, NULL, '2024-01-08 11:36:03'),
(1719, 34, 3, 11, 11, NULL, '2024-01-08 11:36:11'),
(1720, 36, 11, 45, 45, NULL, '2024-01-08 11:36:39'),
(1721, 35, 25, 100, 100, NULL, '2024-01-08 11:36:40'),
(1722, 35, 31, 122, 122, NULL, '2024-01-08 11:37:09'),
(1723, 36, 37, 147, 147, NULL, '2024-01-08 11:37:24'),
(1724, 34, 47, 189, 189, NULL, '2024-01-08 11:37:33'),
(1725, 34, 34, 137, 137, NULL, '2024-01-08 11:38:00'),
(1726, 36, 38, 151, 151, NULL, '2024-01-08 11:38:07'),
(1727, 35, 6, 24, 24, NULL, '2024-01-08 11:38:18'),
(1728, 36, 39, 157, 157, NULL, '2024-01-08 11:38:24'),
(1729, 34, 44, 176, 176, NULL, '2024-01-08 11:38:34'),
(1730, 34, 36, 144, 144, NULL, '2024-01-08 11:38:55'),
(1731, 35, 41, 162, 162, NULL, '2024-01-08 11:39:02'),
(1732, 37, 43, 171, 171, NULL, '2024-01-08 11:39:14'),
(1733, 37, 17, 67, 67, NULL, '2024-01-08 11:39:49'),
(1734, 37, 3, 10, 10, NULL, '2024-01-08 11:39:58'),
(1735, 35, 13, 53, 53, NULL, '2024-01-08 11:40:15'),
(1736, 37, 19, 77, 77, NULL, '2024-01-08 11:40:21'),
(1737, 35, 11, 44, 44, NULL, '2024-01-08 11:40:30'),
(1738, 37, 49, 194, 194, NULL, '2024-01-08 11:40:41'),
(1739, 37, 39, 155, 155, NULL, '2024-01-08 11:41:04'),
(1740, 37, 13, 50, 50, NULL, '2024-01-08 11:41:25'),
(1741, 36, 16, 65, 65, NULL, '2024-01-08 11:41:29'),
(1742, 35, 16, 65, 65, NULL, '2024-01-08 11:41:37'),
(1743, 37, 31, 122, 122, NULL, '2024-01-08 11:42:09'),
(1744, 35, 30, 121, 121, NULL, '2024-01-08 11:42:11'),
(1745, 37, 47, 189, 189, NULL, '2024-01-08 11:42:39'),
(1746, 36, 18, 73, 73, NULL, '2024-01-08 11:43:02'),
(1747, 36, 20, 80, 80, NULL, '2024-01-08 11:43:22'),
(1748, 37, 27, 107, 107, NULL, '2024-01-08 11:43:31'),
(1749, 35, 9, 35, 35, NULL, '2024-01-08 11:44:03'),
(1750, 37, 7, 27, 27, NULL, '2024-01-08 11:44:05'),
(1751, 36, 17, 67, 67, NULL, '2024-01-08 11:44:17'),
(1752, 37, 29, 115, 115, NULL, '2024-01-08 11:44:39'),
(1753, 35, 10, 37, 37, NULL, '2024-01-08 11:44:44'),
(1754, 36, 19, 77, 77, NULL, '2024-01-08 11:44:44'),
(1755, 37, 21, 83, 83, NULL, '2024-01-08 11:45:19'),
(1756, 37, 33, 130, 130, NULL, '2024-01-08 11:45:47'),
(1757, 35, 38, 151, 151, NULL, '2024-01-08 11:45:48'),
(1758, 37, 41, 162, 162, NULL, '2024-01-08 11:45:55'),
(1759, 37, 16, 65, 65, NULL, '2024-01-08 11:46:06'),
(1760, 37, 9, 36, 36, NULL, '2024-01-08 11:46:18'),
(1761, 37, 1, 3, 3, NULL, '2024-01-08 11:46:32'),
(1762, 37, 18, 71, 71, NULL, '2024-01-08 11:46:41'),
(1763, 35, 43, 173, 173, NULL, '2024-01-08 11:46:57'),
(1764, 37, 45, 181, 181, NULL, '2024-01-08 11:47:13'),
(1765, 37, 30, 121, 121, NULL, '2024-01-08 11:47:37'),
(1766, 35, 29, 115, 115, NULL, '2024-01-08 11:47:50'),
(1767, 37, 44, 176, 176, NULL, '2024-01-08 11:47:53'),
(1768, 37, 2, 7, 7, NULL, '2024-01-08 11:48:06'),
(1769, 36, 46, 185, 185, NULL, '2024-01-08 11:48:23'),
(1770, 37, 28, 110, 110, NULL, '2024-01-08 11:48:43'),
(1771, 35, 5, 18, 18, NULL, '2024-01-08 11:48:54'),
(1772, 36, 47, 189, 189, NULL, '2024-01-08 11:49:16'),
(1773, 35, 14, 55, 55, NULL, '2024-01-08 11:49:31'),
(1774, 35, 1, 1, 1, NULL, '2024-01-08 11:49:59'),
(1775, 37, 23, 93, 93, NULL, '2024-01-08 11:50:12'),
(1776, 35, 22, 88, 88, NULL, '2024-01-08 11:50:26'),
(1777, 37, 37, 147, 147, NULL, '2024-01-08 11:50:47'),
(1778, 37, 6, 24, 24, NULL, '2024-01-08 11:51:00'),
(1779, 37, 32, 128, 128, NULL, '2024-01-08 11:51:07'),
(1780, 37, 42, 169, 169, NULL, '2024-01-08 11:51:13'),
(1781, 36, 49, 194, 194, NULL, '2024-01-08 11:51:18'),
(1782, 35, 39, 157, 157, NULL, '2024-01-08 11:51:55'),
(1783, 37, 50, 199, 199, NULL, '2024-01-08 11:51:56'),
(1784, 37, 20, 80, 80, NULL, '2024-01-08 11:52:07'),
(1785, 35, 18, 72, 72, NULL, '2024-01-08 11:52:12'),
(1786, 37, 48, 190, 190, NULL, '2024-01-08 11:52:16'),
(1787, 35, 12, 47, 47, NULL, '2024-01-08 11:52:20'),
(1788, 37, 10, 40, 40, NULL, '2024-01-08 11:52:30'),
(1789, 36, 50, 200, 200, NULL, '2024-01-08 11:52:52'),
(1790, 35, 28, 110, 110, NULL, '2024-01-08 11:52:52'),
(1791, 37, 40, 161, 161, NULL, '2024-01-08 11:52:53'),
(1792, 35, 20, 78, 78, NULL, '2024-01-08 11:53:10'),
(1793, 35, 44, 176, 176, NULL, '2024-01-08 11:53:25'),
(1794, 37, 25, 100, 100, NULL, '2024-01-08 11:53:36'),
(1795, 35, 17, 68, 68, NULL, '2024-01-08 11:54:05'),
(1796, 37, 26, 102, 102, NULL, '2024-01-08 11:54:20'),
(1797, 37, 34, 137, 137, NULL, '2024-01-08 11:54:36'),
(1798, 36, 32, 128, 128, NULL, '2024-01-08 11:54:52'),
(1799, 37, 38, 151, 151, NULL, '2024-01-08 11:54:56'),
(1800, 37, 12, 47, 47, NULL, '2024-01-08 11:55:19'),
(1801, 36, 43, 171, 171, NULL, '2024-01-08 11:55:20'),
(1802, 35, 34, 136, 136, NULL, '2024-01-08 11:55:32'),
(1803, 38, 2, 5, 5, NULL, '2024-01-08 11:55:34'),
(1804, 35, 37, 147, 147, NULL, '2024-01-08 11:55:44'),
(1805, 35, 45, 179, 179, NULL, '2024-01-08 11:55:58'),
(1806, 35, 26, 102, 102, NULL, '2024-01-08 11:56:07'),
(1807, 35, 27, 108, 108, NULL, '2024-01-08 11:56:23'),
(1808, 37, 22, 88, 88, NULL, '2024-01-08 11:56:28'),
(1809, 36, 45, 181, 181, NULL, '2024-01-08 11:56:36'),
(1810, 37, 4, 14, 14, NULL, '2024-01-08 11:56:43'),
(1811, 37, 15, 60, 60, NULL, '2024-01-08 11:56:51'),
(1812, 35, 33, 133, 133, NULL, '2024-01-08 11:56:53'),
(1813, 38, 13, 50, 50, NULL, '2024-01-08 11:56:58'),
(1814, 37, 8, 31, 31, NULL, '2024-01-08 11:57:10'),
(1815, 38, 12, 47, 47, NULL, '2024-01-08 11:57:16'),
(1816, 35, 46, 185, 185, NULL, '2024-01-08 11:57:23'),
(1817, 35, 49, 194, 194, NULL, '2024-01-08 11:57:29'),
(1818, 38, 1, 4, 4, NULL, '2024-01-08 11:57:29'),
(1819, 36, 34, 137, 137, NULL, '2024-01-08 11:57:31'),
(1820, 37, 46, 185, 185, NULL, '2024-01-08 11:57:45'),
(1821, 37, 5, 18, 18, NULL, '2024-01-08 11:58:05'),
(1822, 37, 35, 138, 138, NULL, '2024-01-08 11:58:13'),
(1823, 36, 44, 176, 176, NULL, '2024-01-08 11:58:15'),
(1824, 37, 24, 97, 97, NULL, '2024-01-08 11:59:10'),
(1825, 36, 35, 138, 138, NULL, '2024-01-08 11:59:12'),
(1826, 38, 36, 145, 145, NULL, '2024-01-08 11:59:16'),
(1827, 37, 36, 145, 145, NULL, '2024-01-08 11:59:17'),
(1828, 37, 14, 54, 54, NULL, '2024-01-08 11:59:28'),
(1829, 36, 42, 168, 168, NULL, '2024-01-08 11:59:41'),
(1830, 37, 11, 44, 44, NULL, '2024-01-08 11:59:43'),
(1831, 36, 48, 190, 190, NULL, '2024-01-08 12:00:15'),
(1832, 38, 19, 77, 77, NULL, '2024-01-08 12:00:30'),
(1833, 36, 31, 122, 122, NULL, '2024-01-08 12:00:37'),
(1834, 36, 15, 61, 61, NULL, '2024-01-08 12:01:07'),
(1835, 38, 28, 110, 110, NULL, '2024-01-08 12:01:25'),
(1836, 38, 11, 44, 44, NULL, '2024-01-08 12:01:52'),
(1837, 36, 33, 133, 133, NULL, '2024-01-08 12:01:54'),
(1838, 38, 17, 67, 67, NULL, '2024-01-08 12:02:07'),
(1839, 38, 18, 72, 72, NULL, '2024-01-08 12:02:31'),
(1840, 38, 20, 80, 80, NULL, '2024-01-08 12:02:59'),
(1841, 36, 29, 115, 115, NULL, '2024-01-08 12:03:04'),
(1842, 36, 23, 93, 93, NULL, '2024-01-08 12:04:09'),
(1843, 36, 4, 14, 14, NULL, '2024-01-08 12:04:21'),
(1844, 36, 7, 25, 25, NULL, '2024-01-08 12:04:22'),
(1845, 36, 6, 22, 22, NULL, '2024-01-08 12:05:52'),
(1846, 40, 50, 201, 201, NULL, '2024-01-08 12:07:16'),
(1847, 40, 1, 2, 2, NULL, '2024-01-08 12:07:26'),
(1848, 40, 2, 8, 8, NULL, '2024-01-08 12:07:39'),
(1849, 40, 11, 43, 43, NULL, '2024-01-08 12:07:42'),
(1850, 40, 25, 98, 98, NULL, '2024-01-08 12:07:51'),
(1851, 38, 49, 194, 194, NULL, '2024-01-08 12:07:57'),
(1852, 38, 46, 185, 185, NULL, '2024-01-08 12:08:09'),
(1853, 36, 8, 31, 31, NULL, '2024-01-08 12:08:10'),
(1854, 39, 43, 171, 171, NULL, '2024-01-08 12:08:20'),
(1855, 38, 48, 190, 190, NULL, '2024-01-08 12:08:20'),
(1856, 40, 20, 78, 78, NULL, '2024-01-08 12:08:44'),
(1857, 40, 16, 63, 63, NULL, '2024-01-08 12:08:44'),
(1858, 40, 12, 49, 49, NULL, '2024-01-08 12:09:07'),
(1859, 36, 10, 38, 38, NULL, '2024-01-08 12:09:10'),
(1860, 40, 46, 185, 185, NULL, '2024-01-08 12:09:11'),
(1861, 39, 23, 93, 93, NULL, '2024-01-08 12:09:15'),
(1862, 40, 34, 136, 136, NULL, '2024-01-08 12:09:21'),
(1863, 40, 43, 172, 172, NULL, '2024-01-08 12:09:24'),
(1864, 40, 49, 195, 195, NULL, '2024-01-08 12:09:32'),
(1865, 40, 8, 32, 32, NULL, '2024-01-08 12:09:34'),
(1866, 40, 30, 118, 118, NULL, '2024-01-08 12:09:40'),
(1867, 40, 27, 106, 106, NULL, '2024-01-08 12:09:51'),
(1868, 40, 41, 163, 163, NULL, '2024-01-08 12:09:59'),
(1869, 40, 13, 51, 51, NULL, '2024-01-08 12:10:04'),
(1870, 40, 3, 11, 11, NULL, '2024-01-08 12:10:17'),
(1871, 40, 18, 71, 71, NULL, '2024-01-08 12:10:17'),
(1872, 38, 27, 108, 108, NULL, '2024-01-08 12:10:18'),
(1873, 40, 19, 74, 74, NULL, '2024-01-08 12:10:20'),
(1874, 40, 36, 144, 144, NULL, '2024-01-08 12:10:30'),
(1875, 40, 28, 112, 112, NULL, '2024-01-08 12:10:31'),
(1876, 40, 35, 138, 138, NULL, '2024-01-08 12:10:31'),
(1877, 36, 3, 10, 10, NULL, '2024-01-08 12:10:53'),
(1878, 38, 29, 114, 114, NULL, '2024-01-08 12:11:24'),
(1879, 36, 9, 34, 34, NULL, '2024-01-08 12:12:16'),
(1880, 38, 9, 36, 36, NULL, '2024-01-08 12:13:08'),
(1881, 36, 24, 97, 97, NULL, '2024-01-08 12:13:13'),
(1882, 36, 27, 109, 109, NULL, '2024-01-08 12:13:19'),
(1883, 38, 47, 189, 189, NULL, '2024-01-08 12:13:33'),
(1884, 38, 6, 24, 24, NULL, '2024-01-08 12:14:08'),
(1885, 36, 22, 88, 88, NULL, '2024-01-08 12:14:30'),
(1886, 38, 15, 61, 61, NULL, '2024-01-08 12:15:04'),
(1887, 36, 26, 102, 102, NULL, '2024-01-08 12:15:09'),
(1888, 38, 37, 147, 147, NULL, '2024-01-08 12:15:32'),
(1889, 38, 33, 133, 133, NULL, '2024-01-08 12:16:46'),
(1890, 36, 25, 99, 99, NULL, '2024-01-08 12:16:47'),
(1891, 38, 32, 128, 128, NULL, '2024-01-08 12:17:22'),
(1892, 38, 31, 122, 122, NULL, '2024-01-08 12:17:40'),
(1893, 39, 41, 162, 162, NULL, '2024-01-08 12:17:55'),
(1894, 39, 26, 102, 102, NULL, '2024-01-08 12:17:57'),
(1895, 39, 44, 174, 174, NULL, '2024-01-08 12:17:59'),
(1896, 39, 42, 168, 168, NULL, '2024-01-08 12:18:02'),
(1897, 39, 45, 181, 181, NULL, '2024-01-08 12:18:04'),
(1898, 38, 42, 169, 169, NULL, '2024-01-08 12:18:57'),
(1899, 36, 1, 1, 1, NULL, '2024-01-08 12:19:13'),
(1900, 40, 37, 147, 147, NULL, '2024-01-08 12:19:13'),
(1901, 40, 39, 157, 157, NULL, '2024-01-08 12:19:15'),
(1902, 40, 14, 57, 57, NULL, '2024-01-08 12:19:18'),
(1903, 40, 40, 158, 158, NULL, '2024-01-08 12:19:23'),
(1904, 40, 15, 58, 58, NULL, '2024-01-08 12:19:26'),
(1905, 40, 4, 14, 14, NULL, '2024-01-08 12:19:30'),
(1906, 40, 45, 178, 178, NULL, '2024-01-08 12:19:33'),
(1907, 40, 10, 38, 38, NULL, '2024-01-08 12:19:37'),
(1908, 40, 5, 20, 20, NULL, '2024-01-08 12:19:42'),
(1909, 40, 6, 23, 23, NULL, '2024-01-08 12:19:44'),
(1910, 40, 22, 86, 86, NULL, '2024-01-08 12:19:49'),
(1911, 40, 24, 95, 95, NULL, '2024-01-08 12:19:54'),
(1912, 40, 7, 26, 26, NULL, '2024-01-08 12:19:57'),
(1913, 40, 23, 91, 91, NULL, '2024-01-08 12:20:00'),
(1914, 40, 21, 85, 85, NULL, '2024-01-08 12:20:02'),
(1915, 40, 38, 150, 150, NULL, '2024-01-08 12:20:05'),
(1916, 38, 23, 93, 93, NULL, '2024-01-08 12:20:08'),
(1917, 40, 48, 192, 192, NULL, '2024-01-08 12:20:08'),
(1918, 40, 26, 103, 103, NULL, '2024-01-08 12:20:13'),
(1919, 40, 42, 166, 166, NULL, '2024-01-08 12:20:17'),
(1920, 40, 31, 125, 125, NULL, '2024-01-08 12:20:21'),
(1921, 40, 29, 117, 117, NULL, '2024-01-08 12:20:24'),
(1922, 40, 44, 176, 176, NULL, '2024-01-08 12:20:26'),
(1923, 40, 17, 68, 68, NULL, '2024-01-08 12:20:29'),
(1924, 40, 9, 35, 35, NULL, '2024-01-08 12:20:32'),
(1925, 38, 26, 102, 102, NULL, '2024-01-08 12:20:33'),
(1926, 40, 33, 133, 133, NULL, '2024-01-08 12:20:35'),
(1927, 36, 30, 121, 121, NULL, '2024-01-08 12:20:36'),
(1928, 40, 32, 129, 129, NULL, '2024-01-08 12:20:39'),
(1929, 40, 47, 189, 189, NULL, '2024-01-08 12:20:42'),
(1930, 38, 16, 65, 65, NULL, '2024-01-08 12:20:44'),
(1931, 39, 38, 151, 151, NULL, '2024-01-08 12:20:50'),
(1932, 39, 40, 160, 160, NULL, '2024-01-08 12:21:42'),
(1933, 38, 38, 151, 151, NULL, '2024-01-08 12:21:53'),
(1934, 42, 27, 108, 108, NULL, '2024-01-08 12:21:57'),
(1935, 42, 36, 145, 145, NULL, '2024-01-08 12:22:00'),
(1936, 42, 7, 26, 26, NULL, '2024-01-08 12:22:07'),
(1937, 42, 50, 201, 201, NULL, '2024-01-08 12:22:10'),
(1938, 42, 13, 51, 51, NULL, '2024-01-08 12:22:14'),
(1939, 42, 17, 68, 68, NULL, '2024-01-08 12:22:16'),
(1940, 42, 40, 161, 161, NULL, '2024-01-08 12:22:20'),
(1941, 42, 49, 194, 194, NULL, '2024-01-08 12:22:23'),
(1942, 38, 5, 17, 17, NULL, '2024-01-08 12:22:24'),
(1943, 42, 43, 170, 170, NULL, '2024-01-08 12:22:26'),
(1944, 42, 3, 11, 11, NULL, '2024-01-08 12:22:32'),
(1945, 42, 12, 49, 49, NULL, '2024-01-08 12:22:36'),
(1946, 42, 8, 29, 29, NULL, '2024-01-08 12:22:40'),
(1947, 38, 39, 157, 157, NULL, '2024-01-08 12:22:44'),
(1948, 42, 34, 137, 137, NULL, '2024-01-08 12:22:47'),
(1949, 39, 25, 99, 99, NULL, '2024-01-08 12:22:49'),
(1950, 42, 26, 105, 105, NULL, '2024-01-08 12:22:53'),
(1951, 42, 42, 167, 167, NULL, '2024-01-08 12:22:57'),
(1952, 42, 20, 78, 78, NULL, '2024-01-08 12:23:00'),
(1953, 42, 2, 8, 8, NULL, '2024-01-08 12:23:03'),
(1954, 42, 28, 112, 112, NULL, '2024-01-08 12:23:07'),
(1955, 38, 8, 31, 31, NULL, '2024-01-08 12:23:08'),
(1956, 41, 32, 128, 128, NULL, '2024-01-08 12:23:11');
INSERT INTO `user_answers` (`id`, `user_quiz_id`, `question_id`, `answer_id`, `user_answer_id`, `user_answer_text`, `added_date`) VALUES
(1957, 42, 33, 133, 133, NULL, '2024-01-08 12:23:15'),
(1958, 42, 25, 98, 98, NULL, '2024-01-08 12:23:21'),
(1959, 42, 29, 114, 114, NULL, '2024-01-08 12:23:25'),
(1960, 39, 37, 147, 147, NULL, '2024-01-08 12:23:30'),
(1961, 39, 22, 88, 88, NULL, '2024-01-08 12:23:56'),
(1962, 41, 45, 181, 181, NULL, '2024-01-08 12:55:08'),
(1963, 42, 10, 38, 38, NULL, '2024-01-08 12:24:29'),
(1964, 42, 47, 187, 187, NULL, '2024-01-08 12:24:30'),
(1965, 39, 29, 115, 115, NULL, '2024-01-08 12:24:32'),
(1966, 42, 37, 147, 147, NULL, '2024-01-08 12:24:41'),
(1967, 42, 48, 190, 190, NULL, '2024-01-08 12:24:45'),
(1968, 39, 36, 145, 145, NULL, '2024-01-08 12:24:48'),
(1969, 42, 18, 70, 70, NULL, '2024-01-08 12:24:51'),
(1970, 42, 5, 17, 17, NULL, '2024-01-08 12:24:57'),
(1971, 41, 20, 80, 80, NULL, '2024-01-08 12:25:03'),
(1972, 42, 6, 21, 21, NULL, '2024-01-08 12:25:03'),
(1973, 42, 11, 43, 43, NULL, '2024-01-08 12:25:11'),
(1974, 39, 39, 157, 157, NULL, '2024-01-08 12:25:13'),
(1975, 42, 41, 162, 162, NULL, '2024-01-08 12:25:13'),
(1976, 42, 38, 153, 153, NULL, '2024-01-08 12:25:17'),
(1977, 39, 30, 121, 121, NULL, '2024-01-08 12:25:20'),
(1978, 42, 15, 58, 58, NULL, '2024-01-08 12:25:20'),
(1979, 38, 25, 100, 100, NULL, '2024-01-08 12:25:24'),
(1980, 42, 31, 123, 123, NULL, '2024-01-08 12:25:33'),
(1981, 42, 22, 89, 89, NULL, '2024-01-08 12:25:36'),
(1982, 42, 21, 82, 82, NULL, '2024-01-08 12:25:40'),
(1983, 42, 35, 138, 138, NULL, '2024-01-08 12:25:45'),
(1984, 42, 19, 75, 75, NULL, '2024-01-08 12:25:48'),
(1985, 42, 45, 181, 181, NULL, '2024-01-08 12:25:52'),
(1986, 42, 44, 176, 176, NULL, '2024-01-08 12:25:56'),
(1987, 42, 9, 35, 35, NULL, '2024-01-08 12:26:00'),
(1988, 39, 27, 108, 108, NULL, '2024-01-08 12:26:02'),
(1989, 42, 23, 90, 90, NULL, '2024-01-08 12:26:04'),
(1990, 42, 4, 16, 16, NULL, '2024-01-08 12:26:07'),
(1991, 38, 34, 137, 137, NULL, '2024-01-08 12:26:10'),
(1992, 42, 46, 182, 182, NULL, '2024-01-08 12:26:11'),
(1993, 42, 16, 65, 65, NULL, '2024-01-08 12:26:18'),
(1994, 42, 39, 156, 156, NULL, '2024-01-08 12:26:32'),
(1995, 42, 1, 3, 3, NULL, '2024-01-08 12:26:34'),
(1996, 38, 10, 37, 37, NULL, '2024-01-08 12:26:36'),
(1997, 42, 30, 118, 118, NULL, '2024-01-08 12:26:37'),
(1998, 42, 32, 129, 129, NULL, '2024-01-08 12:26:41'),
(1999, 42, 24, 96, 96, NULL, '2024-01-08 12:26:47'),
(2000, 39, 21, 83, 83, NULL, '2024-01-08 12:26:55'),
(2001, 41, 49, 194, 194, NULL, '2024-01-08 12:26:56'),
(2002, 42, 14, 54, 54, NULL, '2024-01-08 12:27:04'),
(2003, 38, 50, 199, 199, NULL, '2024-01-08 12:27:39'),
(2004, 39, 50, 201, 201, NULL, '2024-01-08 12:27:41'),
(2005, 39, 47, 189, 189, NULL, '2024-01-08 12:28:09'),
(2006, 41, 36, 145, 145, NULL, '2024-01-08 12:28:15'),
(2007, 41, 39, 157, 157, NULL, '2024-01-08 12:28:30'),
(2008, 38, 24, 97, 97, NULL, '2024-01-08 12:28:30'),
(2009, 38, 45, 181, 181, NULL, '2024-01-08 12:28:58'),
(2010, 41, 40, 161, 161, NULL, '2024-01-08 12:29:00'),
(2011, 38, 14, 55, 55, NULL, '2024-01-08 12:29:23'),
(2012, 39, 48, 190, 190, NULL, '2024-01-08 12:29:28'),
(2013, 39, 49, 194, 194, NULL, '2024-01-08 12:29:31'),
(2014, 41, 35, 139, 139, NULL, '2024-01-08 12:29:36'),
(2015, 39, 24, 97, 97, NULL, '2024-01-08 12:29:45'),
(2016, 38, 44, 176, 176, NULL, '2024-01-08 12:30:06'),
(2017, 41, 18, 72, 72, NULL, '2024-01-08 12:56:26'),
(2018, 38, 41, 162, 162, NULL, '2024-01-08 12:30:29'),
(2019, 41, 23, 93, 93, NULL, '2024-01-08 12:30:42'),
(2020, 39, 46, 185, 185, NULL, '2024-01-08 12:30:44'),
(2021, 39, 28, 110, 110, NULL, '2024-01-08 12:30:59'),
(2022, 41, 44, 176, 176, NULL, '2024-01-08 12:31:03'),
(2023, 41, 46, 185, 185, NULL, '2024-01-08 12:31:12'),
(2024, 38, 4, 13, 13, NULL, '2024-01-08 12:31:16'),
(2025, 41, 42, 169, 169, NULL, '2024-01-08 12:31:53'),
(2026, 38, 7, 25, 25, NULL, '2024-01-08 12:32:01'),
(2027, 41, 6, 23, 23, NULL, '2024-01-08 12:32:35'),
(2028, 38, 40, 160, 160, NULL, '2024-01-08 12:32:55'),
(2029, 39, 35, 139, 139, NULL, '2024-01-08 12:32:58'),
(2030, 41, 43, 171, 171, NULL, '2024-01-08 12:33:07'),
(2031, 39, 32, 128, 128, NULL, '2024-01-08 12:33:17'),
(2032, 41, 10, 37, 37, NULL, '2024-01-08 12:33:33'),
(2033, 39, 33, 133, 133, NULL, '2024-01-08 12:33:36'),
(2034, 38, 21, 83, 83, NULL, '2024-01-08 12:33:38'),
(2035, 39, 31, 122, 122, NULL, '2024-01-08 12:34:07'),
(2036, 38, 22, 88, 88, NULL, '2024-01-08 12:35:05'),
(2037, 39, 34, 137, 137, NULL, '2024-01-08 12:35:15'),
(2038, 38, 3, 10, 10, NULL, '2024-01-08 12:35:17'),
(2039, 41, 24, 97, 97, NULL, '2024-01-08 12:35:29'),
(2040, 43, 26, 104, 104, NULL, '2024-01-08 12:35:55'),
(2041, 41, 47, 187, 187, NULL, '2024-01-08 12:35:58'),
(2042, 39, 8, 29, 29, NULL, '2024-01-08 12:36:26'),
(2043, 41, 13, 51, 51, NULL, '2024-01-08 12:36:35'),
(2044, 43, 14, 55, 55, NULL, '2024-01-08 12:36:40'),
(2045, 38, 30, 121, 121, NULL, '2024-01-08 12:36:48'),
(2046, 43, 24, 95, 95, NULL, '2024-01-08 12:36:52'),
(2047, 43, 8, 31, 31, NULL, '2024-01-08 12:36:53'),
(2048, 43, 30, 121, 121, NULL, '2024-01-08 12:36:55'),
(2049, 43, 23, 92, 92, NULL, '2024-01-08 12:36:56'),
(2050, 43, 37, 149, 149, NULL, '2024-01-08 12:36:58'),
(2051, 38, 43, 171, 171, NULL, '2024-01-08 12:36:59'),
(2052, 43, 35, 141, 141, NULL, '2024-01-08 12:37:00'),
(2053, 43, 5, 19, 19, NULL, '2024-01-08 12:37:01'),
(2054, 43, 6, 24, 24, NULL, '2024-01-08 12:37:03'),
(2055, 43, 17, 67, 67, NULL, '2024-01-08 12:37:04'),
(2056, 43, 28, 112, 112, NULL, '2024-01-08 12:37:05'),
(2057, 41, 4, 14, 14, NULL, '2024-01-08 12:37:07'),
(2058, 43, 9, 33, 33, NULL, '2024-01-08 12:37:09'),
(2059, 43, 13, 52, 52, NULL, '2024-01-08 12:37:10'),
(2060, 43, 32, 128, 128, NULL, '2024-01-08 12:37:12'),
(2061, 43, 29, 114, 114, NULL, '2024-01-08 12:37:13'),
(2062, 43, 43, 171, 171, NULL, '2024-01-08 12:37:15'),
(2063, 43, 27, 108, 108, NULL, '2024-01-08 12:37:17'),
(2064, 43, 50, 200, 200, NULL, '2024-01-08 12:37:19'),
(2065, 43, 42, 169, 169, NULL, '2024-01-08 12:37:23'),
(2066, 43, 3, 10, 10, NULL, '2024-01-08 12:37:25'),
(2067, 43, 25, 99, 99, NULL, '2024-01-08 12:37:26'),
(2068, 39, 4, 15, 15, NULL, '2024-01-08 12:37:27'),
(2069, 43, 47, 189, 189, NULL, '2024-01-08 12:37:28'),
(2070, 43, 12, 47, 47, NULL, '2024-01-08 12:37:31'),
(2071, 43, 11, 42, 42, NULL, '2024-01-08 12:37:32'),
(2072, 43, 38, 151, 151, NULL, '2024-01-08 12:37:33'),
(2073, 43, 40, 161, 161, NULL, '2024-01-08 12:37:35'),
(2074, 43, 41, 163, 163, NULL, '2024-01-08 12:37:35'),
(2075, 43, 31, 123, 123, NULL, '2024-01-08 12:37:36'),
(2076, 43, 36, 143, 143, NULL, '2024-01-08 12:37:37'),
(2077, 43, 16, 64, 64, NULL, '2024-01-08 12:37:38'),
(2078, 43, 4, 13, 13, NULL, '2024-01-08 12:37:40'),
(2079, 43, 33, 131, 131, NULL, '2024-01-08 12:37:41'),
(2080, 43, 15, 58, 58, NULL, '2024-01-08 12:37:43'),
(2081, 43, 44, 176, 176, NULL, '2024-01-08 12:37:46'),
(2082, 43, 46, 185, 185, NULL, '2024-01-08 12:37:48'),
(2083, 43, 18, 73, 73, NULL, '2024-01-08 12:37:51'),
(2084, 43, 20, 79, 79, NULL, '2024-01-08 12:37:53'),
(2085, 41, 12, 47, 47, NULL, '2024-01-08 12:37:55'),
(2086, 43, 1, 3, 3, NULL, '2024-01-08 12:37:55'),
(2087, 43, 34, 137, 137, NULL, '2024-01-08 12:37:57'),
(2088, 43, 19, 76, 76, NULL, '2024-01-08 12:37:58'),
(2089, 43, 10, 41, 41, NULL, '2024-01-08 12:38:00'),
(2090, 43, 7, 28, 28, NULL, '2024-01-08 12:38:02'),
(2091, 43, 21, 83, 83, NULL, '2024-01-08 12:38:04'),
(2092, 43, 45, 181, 181, NULL, '2024-01-08 12:38:09'),
(2093, 43, 2, 7, 7, NULL, '2024-01-08 12:38:07'),
(2094, 39, 18, 72, 72, NULL, '2024-01-08 12:38:08'),
(2095, 43, 22, 89, 89, NULL, '2024-01-08 12:38:12'),
(2096, 43, 49, 194, 194, NULL, '2024-01-08 12:38:13'),
(2097, 43, 48, 191, 191, NULL, '2024-01-08 12:38:16'),
(2098, 43, 39, 156, 156, NULL, '2024-01-08 12:38:17'),
(2099, 41, 9, 33, 33, NULL, '2024-01-08 12:38:19'),
(2100, 38, 35, 139, 139, NULL, '2024-01-08 12:38:22'),
(2101, 41, 11, 44, 44, NULL, '2024-01-08 12:38:47'),
(2102, 39, 9, 36, 36, NULL, '2024-01-08 12:38:59'),
(2103, 41, 19, 75, 75, NULL, '2024-01-08 12:39:12'),
(2104, 41, 16, 65, 65, NULL, '2024-01-08 12:39:28'),
(2105, 41, 41, 162, 162, NULL, '2024-01-08 12:39:38'),
(2106, 39, 10, 37, 37, NULL, '2024-01-08 12:39:45'),
(2107, 41, 30, 121, 121, NULL, '2024-01-08 12:40:23'),
(2108, 39, 6, 22, 22, NULL, '2024-01-08 12:40:47'),
(2109, 41, 26, 103, 103, NULL, '2024-01-08 12:41:00'),
(2110, 39, 15, 61, 61, NULL, '2024-01-08 12:41:35'),
(2111, 41, 28, 110, 110, NULL, '2024-01-08 12:41:59'),
(2112, 39, 19, 75, 75, NULL, '2024-01-08 12:42:13'),
(2113, 39, 5, 20, 20, NULL, '2024-01-08 12:42:15'),
(2114, 39, 13, 52, 52, NULL, '2024-01-08 12:42:18'),
(2115, 39, 2, 5, 5, NULL, '2024-01-08 12:42:27'),
(2116, 39, 12, 49, 49, NULL, '2024-01-08 12:42:30'),
(2117, 39, 1, 4, 4, NULL, '2024-01-08 12:42:35'),
(2118, 39, 11, 44, 44, NULL, '2024-01-08 12:42:42'),
(2119, 39, 3, 12, 12, NULL, '2024-01-08 12:42:45'),
(2120, 39, 14, 55, 55, NULL, '2024-01-08 12:42:54'),
(2121, 39, 20, 81, 81, NULL, '2024-01-08 12:43:00'),
(2122, 39, 17, 67, 67, NULL, '2024-01-08 12:43:04'),
(2123, 39, 7, 27, 27, NULL, '2024-01-08 12:43:06'),
(2124, 39, 16, 63, 63, NULL, '2024-01-08 12:43:09'),
(2125, 41, 29, 115, 115, NULL, '2024-01-08 12:43:13'),
(2126, 41, 21, 85, 85, NULL, '2024-01-08 12:44:33'),
(2127, 41, 1, 3, 3, NULL, '2024-01-08 12:44:58'),
(2128, 41, 8, 30, 30, NULL, '2024-01-08 12:45:14'),
(2129, 41, 22, 86, 86, NULL, '2024-01-08 12:45:46'),
(2130, 41, 48, 190, 190, NULL, '2024-01-08 12:45:58'),
(2131, 41, 33, 133, 133, NULL, '2024-01-08 12:46:24'),
(2132, 41, 50, 199, 199, NULL, '2024-01-08 12:47:29'),
(2133, 41, 27, 108, 108, NULL, '2024-01-08 12:48:04'),
(2134, 41, 37, 147, 147, NULL, '2024-01-08 12:48:14'),
(2135, 41, 2, 5, 5, NULL, '2024-01-08 12:48:33'),
(2136, 41, 15, 60, 60, NULL, '2024-01-08 12:49:18'),
(2137, 41, 3, 10, 10, NULL, '2024-01-08 12:49:36'),
(2138, 41, 7, 26, 26, NULL, '2024-01-08 12:50:21'),
(2139, 41, 31, 122, 122, NULL, '2024-01-08 12:50:45'),
(2140, 41, 25, 99, 99, NULL, '2024-01-08 12:51:24'),
(2141, 41, 38, 151, 151, NULL, '2024-01-08 12:52:21'),
(2142, 41, 17, 66, 66, NULL, '2024-01-08 12:52:34'),
(2143, 41, 5, 20, 20, NULL, '2024-01-08 12:53:35'),
(2144, 41, 14, 55, 55, NULL, '2024-01-08 12:54:08'),
(2145, 41, 34, 137, 137, NULL, '2024-01-08 12:54:23'),
(2146, 45, 40, 160, 160, NULL, '2024-01-08 13:07:54'),
(2147, 45, 8, 30, 30, NULL, '2024-01-08 13:08:35'),
(2148, 45, 31, 122, 122, NULL, '2024-01-08 13:09:31'),
(2149, 45, 1, 3, 3, NULL, '2024-01-08 13:09:54'),
(2150, 45, 38, 153, 153, NULL, '2024-01-08 13:10:47'),
(2151, 45, 21, 82, 82, NULL, '2024-01-08 13:11:52'),
(2152, 45, 45, 181, 181, NULL, '2024-01-08 13:12:01'),
(2153, 45, 36, 145, 145, NULL, '2024-01-08 13:38:35'),
(2154, 45, 17, 69, 69, NULL, '2024-01-08 13:13:31'),
(2155, 45, 5, 18, 18, NULL, '2024-01-08 13:14:30'),
(2156, 45, 27, 108, 108, NULL, '2024-01-08 13:16:25'),
(2157, 45, 15, 60, 60, NULL, '2024-01-08 13:16:33'),
(2158, 45, 35, 138, 138, NULL, '2024-01-08 13:40:00'),
(2159, 45, 29, 115, 115, NULL, '2024-01-08 13:18:07'),
(2160, 45, 30, 121, 121, NULL, '2024-01-08 13:19:07'),
(2161, 45, 12, 48, 48, NULL, '2024-01-08 13:19:39'),
(2162, 45, 9, 35, 35, NULL, '2024-01-08 13:20:13'),
(2163, 45, 7, 28, 28, NULL, '2024-01-08 13:20:52'),
(2164, 45, 20, 79, 79, NULL, '2024-01-08 13:21:14'),
(2165, 45, 3, 9, 9, NULL, '2024-01-08 13:21:26'),
(2166, 45, 32, 128, 128, NULL, '2024-01-08 13:21:33'),
(2167, 45, 6, 23, 23, NULL, '2024-01-08 13:21:58'),
(2168, 45, 44, 177, 177, NULL, '2024-01-08 13:22:14'),
(2169, 45, 22, 87, 87, NULL, '2024-01-08 13:23:01'),
(2170, 45, 2, 5, 5, NULL, '2024-01-08 13:23:21'),
(2171, 45, 50, 199, 199, NULL, '2024-01-08 13:41:16'),
(2172, 45, 25, 98, 98, NULL, '2024-01-08 13:24:27'),
(2173, 45, 26, 102, 102, NULL, '2024-01-08 13:25:08'),
(2174, 46, 37, 147, 147, NULL, '2024-01-08 13:25:15'),
(2175, 45, 19, 77, 77, NULL, '2024-01-08 13:25:19'),
(2176, 45, 33, 133, 133, NULL, '2024-01-08 13:26:01'),
(2177, 45, 13, 51, 51, NULL, '2024-01-08 13:41:43'),
(2178, 46, 19, 75, 75, NULL, '2024-01-08 13:26:44'),
(2179, 46, 26, 102, 102, NULL, '2024-01-08 13:27:13'),
(2180, 45, 16, 64, 64, NULL, '2024-01-08 13:27:18'),
(2181, 46, 50, 201, 201, NULL, '2024-01-08 13:27:19'),
(2182, 46, 11, 44, 44, NULL, '2024-01-08 13:27:21'),
(2183, 46, 8, 32, 32, NULL, '2024-01-08 13:27:24'),
(2184, 45, 41, 162, 162, NULL, '2024-01-08 13:27:32'),
(2185, 46, 47, 189, 189, NULL, '2024-01-08 13:27:59'),
(2186, 46, 36, 145, 145, NULL, '2024-01-08 13:28:03'),
(2187, 45, 47, 189, 189, NULL, '2024-01-08 13:28:07'),
(2188, 45, 18, 73, 73, NULL, '2024-01-08 13:28:17'),
(2189, 46, 28, 110, 110, NULL, '2024-01-08 13:28:30'),
(2190, 46, 40, 161, 161, NULL, '2024-01-08 13:28:36'),
(2191, 45, 43, 171, 171, NULL, '2024-01-08 13:28:43'),
(2192, 46, 44, 176, 176, NULL, '2024-01-08 13:28:46'),
(2193, 46, 17, 67, 67, NULL, '2024-01-08 13:28:48'),
(2194, 46, 10, 37, 37, NULL, '2024-01-08 13:28:57'),
(2195, 45, 34, 136, 136, NULL, '2024-01-08 13:29:01'),
(2196, 46, 12, 47, 47, NULL, '2024-01-08 13:29:17'),
(2197, 46, 45, 181, 181, NULL, '2024-01-08 13:29:21'),
(2198, 46, 30, 120, 120, NULL, '2024-01-08 13:29:34'),
(2199, 45, 39, 157, 157, NULL, '2024-01-08 13:29:36'),
(2200, 46, 29, 115, 115, NULL, '2024-01-08 13:30:02'),
(2201, 46, 38, 153, 153, NULL, '2024-01-08 13:30:18'),
(2202, 45, 42, 169, 169, NULL, '2024-01-08 13:30:19'),
(2203, 46, 42, 169, 169, NULL, '2024-01-08 13:30:26'),
(2204, 46, 34, 137, 137, NULL, '2024-01-08 13:30:33'),
(2205, 46, 43, 171, 171, NULL, '2024-01-08 13:30:39'),
(2206, 45, 48, 190, 190, NULL, '2024-01-08 13:30:45'),
(2207, 46, 4, 16, 16, NULL, '2024-01-08 13:30:46'),
(2208, 46, 22, 86, 86, NULL, '2024-01-08 13:30:55'),
(2209, 46, 32, 128, 128, NULL, '2024-01-08 13:31:03'),
(2210, 45, 14, 55, 55, NULL, '2024-01-08 13:31:10'),
(2211, 46, 21, 83, 83, NULL, '2024-01-08 13:31:30'),
(2212, 46, 2, 5, 5, NULL, '2024-01-08 13:31:43'),
(2213, 46, 7, 26, 26, NULL, '2024-01-08 13:31:48'),
(2214, 46, 5, 17, 17, NULL, '2024-01-08 13:31:51'),
(2215, 46, 16, 63, 63, NULL, '2024-01-08 13:31:54'),
(2216, 46, 20, 79, 79, NULL, '2024-01-08 13:31:57'),
(2217, 45, 37, 147, 147, NULL, '2024-01-08 13:32:06'),
(2218, 46, 48, 191, 191, NULL, '2024-01-08 13:32:41'),
(2219, 45, 10, 37, 37, NULL, '2024-01-08 13:32:46'),
(2220, 46, 35, 138, 138, NULL, '2024-01-08 13:32:48'),
(2221, 46, 24, 97, 97, NULL, '2024-01-08 13:33:08'),
(2222, 46, 39, 157, 157, NULL, '2024-01-08 13:33:11'),
(2223, 45, 11, 45, 45, NULL, '2024-01-08 13:33:17'),
(2224, 46, 18, 71, 71, NULL, '2024-01-08 13:33:18'),
(2225, 46, 27, 108, 108, NULL, '2024-01-08 13:33:33'),
(2226, 46, 9, 34, 34, NULL, '2024-01-08 13:33:35'),
(2227, 45, 28, 110, 110, NULL, '2024-01-08 13:33:47'),
(2228, 46, 23, 93, 93, NULL, '2024-01-08 13:33:48'),
(2229, 46, 14, 55, 55, NULL, '2024-01-08 13:33:57'),
(2230, 46, 46, 185, 185, NULL, '2024-01-08 13:34:04'),
(2231, 45, 46, 185, 185, NULL, '2024-01-08 13:34:08'),
(2232, 46, 49, 194, 194, NULL, '2024-01-08 13:34:19'),
(2233, 46, 15, 58, 58, NULL, '2024-01-08 13:34:29'),
(2234, 46, 33, 131, 131, NULL, '2024-01-08 13:34:33'),
(2235, 45, 23, 93, 93, NULL, '2024-01-08 13:34:38'),
(2236, 46, 13, 51, 51, NULL, '2024-01-08 13:34:43'),
(2237, 46, 31, 124, 124, NULL, '2024-01-08 13:34:46'),
(2238, 46, 6, 21, 21, NULL, '2024-01-08 13:34:48'),
(2239, 46, 3, 10, 10, NULL, '2024-01-08 13:34:58'),
(2240, 44, 2, 5, 5, NULL, '2024-01-08 13:35:07'),
(2241, 46, 25, 98, 98, NULL, '2024-01-08 13:35:27'),
(2242, 46, 41, 162, 162, NULL, '2024-01-08 13:35:31'),
(2243, 45, 24, 94, 94, NULL, '2024-01-08 13:35:32'),
(2244, 46, 1, 1, 1, NULL, '2024-01-08 13:35:39'),
(2245, 45, 4, 13, 13, NULL, '2024-01-08 13:35:55'),
(2246, 44, 42, 169, 169, NULL, '2024-01-08 13:36:05'),
(2247, 44, 8, 31, 31, NULL, '2024-01-08 13:36:40'),
(2248, 45, 49, 196, 196, NULL, '2024-01-08 13:36:40'),
(2249, 44, 41, 162, 162, NULL, '2024-01-08 13:36:58'),
(2250, 44, 45, 181, 181, NULL, '2024-01-08 13:37:08'),
(2251, 44, 29, 115, 115, NULL, '2024-01-08 13:37:48'),
(2252, 44, 49, 194, 194, NULL, '2024-01-08 13:42:10'),
(2253, 44, 3, 10, 10, NULL, '2024-01-08 13:42:20'),
(2254, 44, 35, 139, 139, NULL, '2024-01-08 13:42:38'),
(2255, 44, 19, 77, 77, NULL, '2024-01-08 13:42:55'),
(2256, 44, 5, 19, 19, NULL, '2024-01-08 13:43:11'),
(2257, 44, 9, 33, 33, NULL, '2024-01-08 13:43:52'),
(2258, 44, 16, 65, 65, NULL, '2024-01-08 13:44:12'),
(2259, 44, 46, 185, 185, NULL, '2024-01-08 13:45:00'),
(2260, 44, 22, 88, 88, NULL, '2024-01-08 13:45:50'),
(2261, 44, 11, 44, 44, NULL, '2024-01-08 13:46:03'),
(2262, 44, 47, 189, 189, NULL, '2024-01-08 13:46:11'),
(2263, 44, 1, 4, 4, NULL, '2024-01-08 13:46:46'),
(2264, 44, 17, 67, 67, NULL, '2024-01-08 13:47:06'),
(2265, 44, 36, 145, 145, NULL, '2024-01-08 13:47:44'),
(2266, 44, 33, 133, 133, NULL, '2024-01-08 13:47:56'),
(2267, 44, 34, 137, 137, NULL, '2024-01-08 13:48:04'),
(2268, 44, 18, 71, 71, NULL, '2024-01-08 13:48:36'),
(2269, 44, 14, 55, 55, NULL, '2024-01-08 13:48:45'),
(2270, 44, 20, 80, 80, NULL, '2024-01-08 13:48:57'),
(2271, 44, 27, 108, 108, NULL, '2024-01-08 13:49:07'),
(2272, 44, 30, 121, 121, NULL, '2024-01-08 13:49:30'),
(2273, 44, 39, 157, 157, NULL, '2024-01-08 13:49:38'),
(2274, 44, 50, 199, 199, NULL, '2024-01-08 13:50:17'),
(2275, 44, 43, 171, 171, NULL, '2024-01-08 13:50:30'),
(2276, 47, 49, 194, 194, NULL, '2024-01-08 13:50:51'),
(2277, 44, 37, 147, 147, NULL, '2024-01-08 13:50:55'),
(2278, 47, 26, 102, 102, NULL, '2024-01-08 13:51:09'),
(2279, 44, 15, 60, 60, NULL, '2024-01-08 13:51:25'),
(2280, 47, 43, 171, 171, NULL, '2024-01-08 13:51:44'),
(2281, 47, 42, 169, 169, NULL, '2024-01-08 13:52:07'),
(2282, 44, 21, 85, 85, NULL, '2024-01-08 13:52:19'),
(2283, 44, 6, 22, 22, NULL, '2024-01-08 13:52:34'),
(2284, 47, 7, 25, 25, NULL, '2024-01-08 13:52:49'),
(2285, 44, 31, 125, 125, NULL, '2024-01-08 13:52:56'),
(2286, 44, 13, 51, 51, NULL, '2024-01-08 13:53:19'),
(2287, 47, 14, 55, 55, NULL, '2024-01-08 13:53:34'),
(2288, 44, 23, 93, 93, NULL, '2024-01-08 13:53:45'),
(2289, 44, 25, 100, 100, NULL, '2024-01-08 13:53:58'),
(2290, 44, 12, 47, 47, NULL, '2024-01-08 13:54:11'),
(2291, 47, 35, 139, 139, NULL, '2024-01-08 13:54:18'),
(2292, 47, 46, 185, 185, NULL, '2024-01-08 13:54:40'),
(2293, 44, 7, 28, 28, NULL, '2024-01-08 13:55:11'),
(2294, 47, 3, 10, 10, NULL, '2024-01-08 13:55:27'),
(2295, 44, 44, 176, 176, NULL, '2024-01-08 13:55:35'),
(2296, 44, 10, 37, 37, NULL, '2024-01-08 13:55:49'),
(2297, 44, 32, 128, 128, NULL, '2024-01-08 13:55:56'),
(2298, 47, 21, 83, 83, NULL, '2024-01-08 13:55:57'),
(2299, 44, 48, 190, 190, NULL, '2024-01-08 13:56:08'),
(2300, 44, 38, 151, 151, NULL, '2024-01-08 13:56:18'),
(2301, 44, 40, 159, 159, NULL, '2024-01-08 13:56:33'),
(2302, 44, 4, 13, 13, NULL, '2024-01-08 13:56:48'),
(2303, 44, 28, 110, 110, NULL, '2024-01-08 13:57:12'),
(2304, 47, 4, 13, 13, NULL, '2024-01-08 13:57:17'),
(2305, 44, 24, 97, 97, NULL, '2024-01-08 13:57:28'),
(2306, 47, 8, 31, 31, NULL, '2024-01-08 13:57:45'),
(2307, 44, 26, 102, 102, NULL, '2024-01-08 13:57:52'),
(2308, 47, 28, 110, 110, NULL, '2024-01-08 13:58:19'),
(2309, 47, 12, 47, 47, NULL, '2024-01-08 13:58:39'),
(2310, 47, 39, 157, 157, NULL, '2024-01-08 13:59:28'),
(2311, 47, 17, 67, 67, NULL, '2024-01-08 13:59:44'),
(2312, 47, 2, 5, 5, NULL, '2024-01-08 13:59:57'),
(2313, 47, 11, 44, 44, NULL, '2024-01-08 14:00:09'),
(2314, 47, 25, 100, 100, NULL, '2024-01-08 14:00:24'),
(2315, 47, 20, 80, 80, NULL, '2024-01-08 14:00:48'),
(2316, 47, 30, 118, 118, NULL, '2024-01-08 14:01:37'),
(2317, 47, 10, 38, 38, NULL, '2024-01-08 14:01:46'),
(2318, 47, 1, 4, 4, NULL, '2024-01-08 14:02:03'),
(2319, 47, 37, 146, 146, NULL, '2024-01-08 14:03:08'),
(2320, 47, 15, 60, 60, NULL, '2024-01-08 14:04:01'),
(2321, 47, 23, 93, 93, NULL, '2024-01-08 14:05:06'),
(2322, 47, 45, 181, 181, NULL, '2024-01-08 14:05:32'),
(2323, 47, 40, 158, 158, NULL, '2024-01-08 14:05:47'),
(2324, 47, 50, 199, 199, NULL, '2024-01-08 14:06:10'),
(2325, 47, 6, 22, 22, NULL, '2024-01-08 14:07:07'),
(2326, 47, 33, 133, 133, NULL, '2024-01-08 14:07:38'),
(2327, 47, 9, 33, 33, NULL, '2024-01-08 14:08:02'),
(2328, 47, 32, 128, 128, NULL, '2024-01-08 14:08:11'),
(2329, 47, 18, 72, 72, NULL, '2024-01-08 14:09:03'),
(2330, 47, 36, 145, 145, NULL, '2024-01-08 14:09:12'),
(2331, 47, 22, 88, 88, NULL, '2024-01-08 14:09:58'),
(2332, 47, 29, 115, 115, NULL, '2024-01-08 14:10:30'),
(2333, 47, 44, 176, 176, NULL, '2024-01-08 14:11:05'),
(2334, 47, 24, 97, 97, NULL, '2024-01-08 14:11:21'),
(2335, 47, 16, 65, 65, NULL, '2024-01-08 14:11:26'),
(2336, 47, 47, 189, 189, NULL, '2024-01-08 14:11:40'),
(2337, 47, 13, 50, 50, NULL, '2024-01-08 14:11:48'),
(2338, 47, 34, 137, 137, NULL, '2024-01-08 14:12:06'),
(2339, 47, 5, 20, 20, NULL, '2024-01-08 14:12:19'),
(2340, 47, 19, 74, 74, NULL, '2024-01-08 14:12:30'),
(2341, 47, 27, 106, 106, NULL, '2024-01-08 14:13:03'),
(2342, 47, 38, 151, 151, NULL, '2024-01-08 14:13:14'),
(2343, 47, 41, 162, 162, NULL, '2024-01-08 14:13:22'),
(2344, 47, 31, 122, 122, NULL, '2024-01-08 14:13:37'),
(2345, 47, 48, 190, 190, NULL, '2024-01-08 14:14:07');

-- --------------------------------------------------------

--
-- Table structure for table `user_quizzes`
--

DROP TABLE IF EXISTS `user_quizzes`;
CREATE TABLE IF NOT EXISTS `user_quizzes` (
  `id` int(11) NOT NULL AUTO_INCREMENT,
  `assignment_id` int(11) DEFAULT NULL,
  `user_id` int(11) DEFAULT NULL,
  `status` int(11) DEFAULT NULL,
  `added_date` datetime DEFAULT NULL,
  `success` int(11) DEFAULT NULL,
  `finish_date` datetime DEFAULT NULL,
  `pass_score_point` decimal(10,2) DEFAULT NULL,
  `pass_score_perc` decimal(10,2) DEFAULT NULL,
  PRIMARY KEY (`id`),
  KEY `assignment_id` (`assignment_id`)
) ENGINE=InnoDB AUTO_INCREMENT=48 DEFAULT CHARSET=latin1 COLLATE=latin1_swedish_ci;

--
-- Dumping data for table `user_quizzes`
--

INSERT INTO `user_quizzes` (`id`, `assignment_id`, `user_id`, `status`, `added_date`, `success`, `finish_date`, `pass_score_point`, `pass_score_perc`) VALUES
(1, 2, 189, 2, '2024-01-07 11:07:14', 0, '2024-01-07 11:49:12', NULL, NULL),
(2, 2, 208, 2, '2024-01-07 13:29:36', 0, '2024-01-07 13:58:56', NULL, NULL),
(3, 2, 201, 2, '2024-01-07 15:04:34', 0, '2024-01-07 15:32:13', NULL, NULL),
(4, 2, 230, 2, '2024-01-07 15:20:14', 0, '2024-01-07 15:23:55', NULL, NULL),
(5, 2, 198, 2, '2024-01-07 17:05:29', 0, '2024-01-07 17:30:35', NULL, NULL),
(6, 2, 195, 2, '2024-01-07 17:08:07', 0, '2024-01-07 17:36:56', NULL, NULL),
(7, 2, 194, 2, '2024-01-07 17:23:29', 0, '2024-01-07 18:21:34', NULL, NULL),
(8, 2, 203, 2, '2024-01-07 17:36:06', 0, '2024-01-07 18:01:03', NULL, NULL),
(9, 2, 197, 2, '2024-01-07 17:36:13', 0, '2024-01-07 17:39:35', NULL, NULL),
(10, 2, 207, 3, '2024-01-07 17:52:00', 0, '2024-01-07 18:52:00', NULL, NULL),
(11, 2, 206, 2, '2024-01-07 18:00:12', 0, '2024-01-07 18:49:19', NULL, NULL),
(12, 2, 181, 2, '2024-01-07 18:20:46', 0, '2024-01-07 19:09:12', NULL, NULL),
(13, 2, 188, 2, '2024-01-07 18:55:27', 0, '2024-01-07 19:46:36', NULL, NULL),
(14, 2, 243, 2, '2024-01-07 18:55:21', 0, '2024-01-07 19:28:05', NULL, NULL),
(15, 2, 184, 2, '2024-01-07 18:58:51', 0, '2024-01-07 19:55:44', NULL, NULL),
(16, 2, 187, 2, '2024-01-07 19:58:12', 0, '2024-01-07 20:49:29', NULL, NULL),
(17, 2, 193, 2, '2024-01-07 20:10:45', 0, '2024-01-07 20:34:36', NULL, NULL),
(18, 2, 209, 2, '2024-01-07 20:06:47', 0, '2024-01-07 20:32:50', NULL, NULL),
(19, 2, 247, 2, '2024-01-07 20:42:13', 0, '2024-01-07 21:02:32', NULL, NULL),
(20, 2, 216, 2, '2024-01-07 20:58:00', 0, '2024-01-07 21:36:36', NULL, NULL),
(21, 2, 217, 2, '2024-01-07 21:24:54', 0, '2024-01-07 21:52:24', NULL, NULL),
(22, 2, 237, 2, '2024-01-07 21:38:10', 0, '2024-01-07 22:24:25', NULL, NULL),
(23, 2, 219, 2, '2024-01-07 23:02:55', 0, '2024-01-07 23:51:15', NULL, NULL),
(24, 2, 212, 3, '2024-01-07 23:17:06', 0, '2024-01-08 00:17:06', NULL, NULL),
(25, 2, 241, 2, '2024-01-08 02:47:30', 0, '2024-01-08 03:28:55', NULL, NULL),
(26, 2, 183, 2, '2024-01-08 05:12:53', 0, '2024-01-08 05:46:20', NULL, NULL),
(27, 2, 204, 2, '2024-01-08 07:44:00', 0, '2024-01-08 08:15:42', NULL, NULL),
(28, 2, 202, 2, '2024-01-08 08:12:06', 0, '2024-01-08 08:14:28', NULL, NULL),
(29, 2, 220, 2, '2024-01-08 08:18:55', 0, '2024-01-08 08:39:18', NULL, NULL),
(30, 2, 196, 2, '2024-01-08 09:19:21', 0, '2024-01-08 09:52:28', NULL, NULL),
(31, 2, 248, 2, '2024-01-08 09:41:57', 0, '2024-01-08 09:46:21', NULL, NULL),
(32, 2, 211, 2, '2024-01-08 10:30:42', 0, '2024-01-08 10:37:10', NULL, NULL),
(33, 2, 222, 2, '2024-01-08 11:01:28', 0, '2024-01-08 11:30:44', NULL, NULL),
(34, 2, 190, 2, '2024-01-08 11:06:45', 0, '2024-01-08 11:39:19', NULL, NULL),
(35, 2, 180, 2, '2024-01-08 11:56:43', 0, '2024-01-08 11:58:09', NULL, NULL),
(36, 2, 226, 2, '2024-01-08 11:23:08', 0, '2024-01-08 12:20:51', NULL, NULL),
(37, 2, 224, 2, '2024-01-08 11:38:25', 0, '2024-01-08 11:59:54', NULL, NULL),
(38, 2, 179, 2, '2024-01-08 11:55:07', 0, '2024-01-08 12:38:30', NULL, NULL),
(39, 2, 244, 2, '2024-01-08 12:04:32', 0, '2024-01-08 12:43:15', NULL, NULL),
(40, 2, 185, 2, '2024-01-08 12:06:44', 0, '2024-01-08 12:20:52', NULL, NULL),
(41, 2, 199, 2, '2024-01-08 12:21:38', 0, '2024-01-08 12:57:06', NULL, NULL),
(42, 2, 186, 2, '2024-01-08 12:21:54', 0, '2024-01-08 12:27:09', NULL, NULL),
(43, 2, 178, 2, '2024-01-08 12:35:06', 0, '2024-01-08 12:38:56', NULL, NULL),
(44, 2, 223, 2, '2024-01-08 13:05:39', 0, '2024-01-08 13:58:11', NULL, NULL),
(45, 2, 177, 2, '2024-01-08 13:07:13', 0, '2024-01-08 13:42:27', NULL, NULL),
(46, 2, 205, 2, '2024-01-08 13:24:12', 0, '2024-01-08 13:35:51', NULL, NULL),
(47, 2, 218, 2, '2024-01-08 13:50:09', 0, '2024-01-08 14:14:15', NULL, NULL);

-- --------------------------------------------------------

--
-- Table structure for table `user_types`
--

DROP TABLE IF EXISTS `user_types`;
CREATE TABLE IF NOT EXISTS `user_types` (
  `id` int(11) NOT NULL,
  `type_name` varchar(200) DEFAULT NULL,
  PRIMARY KEY (`id`)
) ENGINE=InnoDB DEFAULT CHARSET=latin1 COLLATE=latin1_swedish_ci;

--
-- Dumping data for table `user_types`
--

INSERT INTO `user_types` (`id`, `type_name`) VALUES
(1, 'Admin'),
(2, 'User');

-- --------------------------------------------------------

--
-- Table structure for table `v_imported_users`
--

DROP TABLE IF EXISTS `v_imported_users`;
CREATE TABLE IF NOT EXISTS `v_imported_users` (
  `UserID` int(11) DEFAULT NULL,
  `Name` varchar(250) DEFAULT NULL,
  `Surname` varchar(255) DEFAULT NULL,
  `UserName` varchar(150) DEFAULT NULL,
  `Password` varchar(150) DEFAULT NULL
) ENGINE=InnoDB DEFAULT CHARSET=latin1 COLLATE=latin1_swedish_ci;

--
-- Constraints for dumped tables
--

--
-- Constraints for table `answers`
--
ALTER TABLE `answers`
  ADD CONSTRAINT `answers_ibfk_1` FOREIGN KEY (`group_id`) REFERENCES `question_groups` (`id`) ON DELETE CASCADE;
COMMIT;

/*!40101 SET CHARACTER_SET_CLIENT=@OLD_CHARACTER_SET_CLIENT */;
/*!40101 SET CHARACTER_SET_RESULTS=@OLD_CHARACTER_SET_RESULTS */;
/*!40101 SET COLLATION_CONNECTION=@OLD_COLLATION_CONNECTION */;
