-- MySQL Administrator dump 1.4
--
-- ------------------------------------------------------
-- Server version	5.5.8-log


/*!40101 SET @OLD_CHARACTER_SET_CLIENT=@@CHARACTER_SET_CLIENT */;
/*!40101 SET @OLD_CHARACTER_SET_RESULTS=@@CHARACTER_SET_RESULTS */;
/*!40101 SET @OLD_COLLATION_CONNECTION=@@COLLATION_CONNECTION */;
/*!40101 SET NAMES utf8 */;

/*!40014 SET @OLD_UNIQUE_CHECKS=@@UNIQUE_CHECKS, UNIQUE_CHECKS=0 */;
/*!40014 SET @OLD_FOREIGN_KEY_CHECKS=@@FOREIGN_KEY_CHECKS, FOREIGN_KEY_CHECKS=0 */;
/*!40101 SET @OLD_SQL_MODE=@@SQL_MODE, SQL_MODE='NO_AUTO_VALUE_ON_ZERO' */;


--
-- Create schema aptonlineone aptonlinetwo aptonlinethree aptonlinefour aptonlinefive aptonlinesix aptonlineseven aptonlineeight
--

CREATE DATABASE IF NOT EXISTS aptonlineeight;
USE aptonlineeight;

--
-- Definition of table `aa_link`
--

DROP TABLE IF EXISTS `aa_link`;
CREATE TABLE `aa_link` (
  `link_id` int(10) unsigned NOT NULL AUTO_INCREMENT,
  `link_text` varchar(1000) NOT NULL DEFAULT ' ',
  `link_url` varchar(1000) NOT NULL DEFAULT ' ',
  `order_no` int(11) NOT NULL DEFAULT '0',
  `is_active` tinyint(1) NOT NULL DEFAULT '1',
  PRIMARY KEY (`link_id`)
) ENGINE=InnoDB DEFAULT CHARSET=latin1;

--
-- Dumping data for table `aa_link`
--

/*!40000 ALTER TABLE `aa_link` DISABLE KEYS */;
/*!40000 ALTER TABLE `aa_link` ENABLE KEYS */;


--
-- Definition of table `aa_make_score`
--

DROP TABLE IF EXISTS `aa_make_score`;
CREATE TABLE `aa_make_score` (
  `report_id` int(10) unsigned NOT NULL AUTO_INCREMENT,
  `report_name` varchar(100) NOT NULL DEFAULT ' ',
  `test_papers` varchar(2000) NOT NULL DEFAULT ' ',
  `field_list` varchar(1000) NOT NULL DEFAULT ' ',
  `field_caption` varchar(1000) NOT NULL DEFAULT ' ',
  `user_list` varchar(8000) NOT NULL,
  `is_active` tinyint(1) NOT NULL DEFAULT '1',
  PRIMARY KEY (`report_id`)
) ENGINE=InnoDB AUTO_INCREMENT=16 DEFAULT CHARSET=latin1;

--
-- Dumping data for table `aa_make_score`
--

/*!40000 ALTER TABLE `aa_make_score` DISABLE KEYS */;
INSERT INTO `aa_make_score` (`report_id`,`report_name`,`test_papers`,`field_list`,`field_caption`,`user_list`,`is_active`) VALUES 
 (15,'Assessment Test #001','Assessment Test #001','sno, fullname, answered_1, score_1, attendance_1, TestStartedAt_1, TimeSpent_1, username','S. No., Name of Student, Qns Answered (Out of ~qn_count~), Score (Out of ~qn_count~), Attendance, Test Started At, Time Spent (Max ~time_limit~ mins), Login User ID','*',1);
/*!40000 ALTER TABLE `aa_make_score` ENABLE KEYS */;


--
-- Definition of table `aa_mkrpt_field`
--

DROP TABLE IF EXISTS `aa_mkrpt_field`;
CREATE TABLE `aa_mkrpt_field` (
  `field_id` int(10) unsigned NOT NULL AUTO_INCREMENT,
  `field_name` varchar(250) NOT NULL DEFAULT ' ',
  `field_list` varchar(1000) NOT NULL DEFAULT ' ',
  `field_caption` varchar(1000) NOT NULL DEFAULT ' ',
  `is_active` tinyint(1) NOT NULL DEFAULT '1',
  PRIMARY KEY (`field_id`)
) ENGINE=InnoDB AUTO_INCREMENT=11 DEFAULT CHARSET=latin1;

--
-- Dumping data for table `aa_mkrpt_field`
--

/*!40000 ALTER TABLE `aa_mkrpt_field` DISABLE KEYS */;
INSERT INTO `aa_mkrpt_field` (`field_id`,`field_name`,`field_list`,`field_caption`,`is_active`) VALUES 
 (1,'Single Test Paper - Login ID at Last','sno, fullname, answered_1, score_1, attendance_1, username','S. No., Name of Student, Qns Answered (Out of ~qn_count~), Score (Out of ~qn_count~), Attendance, Login User ID',0),
 (2,'Single Test Paper - Test Started At(OFF), Time Spent, Login ID Bef Name','sno, username, fullname, answered_1, score_1, attendance_1, TimeSpent_1','S. No., Login ID, Name of Student, Qns Answered (Out of ~qn_count~), Score (Out of ~qn_count~), Attendance, Time Spent (Max ~time_limit~ mins)',0),
 (3,'Two Test Paper - Test Started At, Time Spent, Login ID at Last','sno, fullname, answered_1, score_1, attendance_1, TestStartedAt_1, TimeSpent_1, answered_2, score_2, attendance_2, TestStartedAt_2, TimeSpent_2, username','S. No., Name of Student, Qns Answered (Out of ~qn_count~), Score (Out of ~qn_count~), Attendance, Test Started At, Time Spent (Max ~time_limit~ mins), Qns Answered (Out of ~qn_count~), Score (Out of ~qn_count~), Attendance, Test Started At, Time Spent (Max ~time_limit~ mins), Login User ID',0),
 (4,'Three Test Paper - Test Started At(OFF), Time Spent, Login ID at Last','sno, username, fullname, answered_1, score_1, attendance_1, TimeSpent_1, answered_2, score_2, attendance_2, TimeSpent_2, answered_3, score_3, attendance_3, TimeSpent_3','S. No., Login ID, Name of Student, Qns Answered (Out of ~qn_count~), Score (Out of ~qn_count~), Attendance, Time Spent (Max ~time_limit~ mins), Qns Answered (Out of ~qn_count~), Score (Out of ~qn_count~), Attendance, Time Spent (Max ~time_limit~ mins), Qns Answered (Out of ~qn_count~), Score (Out of ~qn_count~), Attendance, Time Spent (Max ~time_limit~ mins)',0),
 (5,'Seven Test Paper - Scores Only, Login ID at Last','sno, fullname, score_1, score_2, score_3, score_4, score_5, score_6, score_7, username','S. No., Name of Student, Score (Out of ~qn_count~), Score (Out of ~qn_count~), Score (Out of ~qn_count~), Score (Out of ~qn_count~), Score (Out of ~qn_count~), Score (Out of ~qn_count~), Score (Out of ~qn_count~), Login User ID',0),
 (6,'Four Test Paper - Test Started At, Time Spent, Login ID Bef Name','sno, fullname, answered_1, score_1, attendance_1, TestStartedAt_1, TimeSpent_1, answered_2, score_2, attendance_2, TestStartedAt_2, TimeSpent_2, answered_3, score_3, attendance_3, TestStartedAt_3, TimeSpent_3, answered_4, score_4, attendance_4, TestStartedAt_4, TimeSpent_4, username','S. No., Name of Student, Qns Answered (Out of ~qn_count~), Score (Out of ~qn_count~), Attendance, Test Started At, Time Spent (Max ~time_limit~ mins), Qns Answered (Out of ~qn_count~), Score (Out of ~qn_count~), Attendance, Test Started At, Time Spent (Max ~time_limit~ mins), Qns Answered (Out of ~qn_count~), Score (Out of ~qn_count~), Attendance, Test Started At, Time Spent (Max ~time_limit~ mins), Qns Answered (Out of ~qn_count~), Score (Out of ~qn_count~), Attendance, Test Started At, Time Spent (Max ~time_limit~ mins), Login User ID',0),
 (7,'Analysis - Three Test Paper - (+Remark) Test Started At, Time Spent, Login ID Bef Name','sno, username, fullname, answered_1, score_1, attendance_1, TimeSpent_1, TimePer_1, ScorePer_1, Remark_1, answered_2, score_2, attendance_2, TimeSpent_2, TimePer_1, ScorePer_1, Remark_2, answered_3, score_3, attendance_3, TimeSpent_3, TimePer_1, ScorePer_1, Remark_3','S. No., Login ID, Name of Student, Qns Answered (Out of ~qn_count~), Score (Out of ~qn_count~), Attendance, Time Spent (Max ~time_limit~ mins), Time %(Max 100%), Score %(Max 100%), Remark, Qns Answered (Out of ~qn_count~), Score (Out of ~qn_count~), Attendance, Time Spent (Max ~time_limit~ mins), Time %(Max 100%), Score %(Max 100%), Remark, Qns Answered (Out of ~qn_count~), Score (Out of ~qn_count~), Attendance, Time Spent (Max ~time_limit~ mins),Time %(Max 100%), Score %(Max 100%), Remark',0),
 (8,'Analysis + Rule - Three Test Paper - (+Rule For Remark +Remark) Test Started At, Time Spent, Login ID Bef Name','sno, username, fullname, answered_1, score_1, attendance_1, TimeSpent_1, TimePer_1, ScorePer_1, RuleRemark_1, Remark_1, answered_2, score_2, attendance_2, TimeSpent_2, TimePer_2, ScorePer_2, RuleRemark_2, Remark_2, answered_3, score_3, attendance_3, TimeSpent_3, TimePer_3, ScorePer_3, RuleRemark_3, Remark_3','S. No., Login ID, Name of Student, Qns Answered (Out of ~qn_count~), Score (Out of ~qn_count~), Attendance, Time Spent (Max ~time_limit~ mins), Time %(Max 100%), Score %(Max 100%), Rule For Remark, Remark, Qns Answered (Out of ~qn_count~), Score (Out of ~qn_count~), Attendance, Time Spent (Max ~time_limit~ mins), Time %(Max 100%), Score %(Max 100%), Rule For Remark, Remark, Qns Answered (Out of ~qn_count~), Score (Out of ~qn_count~), Attendance, Time Spent (Max ~time_limit~ mins),Time %(Max 100%), Score %(Max 100%), Rule For Remark, Remark',0),
 (9,'Analysis + Rule - One Test Paper - (+Rule For Remark +Remark) Test Started At, Time Spent, Login ID Bef Name','sno, username, fullname, answered_1, score_1, attendance_1, TimeSpent_1, TimePer_1, ScorePer_1, RuleRemark_1, Remark_1','S. No., Login ID, Name of Student, Qns Answered (Out of ~qn_count~), Score (Out of ~qn_count~), Attendance, Time Spent (Max ~time_limit~ mins), Time %(Max 100%), Score %(Max 100%), Rules For Remark, Remarks',1),
 (10,'Analysis + Rule - Four Test Paper - (+Rule For Remark +Remark) Test Started At, Time Spent, Login ID Bef Name','sno, username, fullname, answered_1, score_1, attendance_1, TimeSpent_1, TimePer_1, ScorePer_1, RuleRemark_1, Remark_1, answered_2, score_2, attendance_2, TimeSpent_2, TimePer_2, ScorePer_2, RuleRemark_2, Remark_2, answered_3, score_3, attendance_3, TimeSpent_3, TimePer_3, ScorePer_3, RuleRemark_3, Remark_3, answered_4, score_4, attendance_4, TimeSpent_4, TimePer_4, ScorePer_4, RuleRemark_4, Remark_4','S. No., Login ID, Name of Student, Qns Answered (Out of ~qn_count~), Score (Out of ~qn_count~), Attendance, Time Spent (Max ~time_limit~ mins), Time %(Max 100%), Score %(Max 100%), Rule For Remark, Remark, Qns Answered (Out of ~qn_count~), Score (Out of ~qn_count~), Attendance, Time Spent (Max ~time_limit~ mins), Time %(Max 100%), Score %(Max 100%), Rule For Remark, Remark, Qns Answered (Out of ~qn_count~), Score (Out of ~qn_count~), Attendance, Time Spent (Max ~time_limit~ mins),Time %(Max 100%), Score %(Max 100%), Rule For Remark, Remark, Qns Answered (Out of ~qn_count~), Score (Out of ~qn_count~), Attendance, Time Spent (Max ~time_limit~ mins),Time %(Max 100%), Score %(Max 100%), Rule For Remark, Remark',0);
/*!40000 ALTER TABLE `aa_mkrpt_field` ENABLE KEYS */;


--
-- Definition of table `aa_mkrpt_usrgroup`
--

DROP TABLE IF EXISTS `aa_mkrpt_usrgroup`;
CREATE TABLE `aa_mkrpt_usrgroup` (
  `group_id` int(10) unsigned NOT NULL AUTO_INCREMENT,
  `group_name` varchar(250) NOT NULL DEFAULT ' ',
  `user_list` varchar(8000) NOT NULL,
  `is_active` tinyint(1) NOT NULL DEFAULT '1',
  PRIMARY KEY (`group_id`)
) ENGINE=InnoDB AUTO_INCREMENT=12 DEFAULT CHARSET=latin1;

--
-- Dumping data for table `aa_mkrpt_usrgroup`
--

/*!40000 ALTER TABLE `aa_mkrpt_usrgroup` DISABLE KEYS */;
INSERT INTO `aa_mkrpt_usrgroup` (`group_id`,`group_name`,`user_list`,`is_active`) VALUES 
 (2,'Ultra','*',0),
 (11,'Ultra','*',1);
/*!40000 ALTER TABLE `aa_mkrpt_usrgroup` ENABLE KEYS */;


--
-- Definition of table `aaaq_bridge_edit`
--

DROP TABLE IF EXISTS `aaaq_bridge_edit`;
CREATE TABLE `aaaq_bridge_edit` (
  `edit_id` int(11) NOT NULL AUTO_INCREMENT,
  `edit_number` int(11) NOT NULL,
  `src_text` longtext NOT NULL,
  `edited_text` longtext,
  `has_edited` int(11) DEFAULT '0',
  PRIMARY KEY (`edit_id`),
  UNIQUE KEY `edit_number` (`edit_number`)
) ENGINE=InnoDB AUTO_INCREMENT=11 DEFAULT CHARSET=latin1;

--
-- Dumping data for table `aaaq_bridge_edit`
--

/*!40000 ALTER TABLE `aaaq_bridge_edit` DISABLE KEYS */;
INSERT INTO `aaaq_bridge_edit` (`edit_id`,`edit_number`,`src_text`,`edited_text`,`has_edited`) VALUES 
 (1,1,'<div>\n	<p>\n		Get elements into 2 dimensional matrix. Print the element only if it is prime number.</p>\n	<div>\n		<strong>Input Format:</strong></div>\n	<p>\n		In the first line, get row and column value of a 2 dimensional matrix.</p>\n	<p>\n		In second line, get the list of values.</p>\n	<div>\n		<strong>Output Format:</strong></div>\n	<p>\n		In the second line, Print only prime numbers from the matrix.</p>\n	<div>\n		<strong>Note (Important Instruction):</strong></div>\n	<p>\n		1. Do not give extra text during input and output, other than in the test cases.</p>\n	<p>\n		2. Write a function called <strong>findprime()</strong>, to find the prime numbers from the matrix and there is no negative prime number.</p>\n	<p>\n		3.&nbsp;Array size should not exceed 5 x 5.</p>\n</div>\n<div><strong>Test Case 1</strong></div><div  style=\"margin-left:0.5in;\">\n    <div><strong>Input</strong></div>\n   <div>\n    <pre>3 2\n10 6 5 8 7 2</pre>\n    </div>\n    <div>\n     <strong>Output</strong></div>\n    <div>\n     <pre>5 7 2 </pre>\n     </div>\n    </div><div><strong>Test Case 2</strong></div><div  style=\"margin-left:0.5in;\">\n    <div><strong>Input</strong></div>\n   <div>\n    <pre>3 3\n8 12 13 9 7 29 2 5 25</pre>\n    </div>\n    <div>\n     <strong>Output</strong></div>\n    <div>\n     <pre>13 7 29 2 5 </pre>\n     </div>\n    </div>','<div>\n	<p>\n		Get two strings from the user as input and check anagram or not.</p>\n	<div>\n		<strong>Input Format:</strong></div>\n	<p>\n		In the first line, get one string.</p>\n	<p>\n		In second line, get another string.</p>\n	<div>\n		<strong>Output Format:</strong></div>\n	<p>\n		Print the string is anagram or not.</p>\n	<div>\n		<strong>Note (Important Instruction):</strong></div>\n	<p>\n		1. Do not give extra text during input and output, other than in the test cases.</p>\n	<p>\n		2. After getting two strings, sort the two strings character sequence using sort() function and compare two strings using compare() if the two strings are equal only. Otherwise don&rsquo;t start the process.</p>\n	<p>\n		3.&nbsp;String.h is not permitted. String maximum length is 20.</p>\n</div>\n<div>\n	<strong>Test Case 1</strong></div>\n<div style=\"margin-left:0.5in;\">\n	<div>\n		<strong>Input</strong></div>\n	<div>\n		<pre>\n3 2\n10 6 5 8 7 2</pre>\n	</div>\n	<div>\n		<strong>Output</strong></div>\n	<div>\n		<pre>\n5 7 2 </pre>\n	</div>\n</div>\n<div>\n	<strong>Test Case 2</strong></div>\n<div style=\"margin-left:0.5in;\">\n	<div>\n		<strong>Input</strong></div>\n	<div>\n		<pre>\n3 3\n8 12 13 9 7 29 2 5 25</pre>\n	</div>\n	<div>\n		<strong>Output</strong></div>\n	<div>\n		<pre>\n13 7 29 2 5 </pre>\n	</div>\n</div>\n<p>\n	&nbsp;</p>\n',1),
 (2,2,'<div>\n	<p>\n		Get the positive integer from the user and find the number is perfect square root or not.</p>\n	<div>\n		<strong>Input Format:</strong></div>\n	<p>\n		In the first line, get one positive integer.</p>\n	<div>\n		<strong>Output Format:</strong></div>\n	<p>\n		In the second line, Print perfect square or not.</p>\n	<div>\n		<strong>Note (Important Instruction):</strong></div>\n	<p>\n		1. Do not give extra text during input and output, other than in the test cases.</p>\n	<p>\n		2. Write a function called <strong>checksqrt()</strong> and pass one positive integer as an argument. Check that number is perfect square root or not. If it is so, print <strong>Perfect Square root</strong>. Otherwise, print -1.</p>\n</div>\n<div><strong>Test Case 1</strong></div><div  style=\"margin-left:0.5in;\">\n    <div><strong>Input</strong></div>\n   <div>\n    <pre>16</pre>\n    </div>\n    <div>\n     <strong>Output</strong></div>\n    <div>\n     <pre>Perfect Square root</pre>\n     </div>\n    </div><div><strong>Test Case 2</strong></div><div  style=\"margin-left:0.5in;\">\n    <div><strong>Input</strong></div>\n   <div>\n    <pre>10</pre>\n    </div>\n    <div>\n     <strong>Output</strong></div>\n    <div>\n     <pre>-1</pre>\n     </div>\n    </div>','<div>\n	<p>\n		Get list of values into an array and find perfect square root number or not.</p>\n	<div>\n		<strong>Input Format:</strong></div>\n	<p>\n		In the first line, get one positive integer that indicates no of elements.</p>\n	<p>\n		In second line give list of values one by one.</p>\n	<div>\n		<strong>Output Format:</strong></div>\n	<p>\n		In the third line, Print the perfect square root numbers.</p>\n	<div>\n		<strong>Note (Important Instruction):</strong></div>\n	<p>\n		1. Do not give extra text during input and output, other than in the test cases.</p>\n	<p>\n		2. Get values one by one. After getting all the values, that must be passed to one function called checksquareroot(). If the number is perfect square root then print the number otherwise don&rsquo;t print that number. If there is no perfect number in that list print -1.</p>\n</div>\n<div>\n	<strong>Test Case 1</strong></div>\n<div style=\"margin-left:0.5in;\">\n	<div>\n		<strong>Input</strong></div>\n	<div>\n		<pre>\n16</pre>\n	</div>\n	<div>\n		<strong>Output</strong></div>\n	<div>\n		<pre>\nPerfect Square root</pre>\n	</div>\n</div>\n<div>\n	<strong>Test Case 2</strong></div>\n<div style=\"margin-left:0.5in;\">\n	<div>\n		<strong>Input</strong></div>\n	<div>\n		<pre>\n10</pre>\n	</div>\n	<div>\n		<strong>Output</strong></div>\n	<div>\n		<pre>\n-1</pre>\n	</div>\n</div>\n<p>\n	&nbsp;</p>\n',1),
 (3,3,'<div>\n <p>\n  Get two marks from the user and find the two marks are equal or not.</p>\n <div>\n  <strong>Input Format:</strong></div>\n <p>\n  In the first line, get the input for two integers <strong>m1</strong> and <strong>m2</strong>.</p>\n <div>\n  <strong>Output Format:</strong></div>\n <p>\n  In the second line, print the output <strong>Equal</strong> or <strong>Not equal</strong></p>\n <div>\n  <strong>Note (Important Instruction):</strong></div>\n <p>\n  1. Do not give extra text during input and output, other than in the test cases.</p>\n <p>\n  2. Don&rsquo;t use relational operators for checking the condition.</p>\n</div>\n<div><strong>Test Case 1</strong></div><div  style=\"margin-left:0.5in;\"><div>\n   <strong>Input</strong></div>\n  <div>\n   <pre>10 12</pre>\n  </div>\n  <div>\n   <strong>Output</strong></div>\n  <div>\n   <pre>Not equal</pre>\n  </div>\n </div><div><strong>Test Case 2</strong></div><div  style=\"margin-left:0.5in;\"><div>\n   <strong>Input</strong></div>\n  <div>\n   <pre>2 2</pre>\n  </div>\n  <div>\n   <strong>Output</strong></div>\n  <div>\n   <pre>Equal</pre>\n  </div>\n </div>','<div>\n	<p>\n		Get elements into 2 dimensional matrix. Print the element only if it is prime number.</p>\n	<div>\n		<strong>Input Format:</strong></div>\n	<p>\n		In the first line, get row and column value of a 2 dimensional matrix.</p>\n	<p>\n		In second line, get the list of values.</p>\n	<div>\n		<strong>Output Format:</strong></div>\n	<p>\n		In the second line, Print only prime numbers from the matrix.</p>\n	<div>\n		<strong>Note (Important Instruction):</strong></div>\n	<p>\n		1. Do not give extra text during input and output, other than in the test cases.</p>\n	<p>\n		2. Write a function called findprime(), to find the prime numbers from the matrix and there is no negative prime number.</p>\n	<p>\n		3.&nbsp;Array size should not exceed 5 x 5.</p>\n</div>\n<div>\n	<strong>Test Case 1</strong></div>\n<div style=\"margin-left:0.5in;\">\n	<div>\n		<strong>Input</strong></div>\n	<div>\n		<pre>\n10 12</pre>\n	</div>\n	<div>\n		<strong>Output</strong></div>\n	<div>\n		<pre>\nNot equal</pre>\n	</div>\n</div>\n<div>\n	<strong>Test Case 2</strong></div>\n<div style=\"margin-left:0.5in;\">\n	<div>\n		<strong>Input</strong></div>\n	<div>\n		<pre>\n2 2</pre>\n	</div>\n	<div>\n		<strong>Output</strong></div>\n	<div>\n		<pre>\nEqual</pre>\n	</div>\n</div>\n<p>\n	&nbsp;</p>\n',1),
 (4,4,'<div>\n	<p>\n		Get elements into 2 dimensional matrix. Print the element only if it is prime number.</p>\n	<div>\n		<strong>Input Format:</strong></div>\n	<p>\n		In the first line, get row and column value of a 2 dimensional matrix.</p>\n	<p>\n		In second line, get the list of values.</p>\n	<div>\n		<strong>Output Format:</strong></div>\n	<p>\n		In the second line, Print only prime numbers from the matrix.</p>\n	<div>\n		<strong>Note (Important Instruction):</strong></div>\n	<p>\n		1. Do not give extra text during input and output, other than in the test cases.</p>\n	<p>\n		2. Write a function called findprime(), to find the prime numbers from the matrix and there is no negative prime number.</p>\n	<p>\n		3.&nbsp;Array size should not exceed 5 x 5.</p>\n</div>\n<div><strong>Test Case 1</strong></div><div  style=\"margin-left:0.5in;\">\n    <div><strong>Input</strong></div>\n   <div>\n    <pre>3 2\n10 6 5 8 7 2</pre>\n    </div>\n    <div>\n     <strong>Output</strong></div>\n    <div>\n     <pre>5 7 2 </pre>\n     </div>\n    </div><div><strong>Test Case 2</strong></div><div  style=\"margin-left:0.5in;\">\n    <div><strong>Input</strong></div>\n   <div>\n    <pre>3 3\n8 12 13 9 7 29 2 5 25</pre>\n    </div>\n    <div>\n     <strong>Output</strong></div>\n    <div>\n     <pre>13 7 29 2 5 </pre>\n     </div>\n    </div>','<div>\n	<p>\n		Get elements into 2 dimensional matrix. Print the element only if it is prime number.</p>\n	<div>\n		<strong>Input Format:</strong></div>\n	<p>\n		In the first line, get row and column value of a 2 dimensional matrix.</p>\n	<p>\n		In second line, get the list of values.</p>\n	<div>\n		<strong>Output Format:</strong></div>\n	<p>\n		In the second line, Print only prime numbers from the matrix.</p>\n	<div>\n		<strong>Note (Important Instruction):</strong></div>\n	<p>\n		1. Do not give extra text during input and output, other than in the test cases.</p>\n	<p>\n		2. Write a function called <strong>findprime()</strong>, to find the prime numbers from the matrix and there is no negative prime number.</p>\n	<p>\n		3.&nbsp;Array size should not exceed 5 x 5.</p>\n</div>\n<div>\n	<strong>Test Case 1</strong></div>\n<div style=\"margin-left:0.5in;\">\n	<div>\n		<strong>Input</strong></div>\n	<div>\n		<pre>\n3 2\n10 6 5 8 7 2</pre>\n	</div>\n	<div>\n		<strong>Output</strong></div>\n	<div>\n		<pre>\n5 7 2 </pre>\n	</div>\n</div>\n<div>\n	<strong>Test Case 2</strong></div>\n<div style=\"margin-left:0.5in;\">\n	<div>\n		<strong>Input</strong></div>\n	<div>\n		<pre>\n3 3\n8 12 13 9 7 29 2 5 25</pre>\n	</div>\n	<div>\n		<strong>Output</strong></div>\n	<div>\n		<pre>\n13 7 29 2 5 </pre>\n	</div>\n</div>\n<p>\n	&nbsp;</p>\n',1),
 (5,5,'<div>\n <p>\n  Get two marks from the user and find the two marks are equal or not.</p>\n <div>\n  <strong>Input Format:</strong></div>\n <p>\n  In the first line, get the input for two integers <strong>m1</strong> and <strong>m2</strong>.</p>\n <div>\n  <strong>Output Format:</strong></div>\n <p>\n  In the second line, print the output <strong>Equal</strong> or <strong>Not equal</strong></p>\n <div>\n  <strong>Note (Important Instruction):</strong></div>\n <p>\n  1. Do not give extra text during input and output, other than in the test cases.</p>\n <p>\n  2. Don&rsquo;t use relational operators for checking the condition.</p>\n</div>\n<div><strong>Test Case 1</strong></div><div  style=\"margin-left:0.5in;\"><div>\n   <strong>Input</strong></div>\n  <div>\n   <pre>10 12</pre>\n  </div>\n  <div>\n   <strong>Output</strong></div>\n  <div>\n   <pre>Not equal</pre>\n  </div>\n </div><div><strong>Test Case 2</strong></div><div  style=\"margin-left:0.5in;\"><div>\n   <strong>Input</strong></div>\n  <div>\n   <pre>2 2</pre>\n  </div>\n  <div>\n   <strong>Output</strong></div>\n  <div>\n   <pre>Equal</pre>\n  </div>\n </div>','<div>\n	<p>\n		Get the positive integer from the user and find the number is perfect square root or not.</p>\n	<div>\n		<strong>Input Format:</strong></div>\n	<p>\n		In the first line, get one positive integer.</p>\n	<div>\n		<strong>Output Format:</strong></div>\n	<p>\n		In the second line, Print perfect square or not.</p>\n	<div>\n		<strong>Note (Important Instruction):</strong></div>\n	<p>\n		1. Do not give extra text during input and output, other than in the test cases.</p>\n	<p>\n		2. Write a function called <strong>checksqrt()</strong> and pass one positive integer as an argument. Check that number is perfect square root or not. If it is so, print <strong>Perfect Square</strong> root. Otherwise, print -1.</p>\n</div>\n<div>\n	<strong>Test Case 1</strong></div>\n<div style=\"margin-left:0.5in;\">\n	<div>\n		<strong>Input</strong></div>\n	<div>\n		<pre>\n10 12</pre>\n	</div>\n	<div>\n		<strong>Output</strong></div>\n	<div>\n		<pre>\nNot equal</pre>\n	</div>\n</div>\n<div>\n	<strong>Test Case 2</strong></div>\n<div style=\"margin-left:0.5in;\">\n	<div>\n		<strong>Input</strong></div>\n	<div>\n		<pre>\n2 2</pre>\n	</div>\n	<div>\n		<strong>Output</strong></div>\n	<div>\n		<pre>\nEqual</pre>\n	</div>\n</div>\n<p>\n	&nbsp;</p>\n',1),
 (6,6,'<div>\n	<p>\n		Get the positive integer from the user and find the number is perfect square root or not.</p>\n	<div>\n		<strong>Input Format:</strong></div>\n	<p>\n		In the first line, get one positive integer.</p>\n	<div>\n		<strong>Output Format:</strong></div>\n	<p>\n		In the second line, Print perfect square or not.</p>\n	<div>\n		<strong>Note (Important Instruction):</strong></div>\n	<p>\n		1. Do not give extra text during input and output, other than in the test cases.</p>\n	<p>\n		2. Write a function called <strong>checksqrt()</strong> and pass one positive integer as an argument. Check that number is perfect square root or not. If it is so, print <strong>Perfect Square</strong> root. Otherwise, print -1.</p>\n</div>\n<div>\n	<strong>Test Case 1</strong></div>\n<div style=\"margin-left:0.5in;\">\n	<div>\n		<strong>Input</strong></div>\n	<div>\n		<pre>\n10 12</pre>\n	</div>\n	<div>\n		<strong>Output</strong></div>\n	<div>\n		<pre>\nNot equal</pre>\n	</div>\n</div>\n<div>\n	<strong>Test Case 2</strong></div>\n<div style=\"margin-left:0.5in;\">\n	<div>\n		<strong>Input</strong></div>\n	<div>\n		<pre>\n2 2</pre>\n	</div>\n	<div>\n		<strong>Output</strong></div>\n	<div>\n		<pre>\nEqual</pre>\n	</div>\n</div>\n<p>\n	&nbsp;</p>\n','<div>\n	<p>\n		Get the positive integer from the user and find the number is perfect square root or not.</p>\n	<div>\n		<strong>Input Format:</strong></div>\n	<p>\n		In the first line, get one positive integer.</p>\n	<div>\n		<strong>Output Format:</strong></div>\n	<p>\n		In the second line, Print perfect square or not.</p>\n	<div>\n		<strong>Note (Important Instruction):</strong></div>\n	<p>\n		1. Do not give extra text during input and output, other than in the test cases.</p>\n	<p>\n		2. Write a function called <strong>checksqrt()</strong> and pass one positive integer as an argument. Check that number is perfect square root or not. If it is so, print <strong>Perfect square root</strong>. Otherwise, print -1.</p>\n</div>\n<div>\n	<strong>Test Case 1</strong></div>\n<div style=\"margin-left:0.5in;\">\n	<div>\n		<strong>Input</strong></div>\n	<div>\n		<pre>\n10 12</pre>\n	</div>\n	<div>\n		<strong>Output</strong></div>\n	<div>\n		<pre>\nNot equal</pre>\n	</div>\n</div>\n<div>\n	<strong>Test Case 2</strong></div>\n<div style=\"margin-left:0.5in;\">\n	<div>\n		<strong>Input</strong></div>\n	<div>\n		<pre>\n2 2</pre>\n	</div>\n	<div>\n		<strong>Output</strong></div>\n	<div>\n		<pre>\nEqual</pre>\n	</div>\n</div>\n<p>\n	&nbsp;</p>\n',1),
 (7,7,'<div>\n	<p>\n		Get the positive integer from the user and find the number is perfect square root or not.</p>\n	<div>\n		<strong>Input Format:</strong></div>\n	<p>\n		In the first line, get one positive integer.</p>\n	<div>\n		<strong>Output Format:</strong></div>\n	<p>\n		In the second line, Print perfect square or not.</p>\n	<div>\n		<strong>Note (Important Instruction):</strong></div>\n	<p>\n		1. Do not give extra text during input and output, other than in the test cases.</p>\n	<p>\n		2. Write a function called <strong>checksqrt()</strong> and pass one positive integer as an argument. Check that number is perfect square root or not. If it is so, print <strong>Perfect square root</strong>. Otherwise, print -1.</p>\n</div>\n<div>\n	<strong>Test Case 1</strong></div>\n<div style=\"margin-left:0.5in;\">\n	<div>\n		<strong>Input</strong></div>\n	<div>\n		<pre>\n10 12</pre>\n	</div>\n	<div>\n		<strong>Output</strong></div>\n	<div>\n		<pre>\nNot equal</pre>\n	</div>\n</div>\n<div>\n	<strong>Test Case 2</strong></div>\n<div style=\"margin-left:0.5in;\">\n	<div>\n		<strong>Input</strong></div>\n	<div>\n		<pre>\n2 2</pre>\n	</div>\n	<div>\n		<strong>Output</strong></div>\n	<div>\n		<pre>\nEqual</pre>\n	</div>\n</div>\n<p>\n	&nbsp;</p>\n','<div>\n	<p>\n		Get the positive integer from the user and find the number is perfect square root or not.</p>\n	<div>\n		<strong>Input Format:</strong></div>\n	<p>\n		In the first line, get one positive integer.</p>\n	<div>\n		<strong>Output Format:</strong></div>\n	<p>\n		In the second line, Print perfect square or not.</p>\n	<div>\n		<strong>Note (Important Instruction):</strong></div>\n	<p>\n		1. Do not give extra text during input and output, other than in the test cases.</p>\n	<p>\n		2. Write a function called <strong>checksqrt()</strong> and pass one positive integer as an argument. Check that number is perfect square root or not. If it is so, print <strong>Perfect Square root</strong>. Otherwise, print -1.</p>\n</div>\n<div>\n	<strong>Test Case 1</strong></div>\n<div style=\"margin-left:0.5in;\">\n	<div>\n		<strong>Input</strong></div>\n	<div>\n		<pre>\n10 12</pre>\n	</div>\n	<div>\n		<strong>Output</strong></div>\n	<div>\n		<pre>\nNot equal</pre>\n	</div>\n</div>\n<div>\n	<strong>Test Case 2</strong></div>\n<div style=\"margin-left:0.5in;\">\n	<div>\n		<strong>Input</strong></div>\n	<div>\n		<pre>\n2 2</pre>\n	</div>\n	<div>\n		<strong>Output</strong></div>\n	<div>\n		<pre>\nEqual</pre>\n	</div>\n</div>\n<p>\n	&nbsp;</p>\n',1),
 (8,8,'<h2>\n        <strong>Test Organized by</strong></h2>\n    <h2 style=\"border-bottom: 1px solid #F4F5F7;margin-bottom:5px;padding-bottom:5px;\">\n        <span style=\"color:red\">Apt Training Resources</span></h2>\n    <h2>\n        <strong>Total number of questions: 10 Questions</strong></h2>\n    <h2>\n        <strong>Maximum Time Limit: 20 minutes</strong></h2>\n    <p style=\"border-top: 1px solid #F4F5F7;margin-top:5px;padding-top:5px;\">\n        Please click on the&nbsp;<strong>Continue</strong>&nbsp;button only after reading the instructions thoroughly.</p>\n    <p>\n        <strong><u>Instructions:</u></strong></p>\n    <p>\n        1. For every question, click the answer option &amp; then click the&nbsp;<strong>Save</strong>&nbsp;button to save the answer for that particular question. Clicking on the&nbsp;<strong>Save </strong>button is essential for the answer to be saved.</p>\n    <p>\n        2. Do not keep on pressing the&nbsp;<strong>Save </strong>button for the same question again &amp; again. Clicking once is enough.</p>\n    <p>\n        3. Clicking on the particular question number (available on the right side or bottom side) will take you directly to the particular question, but click it only after you have pressed the&nbsp;<strong>Save </strong>button for that question, that you are currently attending in the test.&nbsp;</p>\n    <p>\n        4. If after choosing the correct option, you click on the&nbsp;<strong>Previous</strong>&nbsp;button, instead of the&nbsp;<strong>Save </strong>button, even then answers will be saved. Don&rsquo;t worry.</p>\n    <p>\n        5. If you click the correct option and then click the&nbsp;<strong>Question number link</strong>&nbsp;in the right or in the bottom or if u click the <strong>Instruction page link</strong>, without pressing the&nbsp;<strong>Save </strong>button, answer won&rsquo;t be saved. Clicking on the&nbsp;<strong>Save </strong>button is essential for the answer to be saved.</p>\n    <p>\n        6. If you exceed the time limit for the test, the answers for which u have clicked the&nbsp;<strong>Save </strong>button alone, will automatically be saved &amp; it will take you to the home page.</p>\n    <p>\n        7. If incase u want to check the remaining time available for u any time during the test, u can scroll up, to see the timer on the right top corner.</p>\n    <p>\n        8. Once you have finished the test, click the&nbsp;<strong>Finish</strong>&nbsp;button available in the top right corner.</p>\n        ','<h2>\n        <strong>Test Organized by</strong></h2>\n    <h2 style=\"border-bottom: 1px solid #F4F5F7;margin-bottom:5px;padding-bottom:5px;\">\n        <span style=\"color:red\">Apt Training Resources</span></h2>\n    <h2>\n        <strong>Total number of questions: 10 Questions</strong></h2>\n    <h2>\n        <strong>Maximum Time Limit: 20 minutes</strong></h2>\n    <p style=\"border-top: 1px solid #F4F5F7;margin-top:5px;padding-top:5px;\">\n        Please click on the&nbsp;<strong>Continue</strong>&nbsp;button only after reading the instructions thoroughly.</p>\n    <p>\n        <strong><u>Instructions:</u></strong></p>\n    <p>\n        1. For every question, click the answer option &amp; then click the&nbsp;<strong>Save</strong>&nbsp;button to save the answer for that particular question. Clicking on the&nbsp;<strong>Save </strong>button is essential for the answer to be saved.</p>\n    <p>\n        2. Do not keep on pressing the&nbsp;<strong>Save </strong>button for the same question again &amp; again. Clicking once is enough.</p>\n    <p>\n        3. Clicking on the particular question number (available on the right side or bottom side) will take you directly to the particular question, but click it only after you have pressed the&nbsp;<strong>Save </strong>button for that question, that you are currently attending in the test.&nbsp;</p>\n    <p>\n        4. If after choosing the correct option, you click on the&nbsp;<strong>Previous</strong>&nbsp;button, instead of the&nbsp;<strong>Save </strong>button, even then answers will be saved. Don&rsquo;t worry.</p>\n    <p>\n        5. If you click the correct option and then click the&nbsp;<strong>Question number link</strong>&nbsp;in the right or in the bottom or if u click the <strong>Instruction page link</strong>, without pressing the&nbsp;<strong>Save </strong>button, answer won&rsquo;t be saved. Clicking on the&nbsp;<strong>Save </strong>button is essential for the answer to be saved.</p>\n    <p>\n        6. If you exceed the time limit for the test, the answers for which u have clicked the&nbsp;<strong>Save </strong>button alone, will automatically be saved &amp; it will take you to the home page.</p>\n    <p>\n        7. If incase u want to check the remaining time available for u any time during the test, u can scroll up, to see the timer on the right top corner.</p>\n    <p>\n        8. Once you have finished the test, click the&nbsp;<strong>Finish</strong>&nbsp;button available in the top right corner.</p>\n        ',0),
 (9,9,'<div>\n	<p>\n		Get the list of values into an array. Print the unique values only.</p>\n	<div>\n		<strong>Input Format:</strong></div>\n	<p>\n		In the first line, get one positive integer, that indicates no of elements.</p>\n	<p>\n		In second line give the list of values.</p>\n	<div>\n		<strong>Output Format:</strong></div>\n	<p>\n		In the third line, Print the unique values of the array.</p>\n	<div>\n		<strong>Note (Important Instruction):</strong></div>\n	<p>\n		1. Do not give extra text during input and output, other than in the test cases.</p>\n	<p>\n		2. If array is having duplicate values, that values will be printed only once.</p>\n	<p>\n		3.&nbsp;You have to write a program using function <strong>removeduplicate()</strong> and you have to pass two arguments. First argument is array name and second one is number of values.</p>\n	<p>\n		4. Array size should not exceed 100.</p>\n</div>\n<div><strong>Test Case 1</strong></div><div  style=\"margin-left:0.5in;\">\n    <div><strong>Input</strong></div>\n   <div>\n    <pre>10\n1 2 3 1 8 2 3 9 4 5</pre>\n    </div>\n    <div>\n     <strong>Output</strong></div>\n    <div>\n     <pre>1 2 3 8 9 4 5 </pre>\n     </div>\n    </div><div><strong>Test Case 2</strong></div><div  style=\"margin-left:0.5in;\">\n    <div><strong>Input</strong></div>\n   <div>\n    <pre>5\n0 1 0 1 1</pre>\n    </div>\n    <div>\n     <strong>Output</strong></div>\n    <div>\n     <pre>0 1 </pre>\n     </div>\n    </div>','<div>\n	<p>\n		Get the list of values into an array. Print the unique values only.</p>\n	<div>\n		<strong>Input Format:</strong></div>\n	<p>\n		In the first line, get one positive integer, that indicates no of elements.</p>\n	<p>\n		In second line give the list of values.</p>\n	<div>\n		<strong>Output Format:</strong></div>\n	<p>\n		In the third line, Print the unique values of the array.</p>\n	<div>\n		<strong>Note (Important Instruction):</strong></div>\n	<p>\n		1. Do not give extra text during input and output, other than in the test cases.</p>\n	<p>\n		2. If array is having duplicate values, that values will be printed only once.</p>\n	<p>\n		3.&nbsp;You have to write a program using function <strong>removeduplicate()</strong> and you have to pass two arguments. First argument is array name and second one is number of values.</p>\n	<p>\n		4. Array size should not exceed 100.</p>\n</div>\n<div><strong>Test Case 1</strong></div><div  style=\"margin-left:0.5in;\">\n    <div><strong>Input</strong></div>\n   <div>\n    <pre>10\n1 2 3 1 8 2 3 9 4 5</pre>\n    </div>\n    <div>\n     <strong>Output</strong></div>\n    <div>\n     <pre>1 2 3 8 9 4 5 </pre>\n     </div>\n    </div><div><strong>Test Case 2</strong></div><div  style=\"margin-left:0.5in;\">\n    <div><strong>Input</strong></div>\n   <div>\n    <pre>5\n0 1 0 1 1</pre>\n    </div>\n    <div>\n     <strong>Output</strong></div>\n    <div>\n     <pre>0 1 </pre>\n     </div>\n    </div>',0),
 (10,10,'<div>\n	<p>\n		Get the list of values into an array. Print the unique values only.</p>\n	<div>\n		<strong>Input Format:</strong></div>\n	<p>\n		In the first line, get one positive integer, that indicates no of elements.</p>\n	<p>\n		In second line give the list of values.</p>\n	<div>\n		<strong>Output Format:</strong></div>\n	<p>\n		In the third line, Print the unique values of the array.</p>\n	<div>\n		<strong>Note (Important Instruction):</strong></div>\n	<p>\n		1. Do not give extra text during input and output, other than in the test cases.</p>\n	<p>\n		2. If array is having duplicate values, that values will be printed only once.</p>\n	<p>\n		3.&nbsp;You have to write a program using function <strong>removeduplicate()</strong> and you have to pass two arguments. First argument is array name and second one is number of values.</p>\n	<p>\n		4. Array size should not exceed 100.</p>\n</div>\n<div><strong>Test Case 1</strong></div><div  style=\"margin-left:0.5in;\">\n    <div><strong>Input</strong></div>\n   <div>\n    <pre>10\n1 2 3 1 8 2 3 9 4 5</pre>\n    </div>\n    <div>\n     <strong>Output</strong></div>\n    <div>\n     <pre>1 2 3 8 9 4 5 </pre>\n     </div>\n    </div><div><strong>Test Case 2</strong></div><div  style=\"margin-left:0.5in;\">\n    <div><strong>Input</strong></div>\n   <div>\n    <pre>5\n0 1 0 1 1</pre>\n    </div>\n    <div>\n     <strong>Output</strong></div>\n    <div>\n     <pre>0 1 </pre>\n     </div>\n    </div>','<div>\n	<p>\n		Two numbers are entered through the keyboard. Write a program to find the value of one number raised to the power of another.</p>\n	<div>\n		<strong>Input Format:</strong></div>\n	<p>\n		In the first line, get two integers.</p>\n	<div>\n		<strong>Output Format:</strong></div>\n	<p>\n		In second line,&nbsp;Print the power(a,b).</p>\n	<div>\n		<strong>Note (Important Instruction):</strong></div>\n	<p>\n		1. Do not give extra text during input and output, other than in the test cases.</p>\n	<p>\n		2. Find the power(a,b) without using pow() in math.h&nbsp;</p>\n	<p>\n		3. You have to write a program using function called power() and you have to pass two arguments. First argument is the base value and second argument is power value.</p>\n	<p>\n		4. Positive and negative values are applicable.</p>\n</div>\n<div>\n	<strong>Test Case 1</strong></div>\n<div style=\"margin-left:0.5in;\">\n	<div>\n		<strong>Input</strong></div>\n	<div>\n		<pre>\n10\n1 2 3 1 8 2 3 9 4 5</pre>\n	</div>\n	<div>\n		<strong>Output</strong></div>\n	<div>\n		<pre>\n1 2 3 8 9 4 5 </pre>\n	</div>\n</div>\n<div>\n	<strong>Test Case 2</strong></div>\n<div style=\"margin-left:0.5in;\">\n	<div>\n		<strong>Input</strong></div>\n	<div>\n		<pre>\n5\n0 1 0 1 1</pre>\n	</div>\n	<div>\n		<strong>Output</strong></div>\n	<div>\n		<pre>\n0 1 </pre>\n	</div>\n</div>\n<p>\n	&nbsp;</p>\n',1);
/*!40000 ALTER TABLE `aaaq_bridge_edit` ENABLE KEYS */;


--
-- Definition of table `aaaq_bridge_pref`
--

DROP TABLE IF EXISTS `aaaq_bridge_pref`;
CREATE TABLE `aaaq_bridge_pref` (
  `pref_id` int(11) NOT NULL AUTO_INCREMENT,
  `edit_number` int(11) NOT NULL DEFAULT '0',
  PRIMARY KEY (`pref_id`)
) ENGINE=InnoDB AUTO_INCREMENT=2 DEFAULT CHARSET=latin1;

--
-- Dumping data for table `aaaq_bridge_pref`
--

/*!40000 ALTER TABLE `aaaq_bridge_pref` DISABLE KEYS */;
INSERT INTO `aaaq_bridge_pref` (`pref_id`,`edit_number`) VALUES 
 (1,2);
/*!40000 ALTER TABLE `aaaq_bridge_pref` ENABLE KEYS */;


--
-- Definition of table `answers`
--

DROP TABLE IF EXISTS `answers`;
CREATE TABLE `answers` (
  `id` int(11) NOT NULL AUTO_INCREMENT,
  `group_id` int(11) NOT NULL,
  `answer_text` varchar(800) CHARACTER SET utf8 DEFAULT NULL,
  `answer_image` varchar(450) CHARACTER SET utf8 DEFAULT NULL,
  `correct_answer` int(11) NOT NULL,
  `priority` int(11) DEFAULT NULL,
  `correct_answer_text` varchar(800) CHARACTER SET utf8 DEFAULT NULL,
  `answer_pos` int(11) NOT NULL DEFAULT '0',
  `parent_id` int(11) NOT NULL,
  `answer_text_eng` varchar(800) CHARACTER SET utf8 DEFAULT NULL,
  `control_type` int(11) DEFAULT NULL,
  `answer_parent_id` int(11) DEFAULT NULL,
  `text_unit` char(10) CHARACTER SET utf8 NOT NULL DEFAULT '',
  PRIMARY KEY (`id`),
  KEY `group_id` (`group_id`),
  CONSTRAINT `answers_ibfk_1` FOREIGN KEY (`group_id`) REFERENCES `question_groups` (`id`) ON DELETE CASCADE
) ENGINE=InnoDB AUTO_INCREMENT=151 DEFAULT CHARSET=latin1;

--
-- Dumping data for table `answers`
--

/*!40000 ALTER TABLE `answers` DISABLE KEYS */;
INSERT INTO `answers` (`id`,`group_id`,`answer_text`,`answer_image`,`correct_answer`,`priority`,`correct_answer_text`,`answer_pos`,`parent_id`,`answer_text_eng`,`control_type`,`answer_parent_id`,`text_unit`) VALUES 
 (1,1,'18 days',NULL,0,0,'',0,0,NULL,1,0,''),
 (2,1,'25 days',NULL,0,0,'',0,0,NULL,1,0,''),
 (3,1,'16 days',NULL,1,0,'',0,0,NULL,1,0,''),
 (4,1,'15 days',NULL,0,0,'',0,0,NULL,1,0,''),
 (5,1,'10 days',NULL,0,0,'',0,0,NULL,1,0,''),
 (6,2,'32 days',NULL,1,0,'',0,0,NULL,1,0,''),
 (7,2,'25 days',NULL,0,0,'',0,0,NULL,1,0,''),
 (8,2,'18 days',NULL,0,0,'',0,0,NULL,1,0,''),
 (9,2,'15 days',NULL,0,0,'',0,0,NULL,1,0,''),
 (10,2,'10 days',NULL,0,0,'',0,0,NULL,1,0,''),
 (11,3,'1200 chairs',NULL,0,0,'',0,0,NULL,1,0,''),
 (12,3,'1380 chairs',NULL,1,0,'',0,0,NULL,1,0,''),
 (13,3,'380 chairs',NULL,0,0,'',0,0,NULL,1,0,''),
 (14,3,'1250 chairs',NULL,0,0,'',0,0,NULL,1,0,''),
 (15,3,'2000 chairs',NULL,0,0,'',0,0,NULL,1,0,''),
 (16,4,'10 binders',NULL,0,0,'',0,0,NULL,1,0,''),
 (17,4,'5 binders',NULL,0,0,'',0,0,NULL,1,0,''),
 (18,4,'15 binders',NULL,0,0,'',0,0,NULL,1,0,''),
 (19,4,'11 binders',NULL,1,0,'',0,0,NULL,1,0,''),
 (20,4,'25 binders',NULL,0,0,'',0,0,NULL,1,0,''),
 (21,5,'8 days',NULL,0,0,'',0,0,NULL,1,0,''),
 (22,5,'9 days',NULL,0,0,'',0,0,NULL,1,0,''),
 (23,5,'4 days',NULL,0,0,'',0,0,NULL,1,0,''),
 (24,5,'5 days',NULL,0,0,'',0,0,NULL,1,0,''),
 (25,5,'3 days',NULL,1,0,'',0,0,NULL,1,0,''),
 (26,6,'120 men',NULL,0,0,'',0,0,NULL,1,0,''),
 (27,6,'110 men',NULL,1,0,'',0,0,NULL,1,0,''),
 (28,6,'115 men',NULL,0,0,'',0,0,NULL,1,0,''),
 (29,6,'130 men',NULL,0,0,'',0,0,NULL,1,0,''),
 (30,6,'95 men',NULL,0,0,'',0,0,NULL,1,0,''),
 (31,7,'180 days',NULL,0,0,'',0,0,NULL,1,0,''),
 (32,7,'250 days',NULL,0,0,'',0,0,NULL,1,0,''),
 (33,7,'285 days',NULL,1,0,'',0,0,NULL,1,0,''),
 (34,7,'165 days',NULL,0,0,'',0,0,NULL,1,0,''),
 (35,7,'210 days',NULL,0,0,'',0,0,NULL,1,0,''),
 (36,8,'3:5',NULL,0,0,'',0,0,NULL,1,0,''),
 (37,8,'4:5',NULL,0,0,'',0,0,NULL,1,0,''),
 (38,8,'6:7',NULL,0,0,'',0,0,NULL,1,0,''),
 (39,8,'6:5',NULL,1,0,'',0,0,NULL,1,0,''),
 (40,8,'7:6',NULL,0,0,'',0,0,NULL,1,0,''),
 (41,9,'10 days',NULL,0,0,'',0,0,NULL,1,0,''),
 (42,9,'25 days',NULL,0,0,'',0,0,NULL,1,0,''),
 (43,9,'18 days',NULL,0,0,'',0,0,NULL,1,0,''),
 (44,9,'15((1/2)) days',NULL,0,0,'',0,0,NULL,1,0,''),
 (45,9,'13(1/3) days',NULL,1,0,'',0,0,NULL,1,0,''),
 (46,10,'10 men',NULL,0,0,'',0,0,NULL,1,0,''),
 (47,10,'25 men',NULL,0,0,'',0,0,NULL,1,0,''),
 (48,10,'18 men',NULL,0,0,'',0,0,NULL,1,0,''),
 (49,10,'15 men',NULL,0,0,'',0,0,NULL,1,0,''),
 (50,10,'30 men',NULL,1,0,'',0,0,NULL,1,0,''),
 (51,11,'12 mats',NULL,0,0,'',0,0,NULL,1,0,''),
 (52,11,'20 mats',NULL,0,0,'',0,0,NULL,1,0,''),
 (53,11,'16 mats',NULL,1,0,'',0,0,NULL,1,0,''),
 (54,11,'40 mats',NULL,0,0,'',0,0,NULL,1,0,''),
 (55,11,'52 mats',NULL,0,0,'',0,0,NULL,1,0,''),
 (56,12,'40 days',NULL,1,0,'',0,0,NULL,1,0,''),
 (57,12,'25 days',NULL,0,0,'',0,0,NULL,1,0,''),
 (58,12,'18 days',NULL,0,0,'',0,0,NULL,1,0,''),
 (59,12,'17 (1/2) days',NULL,0,0,'',0,0,NULL,1,0,''),
 (60,12,'10 days',NULL,0,0,'',0,0,NULL,1,0,''),
 (61,13,'20 men',NULL,0,0,'',0,0,NULL,1,0,''),
 (62,13,'30 men',NULL,1,0,'',0,0,NULL,1,0,''),
 (63,13,'40 men',NULL,0,0,'',0,0,NULL,1,0,''),
 (64,13,'50 men',NULL,0,0,'',0,0,NULL,1,0,''),
 (65,13,'80 men',NULL,0,0,'',0,0,NULL,1,0,''),
 (66,14,'36 men',NULL,0,0,'',0,0,NULL,1,0,''),
 (67,14,'46 men',NULL,0,0,'',0,0,NULL,1,0,''),
 (68,14,'56 men',NULL,1,0,'',0,0,NULL,1,0,''),
 (69,14,'66 men',NULL,0,0,'',0,0,NULL,1,0,''),
 (70,14,'76 men',NULL,0,0,'',0,0,NULL,1,0,''),
 (71,15,'12 days',NULL,0,0,'',0,0,NULL,1,0,''),
 (72,15,'13 days',NULL,0,0,'',0,0,NULL,1,0,''),
 (73,15,'14 days',NULL,0,0,'',0,0,NULL,1,0,''),
 (74,15,'15 days',NULL,1,0,'',0,0,NULL,1,0,''),
 (75,15,'17 days',NULL,0,0,'',0,0,NULL,1,0,''),
 (76,16,'40 mts',NULL,0,0,'',0,0,NULL,1,0,''),
 (77,16,'50 mts',NULL,0,0,'',0,0,NULL,1,0,''),
 (78,16,'60 mts',NULL,0,0,'',0,0,NULL,1,0,''),
 (79,16,'70 mts',NULL,1,0,'',0,0,NULL,1,0,''),
 (80,16,'75 mts',NULL,0,0,'',0,0,NULL,1,0,''),
 (81,17,'30 days',NULL,0,0,'',0,0,NULL,1,0,''),
 (82,17,'40days',NULL,0,0,'',0,0,NULL,1,0,''),
 (83,17,'50days',NULL,0,0,'',0,0,NULL,1,0,''),
 (84,17,'60days',NULL,1,0,'',0,0,NULL,1,0,''),
 (85,17,'34 days',NULL,0,0,'',0,0,NULL,1,0,''),
 (86,18,'Rs 71',NULL,0,0,'',0,0,NULL,1,0,''),
 (87,18,'Rs 81',NULL,0,0,'',0,0,NULL,1,0,''),
 (88,18,'Rs 91',NULL,1,0,'',0,0,NULL,1,0,''),
 (89,18,'Rs 101',NULL,0,0,'',0,0,NULL,1,0,''),
 (90,18,'Rs 101',NULL,0,0,'',0,0,NULL,1,0,''),
 (91,19,'350hectares',NULL,0,0,'',0,0,NULL,1,0,''),
 (92,19,'400hectares',NULL,0,0,'',0,0,NULL,1,0,''),
 (93,19,'425hectares',NULL,0,0,'',0,0,NULL,1,0,''),
 (94,19,'450hectares',NULL,1,0,'',0,0,NULL,1,0,''),
 (95,19,'480hectares',NULL,0,0,'',0,0,NULL,1,0,''),
 (96,20,'135 men',NULL,0,0,'',0,0,NULL,1,0,''),
 (97,20,'165 men',NULL,0,0,'',0,0,NULL,1,0,''),
 (98,20,'150 men',NULL,0,0,'',0,0,NULL,1,0,''),
 (99,20,'180 men',NULL,0,0,'',0,0,NULL,1,0,''),
 (100,20,'300 men',NULL,1,0,'',0,0,NULL,1,0,''),
 (101,21,'1 day',NULL,0,0,'',0,0,NULL,1,0,''),
 (102,21,'3 days',NULL,0,0,'',0,0,NULL,1,0,''),
 (103,21,'7days',NULL,1,0,'',0,0,NULL,1,0,''),
 (104,21,'14 days',NULL,0,0,'',0,0,NULL,1,0,''),
 (105,21,'12 days',NULL,0,0,'',0,0,NULL,1,0,''),
 (106,22,'648 bottles',NULL,0,0,'',0,0,NULL,1,0,''),
 (107,22,'1,800bottles',NULL,1,0,'',0,0,NULL,1,0,''),
 (108,22,'2,700 bottles',NULL,0,0,'',0,0,NULL,1,0,''),
 (109,22,'10,800 bottles',NULL,0,0,'',0,0,NULL,1,0,''),
 (110,22,'10,400 bottles',NULL,0,0,'',0,0,NULL,1,0,''),
 (111,23,'1 day',NULL,0,0,'',0,0,NULL,1,0,''),
 (112,23,'7 days',NULL,0,0,'',0,0,NULL,1,0,''),
 (113,23,'5 days',NULL,1,0,'',0,0,NULL,1,0,''),
 (114,23,'8 days',NULL,0,0,'',0,0,NULL,1,0,''),
 (115,23,'9 days',NULL,0,0,'',0,0,NULL,1,0,''),
 (116,24,'46 mts',NULL,0,0,'',0,0,NULL,1,0,''),
 (117,24,'47 mts',NULL,0,0,'',0,0,NULL,1,0,''),
 (118,24,'48 mts',NULL,0,0,'',0,0,NULL,1,0,''),
 (119,24,'49 mts',NULL,1,0,'',0,0,NULL,1,0,''),
 (120,24,'45 mts',NULL,0,0,'',0,0,NULL,1,0,''),
 (121,25,'18 days',NULL,0,0,'',0,0,NULL,1,0,''),
 (122,25,'21 days',NULL,1,0,'',0,0,NULL,1,0,''),
 (123,25,'24 days',NULL,0,0,'',0,0,NULL,1,0,''),
 (124,25,'30 days',NULL,0,0,'',0,0,NULL,1,0,''),
 (125,25,'32 days',NULL,0,0,'',0,0,NULL,1,0,''),
 (126,26,'11 days',NULL,0,0,'',0,0,NULL,1,0,''),
 (127,26,'12 days',NULL,0,0,'',0,0,NULL,1,0,''),
 (128,26,'13days',NULL,1,0,'',0,0,NULL,1,0,''),
 (129,26,'14 days',NULL,0,0,'',0,0,NULL,1,0,''),
 (130,26,'15 days',NULL,0,0,'',0,0,NULL,1,0,''),
 (131,27,'9 hrs',NULL,0,0,'',0,0,NULL,1,0,''),
 (132,27,'10 hrs',NULL,0,0,'',0,0,NULL,1,0,''),
 (133,27,'11 hrs',NULL,0,0,'',0,0,NULL,1,0,''),
 (134,27,'12 hrs',NULL,1,0,'',0,0,NULL,1,0,''),
 (135,27,'14 hrs',NULL,0,0,'',0,0,NULL,1,0,''),
 (136,28,'Rs (xy/d)',NULL,0,0,'',0,0,NULL,1,0,''),
 (137,28,'Rs(xd)',NULL,0,0,'',0,0,NULL,1,0,''),
 (138,28,'Rs (yd)',NULL,0,0,'',0,0,NULL,1,0,''),
 (139,28,'Rs (yd/x)',NULL,1,0,'',0,0,NULL,1,0,''),
 (140,28,'Rs (yd/y)',NULL,0,0,'',0,0,NULL,1,0,''),
 (141,29,'14th element',NULL,0,0,'',0,0,NULL,1,0,''),
 (142,29,'9th element',NULL,0,0,'',0,0,NULL,1,0,''),
 (143,29,'12th element',NULL,1,0,'',0,0,NULL,1,0,''),
 (144,29,'7th element',NULL,0,0,'',0,0,NULL,1,0,''),
 (145,29,'8th element',NULL,0,0,'',0,0,NULL,1,0,''),
 (146,30,'18 boys',NULL,0,0,'',0,0,NULL,1,0,''),
 (147,30,'14boys',NULL,1,0,'',0,0,NULL,1,0,''),
 (148,30,'22 boys',NULL,0,0,'',0,0,NULL,1,0,''),
 (149,30,'24 boys',NULL,0,0,'',0,0,NULL,1,0,''),
 (150,30,'26 boys',NULL,0,0,'',0,0,NULL,1,0,'');
/*!40000 ALTER TABLE `answers` ENABLE KEYS */;


--
-- Definition of table `apt_tp_rule`
--

DROP TABLE IF EXISTS `apt_tp_rule`;
CREATE TABLE `apt_tp_rule` (
  `tp_id` bigint(20) unsigned NOT NULL,
  `rule` varchar(4000) NOT NULL DEFAULT '',
  PRIMARY KEY (`tp_id`)
) ENGINE=InnoDB DEFAULT CHARSET=latin1;

--
-- Dumping data for table `apt_tp_rule`
--

/*!40000 ALTER TABLE `apt_tp_rule` DISABLE KEYS */;
INSERT INTO `apt_tp_rule` (`tp_id`,`rule`) VALUES 
 (1,''),
 (2,''),
 (3,''),
 (4,''),
 (5,''),
 (6,''),
 (7,''),
 (8,''),
 (9,''),
 (10,''),
 (11,''),
 (12,''),
 (13,''),
 (14,''),
 (15,''),
 (16,''),
 (17,''),
 (18,''),
 (19,''),
 (20,'');
/*!40000 ALTER TABLE `apt_tp_rule` ENABLE KEYS */;


--
-- Definition of table `assignment_users`
--

DROP TABLE IF EXISTS `assignment_users`;
CREATE TABLE `assignment_users` (
  `id` int(11) NOT NULL AUTO_INCREMENT,
  `assignment_id` int(11) NOT NULL DEFAULT '0',
  `user_type` int(11) NOT NULL DEFAULT '0',
  `user_id` int(11) NOT NULL DEFAULT '0',
  `shuffled_qn_ids` varchar(8000) NOT NULL DEFAULT '',
  `answered_ids` varchar(8000) NOT NULL DEFAULT '',
  `qns_time_spent` varchar(8000) NOT NULL DEFAULT ' ',
  `qns_visited` varchar(8000) NOT NULL DEFAULT ' ',
  `time_test_init` datetime DEFAULT NULL,
  `time_test_start` datetime DEFAULT NULL,
  `time_test_lastqn_answered` datetime DEFAULT NULL,
  `time_test_end` datetime DEFAULT NULL,
  `count_qns_answered` int(10) unsigned NOT NULL DEFAULT '0',
  `count_qns_correct` int(10) unsigned NOT NULL DEFAULT '0',
  `count_qns_visited` int(10) unsigned NOT NULL DEFAULT '0',
  `count_test_page_away` int(10) unsigned NOT NULL DEFAULT '0',
  `count_test_app_away` int(10) unsigned NOT NULL DEFAULT '0',
  PRIMARY KEY (`id`),
  KEY `assignment_id` (`assignment_id`)
) ENGINE=InnoDB AUTO_INCREMENT=1012 DEFAULT CHARSET=latin1;

--
-- Dumping data for table `assignment_users`
--

/*!40000 ALTER TABLE `assignment_users` DISABLE KEYS */;
INSERT INTO `assignment_users` (`id`,`assignment_id`,`user_type`,`user_id`,`shuffled_qn_ids`,`answered_ids`,`qns_time_spent`,`qns_visited`,`time_test_init`,`time_test_start`,`time_test_lastqn_answered`,`time_test_end`,`count_qns_answered`,`count_qns_correct`,`count_qns_visited`,`count_test_page_away`,`count_test_app_away`) VALUES 
 (1,1,1,2,'','',' ',' ',NULL,NULL,NULL,NULL,0,0,0,0,0),
 (2,1,1,3,'','',' ',' ',NULL,NULL,NULL,NULL,0,0,0,0,0),
 (3,1,1,4,'','',' ',' ',NULL,NULL,NULL,NULL,0,0,0,0,0),
 (4,1,1,5,'','',' ',' ',NULL,NULL,NULL,NULL,0,0,0,0,0),
 (5,1,1,6,'','',' ',' ',NULL,NULL,NULL,NULL,0,0,0,0,0),
 (6,1,1,7,'','',' ',' ',NULL,NULL,NULL,NULL,0,0,0,0,0),
 (7,1,1,8,'','',' ',' ',NULL,NULL,NULL,NULL,0,0,0,0,0),
 (8,1,1,9,'','',' ',' ',NULL,NULL,NULL,NULL,0,0,0,0,0),
 (9,1,1,10,'','',' ',' ',NULL,NULL,NULL,NULL,0,0,0,0,0),
 (10,1,1,11,'','',' ',' ',NULL,NULL,NULL,NULL,0,0,0,0,0),
 (11,1,1,12,'','',' ',' ',NULL,NULL,NULL,NULL,0,0,0,0,0),
 (12,1,1,13,'','',' ',' ',NULL,NULL,NULL,NULL,0,0,0,0,0),
 (13,1,1,14,'','',' ',' ',NULL,NULL,NULL,NULL,0,0,0,0,0),
 (14,1,1,15,'','',' ',' ',NULL,NULL,NULL,NULL,0,0,0,0,0),
 (15,1,1,16,'','',' ',' ',NULL,NULL,NULL,NULL,0,0,0,0,0),
 (16,1,1,17,'','',' ',' ',NULL,NULL,NULL,NULL,0,0,0,0,0),
 (17,1,1,18,'','',' ',' ',NULL,NULL,NULL,NULL,0,0,0,0,0),
 (18,1,1,19,'','',' ',' ',NULL,NULL,NULL,NULL,0,0,0,0,0),
 (19,1,1,20,'','',' ',' ',NULL,NULL,NULL,NULL,0,0,0,0,0),
 (20,1,1,21,'','',' ',' ',NULL,NULL,NULL,NULL,0,0,0,0,0),
 (21,1,1,22,'','',' ',' ',NULL,NULL,NULL,NULL,0,0,0,0,0),
 (22,1,1,23,'','',' ',' ',NULL,NULL,NULL,NULL,0,0,0,0,0),
 (23,1,1,24,'','',' ',' ',NULL,NULL,NULL,NULL,0,0,0,0,0),
 (24,1,1,25,'','',' ',' ',NULL,NULL,NULL,NULL,0,0,0,0,0),
 (25,1,1,26,'','',' ',' ',NULL,NULL,NULL,NULL,0,0,0,0,0),
 (26,1,1,27,'','',' ',' ',NULL,NULL,NULL,NULL,0,0,0,0,0),
 (27,1,1,28,'','',' ',' ',NULL,NULL,NULL,NULL,0,0,0,0,0),
 (28,1,1,29,'','',' ',' ',NULL,NULL,NULL,NULL,0,0,0,0,0),
 (29,1,1,30,'','',' ',' ',NULL,NULL,NULL,NULL,0,0,0,0,0),
 (30,1,1,31,'','',' ',' ',NULL,NULL,NULL,NULL,0,0,0,0,0),
 (31,1,1,32,'','',' ',' ',NULL,NULL,NULL,NULL,0,0,0,0,0),
 (32,1,1,33,'','',' ',' ',NULL,NULL,NULL,NULL,0,0,0,0,0),
 (33,1,1,34,'','',' ',' ',NULL,NULL,NULL,NULL,0,0,0,0,0),
 (34,1,1,35,'','',' ',' ',NULL,NULL,NULL,NULL,0,0,0,0,0),
 (35,1,1,36,'','',' ',' ',NULL,NULL,NULL,NULL,0,0,0,0,0),
 (36,1,1,37,'','',' ',' ',NULL,NULL,NULL,NULL,0,0,0,0,0),
 (37,1,1,38,'','',' ',' ',NULL,NULL,NULL,NULL,0,0,0,0,0),
 (38,1,1,39,'','',' ',' ',NULL,NULL,NULL,NULL,0,0,0,0,0),
 (39,1,1,40,'','',' ',' ',NULL,NULL,NULL,NULL,0,0,0,0,0),
 (40,1,1,41,'','',' ',' ',NULL,NULL,NULL,NULL,0,0,0,0,0),
 (41,1,1,42,'','',' ',' ',NULL,NULL,NULL,NULL,0,0,0,0,0),
 (42,1,1,43,'','',' ',' ',NULL,NULL,NULL,NULL,0,0,0,0,0),
 (43,1,1,44,'','',' ',' ',NULL,NULL,NULL,NULL,0,0,0,0,0),
 (44,1,1,45,'','',' ',' ',NULL,NULL,NULL,NULL,0,0,0,0,0),
 (45,1,1,46,'','',' ',' ',NULL,NULL,NULL,NULL,0,0,0,0,0),
 (46,1,1,47,'','',' ',' ',NULL,NULL,NULL,NULL,0,0,0,0,0),
 (47,1,1,48,'','',' ',' ',NULL,NULL,NULL,NULL,0,0,0,0,0),
 (48,1,1,49,'','',' ',' ',NULL,NULL,NULL,NULL,0,0,0,0,0),
 (49,1,1,50,'','',' ',' ',NULL,NULL,NULL,NULL,0,0,0,0,0),
 (50,1,1,51,'','',' ',' ',NULL,NULL,NULL,NULL,0,0,0,0,0),
 (51,1,1,52,'','',' ',' ',NULL,NULL,NULL,NULL,0,0,0,0,0),
 (52,1,1,53,'','',' ',' ',NULL,NULL,NULL,NULL,0,0,0,0,0),
 (53,1,1,54,'','',' ',' ',NULL,NULL,NULL,NULL,0,0,0,0,0),
 (54,1,1,55,'','',' ',' ',NULL,NULL,NULL,NULL,0,0,0,0,0),
 (55,1,1,56,'','',' ',' ',NULL,NULL,NULL,NULL,0,0,0,0,0),
 (56,1,1,57,'','',' ',' ',NULL,NULL,NULL,NULL,0,0,0,0,0),
 (57,1,1,58,'','',' ',' ',NULL,NULL,NULL,NULL,0,0,0,0,0),
 (58,1,1,59,'','',' ',' ',NULL,NULL,NULL,NULL,0,0,0,0,0),
 (59,1,1,60,'','',' ',' ',NULL,NULL,NULL,NULL,0,0,0,0,0),
 (60,1,1,61,'','',' ',' ',NULL,NULL,NULL,NULL,0,0,0,0,0),
 (61,1,1,62,'','',' ',' ',NULL,NULL,NULL,NULL,0,0,0,0,0),
 (62,1,1,63,'','',' ',' ',NULL,NULL,NULL,NULL,0,0,0,0,0),
 (63,1,1,64,'','',' ',' ',NULL,NULL,NULL,NULL,0,0,0,0,0),
 (64,1,1,65,'','',' ',' ',NULL,NULL,NULL,NULL,0,0,0,0,0),
 (65,1,1,66,'','',' ',' ',NULL,NULL,NULL,NULL,0,0,0,0,0),
 (66,1,1,67,'','',' ',' ',NULL,NULL,NULL,NULL,0,0,0,0,0),
 (67,1,1,68,'','',' ',' ',NULL,NULL,NULL,NULL,0,0,0,0,0),
 (68,1,1,69,'','',' ',' ',NULL,NULL,NULL,NULL,0,0,0,0,0),
 (69,1,1,70,'','',' ',' ',NULL,NULL,NULL,NULL,0,0,0,0,0),
 (70,1,1,71,'','',' ',' ',NULL,NULL,NULL,NULL,0,0,0,0,0),
 (71,1,1,72,'','',' ',' ',NULL,NULL,NULL,NULL,0,0,0,0,0),
 (72,1,1,73,'','',' ',' ',NULL,NULL,NULL,NULL,0,0,0,0,0),
 (73,1,1,74,'','',' ',' ',NULL,NULL,NULL,NULL,0,0,0,0,0),
 (74,1,1,75,'','',' ',' ',NULL,NULL,NULL,NULL,0,0,0,0,0),
 (75,1,1,76,'','',' ',' ',NULL,NULL,NULL,NULL,0,0,0,0,0),
 (76,2,1,77,'','',' ',' ',NULL,NULL,NULL,NULL,0,0,0,0,0),
 (77,2,1,78,'','',' ',' ',NULL,NULL,NULL,NULL,0,0,0,0,0),
 (78,2,1,79,'','',' ',' ',NULL,NULL,NULL,NULL,0,0,0,0,0),
 (79,2,1,80,'','',' ',' ',NULL,NULL,NULL,NULL,0,0,0,0,0),
 (80,2,1,81,'','',' ',' ',NULL,NULL,NULL,NULL,0,0,0,0,0),
 (81,2,1,82,'','',' ',' ',NULL,NULL,NULL,NULL,0,0,0,0,0),
 (82,2,1,83,'','',' ',' ',NULL,NULL,NULL,NULL,0,0,0,0,0),
 (83,2,1,84,'','',' ',' ',NULL,NULL,NULL,NULL,0,0,0,0,0),
 (84,2,1,85,'','',' ',' ',NULL,NULL,NULL,NULL,0,0,0,0,0),
 (85,2,1,86,'','',' ',' ',NULL,NULL,NULL,NULL,0,0,0,0,0),
 (86,2,1,87,'','',' ',' ',NULL,NULL,NULL,NULL,0,0,0,0,0),
 (87,2,1,88,'','',' ',' ',NULL,NULL,NULL,NULL,0,0,0,0,0),
 (88,2,1,89,'','',' ',' ',NULL,NULL,NULL,NULL,0,0,0,0,0),
 (89,2,1,90,'','',' ',' ',NULL,NULL,NULL,NULL,0,0,0,0,0),
 (90,2,1,91,'','',' ',' ',NULL,NULL,NULL,NULL,0,0,0,0,0),
 (91,2,1,92,'','',' ',' ',NULL,NULL,NULL,NULL,0,0,0,0,0),
 (92,2,1,93,'','',' ',' ',NULL,NULL,NULL,NULL,0,0,0,0,0),
 (93,2,1,94,'','',' ',' ',NULL,NULL,NULL,NULL,0,0,0,0,0),
 (94,2,1,95,'','',' ',' ',NULL,NULL,NULL,NULL,0,0,0,0,0),
 (95,2,1,96,'','',' ',' ',NULL,NULL,NULL,NULL,0,0,0,0,0),
 (96,2,1,97,'','',' ',' ',NULL,NULL,NULL,NULL,0,0,0,0,0),
 (97,2,1,98,'','',' ',' ',NULL,NULL,NULL,NULL,0,0,0,0,0),
 (98,2,1,99,'','',' ',' ',NULL,NULL,NULL,NULL,0,0,0,0,0),
 (99,2,1,100,'','',' ',' ',NULL,NULL,NULL,NULL,0,0,0,0,0),
 (100,2,1,101,'','',' ',' ',NULL,NULL,NULL,NULL,0,0,0,0,0),
 (101,2,1,102,'','',' ',' ',NULL,NULL,NULL,NULL,0,0,0,0,0),
 (102,2,1,103,'','',' ',' ',NULL,NULL,NULL,NULL,0,0,0,0,0),
 (103,2,1,104,'','',' ',' ',NULL,NULL,NULL,NULL,0,0,0,0,0),
 (104,2,1,105,'','',' ',' ',NULL,NULL,NULL,NULL,0,0,0,0,0),
 (105,2,1,106,'','',' ',' ',NULL,NULL,NULL,NULL,0,0,0,0,0),
 (106,2,1,107,'','',' ',' ',NULL,NULL,NULL,NULL,0,0,0,0,0),
 (107,2,1,108,'','',' ',' ',NULL,NULL,NULL,NULL,0,0,0,0,0),
 (108,2,1,109,'','',' ',' ',NULL,NULL,NULL,NULL,0,0,0,0,0),
 (109,2,1,110,'','',' ',' ',NULL,NULL,NULL,NULL,0,0,0,0,0),
 (110,2,1,111,'','',' ',' ',NULL,NULL,NULL,NULL,0,0,0,0,0),
 (111,2,1,112,'','',' ',' ',NULL,NULL,NULL,NULL,0,0,0,0,0),
 (112,2,1,113,'','',' ',' ',NULL,NULL,NULL,NULL,0,0,0,0,0),
 (113,2,1,114,'','',' ',' ',NULL,NULL,NULL,NULL,0,0,0,0,0),
 (114,2,1,115,'','',' ',' ',NULL,NULL,NULL,NULL,0,0,0,0,0),
 (115,2,1,116,'','',' ',' ',NULL,NULL,NULL,NULL,0,0,0,0,0),
 (116,2,1,117,'','',' ',' ',NULL,NULL,NULL,NULL,0,0,0,0,0),
 (117,2,1,118,'','',' ',' ',NULL,NULL,NULL,NULL,0,0,0,0,0),
 (118,2,1,119,'','',' ',' ',NULL,NULL,NULL,NULL,0,0,0,0,0),
 (119,2,1,120,'','',' ',' ',NULL,NULL,NULL,NULL,0,0,0,0,0),
 (120,2,1,121,'','',' ',' ',NULL,NULL,NULL,NULL,0,0,0,0,0),
 (121,2,1,122,'','',' ',' ',NULL,NULL,NULL,NULL,0,0,0,0,0),
 (122,2,1,123,'','',' ',' ',NULL,NULL,NULL,NULL,0,0,0,0,0),
 (123,2,1,124,'','',' ',' ',NULL,NULL,NULL,NULL,0,0,0,0,0),
 (124,2,1,125,'','',' ',' ',NULL,NULL,NULL,NULL,0,0,0,0,0),
 (125,2,1,126,'','',' ',' ',NULL,NULL,NULL,NULL,0,0,0,0,0),
 (126,2,1,127,'','',' ',' ',NULL,NULL,NULL,NULL,0,0,0,0,0),
 (127,2,1,128,'','',' ',' ',NULL,NULL,NULL,NULL,0,0,0,0,0),
 (128,2,1,129,'','',' ',' ',NULL,NULL,NULL,NULL,0,0,0,0,0),
 (129,2,1,130,'','',' ',' ',NULL,NULL,NULL,NULL,0,0,0,0,0),
 (130,2,1,131,'','',' ',' ',NULL,NULL,NULL,NULL,0,0,0,0,0),
 (131,2,1,132,'','',' ',' ',NULL,NULL,NULL,NULL,0,0,0,0,0),
 (132,2,1,133,'','',' ',' ',NULL,NULL,NULL,NULL,0,0,0,0,0),
 (133,2,1,134,'','',' ',' ',NULL,NULL,NULL,NULL,0,0,0,0,0),
 (134,2,1,135,'','',' ',' ',NULL,NULL,NULL,NULL,0,0,0,0,0),
 (135,2,1,136,'','',' ',' ',NULL,NULL,NULL,NULL,0,0,0,0,0),
 (136,2,1,137,'','',' ',' ',NULL,NULL,NULL,NULL,0,0,0,0,0),
 (137,2,1,138,'','',' ',' ',NULL,NULL,NULL,NULL,0,0,0,0,0),
 (138,2,1,139,'','',' ',' ',NULL,NULL,NULL,NULL,0,0,0,0,0),
 (139,2,1,140,'','',' ',' ',NULL,NULL,NULL,NULL,0,0,0,0,0),
 (140,2,1,141,'','',' ',' ',NULL,NULL,NULL,NULL,0,0,0,0,0),
 (141,2,1,142,'','',' ',' ',NULL,NULL,NULL,NULL,0,0,0,0,0),
 (142,2,1,143,'','',' ',' ',NULL,NULL,NULL,NULL,0,0,0,0,0),
 (143,2,1,144,'','',' ',' ',NULL,NULL,NULL,NULL,0,0,0,0,0),
 (144,2,1,145,'','',' ',' ',NULL,NULL,NULL,NULL,0,0,0,0,0),
 (145,2,1,146,'','',' ',' ',NULL,NULL,NULL,NULL,0,0,0,0,0),
 (146,2,1,147,'','',' ',' ',NULL,NULL,NULL,NULL,0,0,0,0,0),
 (147,2,1,148,'','',' ',' ',NULL,NULL,NULL,NULL,0,0,0,0,0),
 (148,2,1,149,'','',' ',' ',NULL,NULL,NULL,NULL,0,0,0,0,0),
 (149,2,1,150,'','',' ',' ',NULL,NULL,NULL,NULL,0,0,0,0,0),
 (150,2,1,151,'','',' ',' ',NULL,NULL,NULL,NULL,0,0,0,0,0),
 (151,2,1,152,'','',' ',' ',NULL,NULL,NULL,NULL,0,0,0,0,0),
 (152,2,1,153,'','',' ',' ',NULL,NULL,NULL,NULL,0,0,0,0,0),
 (153,2,1,154,'','',' ',' ',NULL,NULL,NULL,NULL,0,0,0,0,0),
 (154,2,1,155,'','',' ',' ',NULL,NULL,NULL,NULL,0,0,0,0,0),
 (155,2,1,156,'','',' ',' ',NULL,NULL,NULL,NULL,0,0,0,0,0),
 (156,2,1,157,'','',' ',' ',NULL,NULL,NULL,NULL,0,0,0,0,0),
 (157,2,1,158,'','',' ',' ',NULL,NULL,NULL,NULL,0,0,0,0,0),
 (158,2,1,159,'','',' ',' ',NULL,NULL,NULL,NULL,0,0,0,0,0),
 (159,2,1,160,'','',' ',' ',NULL,NULL,NULL,NULL,0,0,0,0,0),
 (160,2,1,161,'','',' ',' ',NULL,NULL,NULL,NULL,0,0,0,0,0),
 (161,2,1,162,'','',' ',' ',NULL,NULL,NULL,NULL,0,0,0,0,0),
 (162,2,1,163,'','',' ',' ',NULL,NULL,NULL,NULL,0,0,0,0,0),
 (163,2,1,164,'','',' ',' ',NULL,NULL,NULL,NULL,0,0,0,0,0),
 (164,2,1,165,'','',' ',' ',NULL,NULL,NULL,NULL,0,0,0,0,0),
 (165,2,1,166,'','',' ',' ',NULL,NULL,NULL,NULL,0,0,0,0,0),
 (166,2,1,167,'','',' ',' ',NULL,NULL,NULL,NULL,0,0,0,0,0),
 (167,2,1,168,'','',' ',' ',NULL,NULL,NULL,NULL,0,0,0,0,0),
 (168,2,1,169,'','',' ',' ',NULL,NULL,NULL,NULL,0,0,0,0,0),
 (169,2,1,170,'','',' ',' ',NULL,NULL,NULL,NULL,0,0,0,0,0),
 (170,2,1,171,'','',' ',' ',NULL,NULL,NULL,NULL,0,0,0,0,0),
 (171,2,1,172,'','',' ',' ',NULL,NULL,NULL,NULL,0,0,0,0,0),
 (172,2,1,173,'','',' ',' ',NULL,NULL,NULL,NULL,0,0,0,0,0),
 (173,2,1,174,'','',' ',' ',NULL,NULL,NULL,NULL,0,0,0,0,0),
 (174,2,1,175,'','',' ',' ',NULL,NULL,NULL,NULL,0,0,0,0,0),
 (175,2,1,176,'','',' ',' ',NULL,NULL,NULL,NULL,0,0,0,0,0),
 (176,2,1,177,'','',' ',' ',NULL,NULL,NULL,NULL,0,0,0,0,0),
 (177,2,1,178,'','',' ',' ',NULL,NULL,NULL,NULL,0,0,0,0,0),
 (178,2,1,179,'','',' ',' ',NULL,NULL,NULL,NULL,0,0,0,0,0),
 (179,2,1,180,'','',' ',' ',NULL,NULL,NULL,NULL,0,0,0,0,0),
 (180,2,1,181,'','',' ',' ',NULL,NULL,NULL,NULL,0,0,0,0,0),
 (181,2,1,182,'','',' ',' ',NULL,NULL,NULL,NULL,0,0,0,0,0),
 (182,2,1,183,'','',' ',' ',NULL,NULL,NULL,NULL,0,0,0,0,0),
 (183,2,1,184,'','',' ',' ',NULL,NULL,NULL,NULL,0,0,0,0,0),
 (184,2,1,185,'','',' ',' ',NULL,NULL,NULL,NULL,0,0,0,0,0),
 (185,2,1,186,'','',' ',' ',NULL,NULL,NULL,NULL,0,0,0,0,0),
 (186,2,1,187,'','',' ',' ',NULL,NULL,NULL,NULL,0,0,0,0,0),
 (187,2,1,188,'','',' ',' ',NULL,NULL,NULL,NULL,0,0,0,0,0),
 (188,2,1,189,'','',' ',' ',NULL,NULL,NULL,NULL,0,0,0,0,0),
 (189,2,1,190,'','',' ',' ',NULL,NULL,NULL,NULL,0,0,0,0,0),
 (190,2,1,191,'','',' ',' ',NULL,NULL,NULL,NULL,0,0,0,0,0),
 (191,2,1,192,'','',' ',' ',NULL,NULL,NULL,NULL,0,0,0,0,0),
 (192,2,1,193,'','',' ',' ',NULL,NULL,NULL,NULL,0,0,0,0,0),
 (193,2,1,194,'','',' ',' ',NULL,NULL,NULL,NULL,0,0,0,0,0),
 (194,2,1,195,'','',' ',' ',NULL,NULL,NULL,NULL,0,0,0,0,0),
 (195,2,1,196,'','',' ',' ',NULL,NULL,NULL,NULL,0,0,0,0,0),
 (196,2,1,197,'','',' ',' ',NULL,NULL,NULL,NULL,0,0,0,0,0),
 (197,2,1,198,'','',' ',' ',NULL,NULL,NULL,NULL,0,0,0,0,0),
 (198,2,1,199,'','',' ',' ',NULL,NULL,NULL,NULL,0,0,0,0,0),
 (199,2,1,200,'','',' ',' ',NULL,NULL,NULL,NULL,0,0,0,0,0),
 (200,2,1,201,'','',' ',' ',NULL,NULL,NULL,NULL,0,0,0,0,0),
 (201,2,1,202,'','',' ',' ',NULL,NULL,NULL,NULL,0,0,0,0,0),
 (202,2,1,203,'','',' ',' ',NULL,NULL,NULL,NULL,0,0,0,0,0),
 (203,2,1,204,'','',' ',' ',NULL,NULL,NULL,NULL,0,0,0,0,0),
 (204,2,1,205,'','',' ',' ',NULL,NULL,NULL,NULL,0,0,0,0,0),
 (205,2,1,206,'','',' ',' ',NULL,NULL,NULL,NULL,0,0,0,0,0),
 (206,2,1,207,'','',' ',' ',NULL,NULL,NULL,NULL,0,0,0,0,0),
 (207,2,1,208,'','',' ',' ',NULL,NULL,NULL,NULL,0,0,0,0,0),
 (208,2,1,209,'','',' ',' ',NULL,NULL,NULL,NULL,0,0,0,0,0),
 (209,2,1,210,'','',' ',' ',NULL,NULL,NULL,NULL,0,0,0,0,0),
 (210,2,1,211,'','',' ',' ',NULL,NULL,NULL,NULL,0,0,0,0,0),
 (211,2,1,212,'','',' ',' ',NULL,NULL,NULL,NULL,0,0,0,0,0),
 (212,2,1,213,'','',' ',' ',NULL,NULL,NULL,NULL,0,0,0,0,0),
 (213,2,1,214,'','',' ',' ',NULL,NULL,NULL,NULL,0,0,0,0,0),
 (214,2,1,215,'','',' ',' ',NULL,NULL,NULL,NULL,0,0,0,0,0),
 (215,2,1,216,'','',' ',' ',NULL,NULL,NULL,NULL,0,0,0,0,0),
 (216,2,1,217,'','',' ',' ',NULL,NULL,NULL,NULL,0,0,0,0,0),
 (217,2,1,218,'','',' ',' ',NULL,NULL,NULL,NULL,0,0,0,0,0),
 (218,2,1,219,'','',' ',' ',NULL,NULL,NULL,NULL,0,0,0,0,0),
 (219,2,1,220,'','',' ',' ',NULL,NULL,NULL,NULL,0,0,0,0,0),
 (220,2,1,221,'','',' ',' ',NULL,NULL,NULL,NULL,0,0,0,0,0),
 (221,2,1,222,'','',' ',' ',NULL,NULL,NULL,NULL,0,0,0,0,0),
 (222,2,1,223,'','',' ',' ',NULL,NULL,NULL,NULL,0,0,0,0,0),
 (223,2,1,224,'','',' ',' ',NULL,NULL,NULL,NULL,0,0,0,0,0),
 (224,2,1,225,'','',' ',' ',NULL,NULL,NULL,NULL,0,0,0,0,0),
 (225,2,1,226,'','',' ',' ',NULL,NULL,NULL,NULL,0,0,0,0,0),
 (226,2,1,227,'','',' ',' ',NULL,NULL,NULL,NULL,0,0,0,0,0),
 (227,2,1,228,'','',' ',' ',NULL,NULL,NULL,NULL,0,0,0,0,0),
 (228,2,1,229,'','',' ',' ',NULL,NULL,NULL,NULL,0,0,0,0,0),
 (229,2,1,230,'','',' ',' ',NULL,NULL,NULL,NULL,0,0,0,0,0),
 (230,2,1,231,'','',' ',' ',NULL,NULL,NULL,NULL,0,0,0,0,0),
 (231,2,1,232,'','',' ',' ',NULL,NULL,NULL,NULL,0,0,0,0,0),
 (232,2,1,233,'','',' ',' ',NULL,NULL,NULL,NULL,0,0,0,0,0),
 (233,2,1,234,'','',' ',' ',NULL,NULL,NULL,NULL,0,0,0,0,0),
 (234,2,1,235,'','',' ',' ',NULL,NULL,NULL,NULL,0,0,0,0,0),
 (235,2,1,236,'','',' ',' ',NULL,NULL,NULL,NULL,0,0,0,0,0),
 (236,2,1,237,'','',' ',' ',NULL,NULL,NULL,NULL,0,0,0,0,0),
 (237,2,1,238,'','',' ',' ',NULL,NULL,NULL,NULL,0,0,0,0,0),
 (238,2,1,239,'','',' ',' ',NULL,NULL,NULL,NULL,0,0,0,0,0),
 (239,2,1,240,'','',' ',' ',NULL,NULL,NULL,NULL,0,0,0,0,0),
 (240,2,1,241,'','',' ',' ',NULL,NULL,NULL,NULL,0,0,0,0,0),
 (241,2,1,242,'','',' ',' ',NULL,NULL,NULL,NULL,0,0,0,0,0),
 (242,2,1,243,'','',' ',' ',NULL,NULL,NULL,NULL,0,0,0,0,0),
 (243,2,1,244,'','',' ',' ',NULL,NULL,NULL,NULL,0,0,0,0,0),
 (244,2,1,245,'','',' ',' ',NULL,NULL,NULL,NULL,0,0,0,0,0),
 (245,2,1,246,'','',' ',' ',NULL,NULL,NULL,NULL,0,0,0,0,0),
 (246,2,1,247,'','',' ',' ',NULL,NULL,NULL,NULL,0,0,0,0,0),
 (247,2,1,248,'','',' ',' ',NULL,NULL,NULL,NULL,0,0,0,0,0),
 (248,2,1,249,'','',' ',' ',NULL,NULL,NULL,NULL,0,0,0,0,0),
 (249,2,1,250,'','',' ',' ',NULL,NULL,NULL,NULL,0,0,0,0,0),
 (250,2,1,251,'','',' ',' ',NULL,NULL,NULL,NULL,0,0,0,0,0),
 (251,2,1,252,'','',' ',' ',NULL,NULL,NULL,NULL,0,0,0,0,0),
 (252,2,1,253,'','',' ',' ',NULL,NULL,NULL,NULL,0,0,0,0,0),
 (253,2,1,254,'','',' ',' ',NULL,NULL,NULL,NULL,0,0,0,0,0),
 (254,2,1,255,'','',' ',' ',NULL,NULL,NULL,NULL,0,0,0,0,0),
 (255,2,1,256,'','',' ',' ',NULL,NULL,NULL,NULL,0,0,0,0,0),
 (256,2,1,257,'','',' ',' ',NULL,NULL,NULL,NULL,0,0,0,0,0),
 (257,2,1,258,'','',' ',' ',NULL,NULL,NULL,NULL,0,0,0,0,0),
 (258,2,1,259,'','',' ',' ',NULL,NULL,NULL,NULL,0,0,0,0,0),
 (259,2,1,260,'','',' ',' ',NULL,NULL,NULL,NULL,0,0,0,0,0),
 (260,2,1,261,'','',' ',' ',NULL,NULL,NULL,NULL,0,0,0,0,0),
 (261,2,1,262,'','',' ',' ',NULL,NULL,NULL,NULL,0,0,0,0,0),
 (262,2,1,263,'','',' ',' ',NULL,NULL,NULL,NULL,0,0,0,0,0),
 (263,2,1,264,'','',' ',' ',NULL,NULL,NULL,NULL,0,0,0,0,0),
 (264,2,1,265,'','',' ',' ',NULL,NULL,NULL,NULL,0,0,0,0,0),
 (265,2,1,266,'','',' ',' ',NULL,NULL,NULL,NULL,0,0,0,0,0),
 (266,2,1,267,'','',' ',' ',NULL,NULL,NULL,NULL,0,0,0,0,0),
 (267,2,1,268,'','',' ',' ',NULL,NULL,NULL,NULL,0,0,0,0,0),
 (268,2,1,269,'','',' ',' ',NULL,NULL,NULL,NULL,0,0,0,0,0),
 (269,2,1,270,'','',' ',' ',NULL,NULL,NULL,NULL,0,0,0,0,0),
 (270,2,1,271,'','',' ',' ',NULL,NULL,NULL,NULL,0,0,0,0,0),
 (271,2,1,272,'','',' ',' ',NULL,NULL,NULL,NULL,0,0,0,0,0),
 (272,2,1,273,'','',' ',' ',NULL,NULL,NULL,NULL,0,0,0,0,0),
 (273,2,1,274,'','',' ',' ',NULL,NULL,NULL,NULL,0,0,0,0,0),
 (274,2,1,275,'','',' ',' ',NULL,NULL,NULL,NULL,0,0,0,0,0),
 (275,2,1,276,'','',' ',' ',NULL,NULL,NULL,NULL,0,0,0,0,0),
 (276,2,1,277,'','',' ',' ',NULL,NULL,NULL,NULL,0,0,0,0,0),
 (277,2,1,278,'','',' ',' ',NULL,NULL,NULL,NULL,0,0,0,0,0),
 (278,2,1,279,'','',' ',' ',NULL,NULL,NULL,NULL,0,0,0,0,0),
 (279,2,1,280,'','',' ',' ',NULL,NULL,NULL,NULL,0,0,0,0,0),
 (280,2,1,281,'','',' ',' ',NULL,NULL,NULL,NULL,0,0,0,0,0),
 (281,2,1,282,'','',' ',' ',NULL,NULL,NULL,NULL,0,0,0,0,0),
 (282,2,1,283,'','',' ',' ',NULL,NULL,NULL,NULL,0,0,0,0,0),
 (283,2,1,284,'','',' ',' ',NULL,NULL,NULL,NULL,0,0,0,0,0),
 (284,2,1,285,'','',' ',' ',NULL,NULL,NULL,NULL,0,0,0,0,0),
 (285,2,1,286,'','',' ',' ',NULL,NULL,NULL,NULL,0,0,0,0,0),
 (286,2,1,287,'','',' ',' ',NULL,NULL,NULL,NULL,0,0,0,0,0),
 (287,2,1,288,'','',' ',' ',NULL,NULL,NULL,NULL,0,0,0,0,0),
 (288,2,1,289,'','',' ',' ',NULL,NULL,NULL,NULL,0,0,0,0,0),
 (289,2,1,290,'','',' ',' ',NULL,NULL,NULL,NULL,0,0,0,0,0),
 (290,2,1,291,'','',' ',' ',NULL,NULL,NULL,NULL,0,0,0,0,0),
 (291,2,1,292,'','',' ',' ',NULL,NULL,NULL,NULL,0,0,0,0,0),
 (292,2,1,293,'','',' ',' ',NULL,NULL,NULL,NULL,0,0,0,0,0),
 (293,2,1,294,'','',' ',' ',NULL,NULL,NULL,NULL,0,0,0,0,0),
 (294,2,1,295,'','',' ',' ',NULL,NULL,NULL,NULL,0,0,0,0,0),
 (295,2,1,296,'','',' ',' ',NULL,NULL,NULL,NULL,0,0,0,0,0),
 (296,2,1,297,'','',' ',' ',NULL,NULL,NULL,NULL,0,0,0,0,0),
 (297,2,1,298,'','',' ',' ',NULL,NULL,NULL,NULL,0,0,0,0,0),
 (298,2,1,299,'','',' ',' ',NULL,NULL,NULL,NULL,0,0,0,0,0),
 (299,2,1,300,'','',' ',' ',NULL,NULL,NULL,NULL,0,0,0,0,0),
 (300,2,1,301,'','',' ',' ',NULL,NULL,NULL,NULL,0,0,0,0,0),
 (301,2,1,302,'','',' ',' ',NULL,NULL,NULL,NULL,0,0,0,0,0),
 (302,2,1,303,'','',' ',' ',NULL,NULL,NULL,NULL,0,0,0,0,0),
 (303,2,1,304,'','',' ',' ',NULL,NULL,NULL,NULL,0,0,0,0,0),
 (304,2,1,305,'','',' ',' ',NULL,NULL,NULL,NULL,0,0,0,0,0),
 (305,2,1,306,'','',' ',' ',NULL,NULL,NULL,NULL,0,0,0,0,0),
 (306,2,1,307,'','',' ',' ',NULL,NULL,NULL,NULL,0,0,0,0,0),
 (307,2,1,308,'','',' ',' ',NULL,NULL,NULL,NULL,0,0,0,0,0),
 (308,2,1,309,'','',' ',' ',NULL,NULL,NULL,NULL,0,0,0,0,0),
 (309,2,1,310,'','',' ',' ',NULL,NULL,NULL,NULL,0,0,0,0,0),
 (310,2,1,311,'','',' ',' ',NULL,NULL,NULL,NULL,0,0,0,0,0),
 (311,2,1,312,'','',' ',' ',NULL,NULL,NULL,NULL,0,0,0,0,0),
 (312,2,1,313,'','',' ',' ',NULL,NULL,NULL,NULL,0,0,0,0,0),
 (313,2,1,314,'','',' ',' ',NULL,NULL,NULL,NULL,0,0,0,0,0),
 (314,2,1,315,'','',' ',' ',NULL,NULL,NULL,NULL,0,0,0,0,0),
 (315,2,1,316,'','',' ',' ',NULL,NULL,NULL,NULL,0,0,0,0,0),
 (316,2,1,317,'','',' ',' ',NULL,NULL,NULL,NULL,0,0,0,0,0),
 (317,2,1,318,'','',' ',' ',NULL,NULL,NULL,NULL,0,0,0,0,0),
 (318,2,1,319,'','',' ',' ',NULL,NULL,NULL,NULL,0,0,0,0,0),
 (319,2,1,320,'','',' ',' ',NULL,NULL,NULL,NULL,0,0,0,0,0),
 (320,2,1,321,'','',' ',' ',NULL,NULL,NULL,NULL,0,0,0,0,0),
 (321,2,1,322,'','',' ',' ',NULL,NULL,NULL,NULL,0,0,0,0,0),
 (322,2,1,323,'','',' ',' ',NULL,NULL,NULL,NULL,0,0,0,0,0),
 (323,2,1,324,'','',' ',' ',NULL,NULL,NULL,NULL,0,0,0,0,0),
 (324,2,1,325,'','',' ',' ',NULL,NULL,NULL,NULL,0,0,0,0,0),
 (325,2,1,326,'','',' ',' ',NULL,NULL,NULL,NULL,0,0,0,0,0),
 (326,2,1,327,'','',' ',' ',NULL,NULL,NULL,NULL,0,0,0,0,0),
 (327,2,1,328,'','',' ',' ',NULL,NULL,NULL,NULL,0,0,0,0,0),
 (328,2,1,329,'','',' ',' ',NULL,NULL,NULL,NULL,0,0,0,0,0),
 (329,2,1,330,'','',' ',' ',NULL,NULL,NULL,NULL,0,0,0,0,0),
 (330,2,1,331,'','',' ',' ',NULL,NULL,NULL,NULL,0,0,0,0,0),
 (331,2,1,332,'','',' ',' ',NULL,NULL,NULL,NULL,0,0,0,0,0),
 (332,2,1,333,'','',' ',' ',NULL,NULL,NULL,NULL,0,0,0,0,0),
 (333,2,1,334,'','',' ',' ',NULL,NULL,NULL,NULL,0,0,0,0,0),
 (334,2,1,335,'','',' ',' ',NULL,NULL,NULL,NULL,0,0,0,0,0),
 (335,2,1,336,'','',' ',' ',NULL,NULL,NULL,NULL,0,0,0,0,0),
 (336,2,1,337,'','',' ',' ',NULL,NULL,NULL,NULL,0,0,0,0,0),
 (337,2,1,338,'','',' ',' ',NULL,NULL,NULL,NULL,0,0,0,0,0),
 (338,2,1,339,'','',' ',' ',NULL,NULL,NULL,NULL,0,0,0,0,0),
 (339,2,1,340,'','',' ',' ',NULL,NULL,NULL,NULL,0,0,0,0,0),
 (340,2,1,341,'','',' ',' ',NULL,NULL,NULL,NULL,0,0,0,0,0),
 (341,2,1,342,'','',' ',' ',NULL,NULL,NULL,NULL,0,0,0,0,0),
 (342,2,1,343,'','',' ',' ',NULL,NULL,NULL,NULL,0,0,0,0,0),
 (343,2,1,344,'','',' ',' ',NULL,NULL,NULL,NULL,0,0,0,0,0),
 (344,2,1,345,'','',' ',' ',NULL,NULL,NULL,NULL,0,0,0,0,0),
 (345,2,1,346,'','',' ',' ',NULL,NULL,NULL,NULL,0,0,0,0,0),
 (346,2,1,347,'','',' ',' ',NULL,NULL,NULL,NULL,0,0,0,0,0),
 (347,2,1,348,'','',' ',' ',NULL,NULL,NULL,NULL,0,0,0,0,0),
 (348,2,1,349,'','',' ',' ',NULL,NULL,NULL,NULL,0,0,0,0,0),
 (349,2,1,350,'','',' ',' ',NULL,NULL,NULL,NULL,0,0,0,0,0),
 (350,2,1,351,'','',' ',' ',NULL,NULL,NULL,NULL,0,0,0,0,0),
 (351,2,1,352,'','',' ',' ',NULL,NULL,NULL,NULL,0,0,0,0,0),
 (352,2,1,353,'','',' ',' ',NULL,NULL,NULL,NULL,0,0,0,0,0),
 (353,2,1,354,'','',' ',' ',NULL,NULL,NULL,NULL,0,0,0,0,0),
 (354,2,1,355,'','',' ',' ',NULL,NULL,NULL,NULL,0,0,0,0,0),
 (355,2,1,356,'','',' ',' ',NULL,NULL,NULL,NULL,0,0,0,0,0),
 (356,2,1,357,'','',' ',' ',NULL,NULL,NULL,NULL,0,0,0,0,0),
 (357,2,1,358,'','',' ',' ',NULL,NULL,NULL,NULL,0,0,0,0,0),
 (358,2,1,359,'','',' ',' ',NULL,NULL,NULL,NULL,0,0,0,0,0),
 (359,2,1,360,'','',' ',' ',NULL,NULL,NULL,NULL,0,0,0,0,0),
 (360,2,1,361,'','',' ',' ',NULL,NULL,NULL,NULL,0,0,0,0,0),
 (361,2,1,362,'','',' ',' ',NULL,NULL,NULL,NULL,0,0,0,0,0),
 (362,2,1,363,'','',' ',' ',NULL,NULL,NULL,NULL,0,0,0,0,0),
 (363,2,1,364,'','',' ',' ',NULL,NULL,NULL,NULL,0,0,0,0,0),
 (364,2,1,365,'','',' ',' ',NULL,NULL,NULL,NULL,0,0,0,0,0),
 (365,2,1,366,'','',' ',' ',NULL,NULL,NULL,NULL,0,0,0,0,0),
 (366,2,1,367,'','',' ',' ',NULL,NULL,NULL,NULL,0,0,0,0,0),
 (367,2,1,368,'','',' ',' ',NULL,NULL,NULL,NULL,0,0,0,0,0),
 (368,2,1,369,'','',' ',' ',NULL,NULL,NULL,NULL,0,0,0,0,0),
 (369,2,1,370,'','',' ',' ',NULL,NULL,NULL,NULL,0,0,0,0,0),
 (370,2,1,371,'','',' ',' ',NULL,NULL,NULL,NULL,0,0,0,0,0),
 (371,2,1,372,'','',' ',' ',NULL,NULL,NULL,NULL,0,0,0,0,0),
 (372,2,1,373,'','',' ',' ',NULL,NULL,NULL,NULL,0,0,0,0,0),
 (373,2,1,374,'','',' ',' ',NULL,NULL,NULL,NULL,0,0,0,0,0),
 (374,2,1,375,'','',' ',' ',NULL,NULL,NULL,NULL,0,0,0,0,0),
 (375,2,1,376,'','',' ',' ',NULL,NULL,NULL,NULL,0,0,0,0,0),
 (376,2,1,377,'','',' ',' ',NULL,NULL,NULL,NULL,0,0,0,0,0),
 (377,2,1,378,'','',' ',' ',NULL,NULL,NULL,NULL,0,0,0,0,0),
 (378,2,1,379,'','',' ',' ',NULL,NULL,NULL,NULL,0,0,0,0,0),
 (379,2,1,380,'','',' ',' ',NULL,NULL,NULL,NULL,0,0,0,0,0),
 (380,2,1,381,'','',' ',' ',NULL,NULL,NULL,NULL,0,0,0,0,0),
 (381,2,1,382,'','',' ',' ',NULL,NULL,NULL,NULL,0,0,0,0,0),
 (382,2,1,383,'','',' ',' ',NULL,NULL,NULL,NULL,0,0,0,0,0),
 (383,2,1,384,'','',' ',' ',NULL,NULL,NULL,NULL,0,0,0,0,0),
 (384,2,1,385,'','',' ',' ',NULL,NULL,NULL,NULL,0,0,0,0,0),
 (385,2,1,386,'','',' ',' ',NULL,NULL,NULL,NULL,0,0,0,0,0),
 (386,2,1,387,'','',' ',' ',NULL,NULL,NULL,NULL,0,0,0,0,0),
 (387,2,1,388,'','',' ',' ',NULL,NULL,NULL,NULL,0,0,0,0,0),
 (388,2,1,389,'','',' ',' ',NULL,NULL,NULL,NULL,0,0,0,0,0),
 (389,2,1,390,'','',' ',' ',NULL,NULL,NULL,NULL,0,0,0,0,0),
 (390,2,1,391,'','',' ',' ',NULL,NULL,NULL,NULL,0,0,0,0,0),
 (391,2,1,392,'','',' ',' ',NULL,NULL,NULL,NULL,0,0,0,0,0),
 (392,2,1,393,'','',' ',' ',NULL,NULL,NULL,NULL,0,0,0,0,0),
 (393,2,1,394,'','',' ',' ',NULL,NULL,NULL,NULL,0,0,0,0,0),
 (394,2,1,395,'','',' ',' ',NULL,NULL,NULL,NULL,0,0,0,0,0),
 (395,2,1,396,'','',' ',' ',NULL,NULL,NULL,NULL,0,0,0,0,0),
 (396,2,1,397,'','',' ',' ',NULL,NULL,NULL,NULL,0,0,0,0,0),
 (397,2,1,398,'','',' ',' ',NULL,NULL,NULL,NULL,0,0,0,0,0),
 (398,2,1,399,'','',' ',' ',NULL,NULL,NULL,NULL,0,0,0,0,0),
 (399,2,1,400,'','',' ',' ',NULL,NULL,NULL,NULL,0,0,0,0,0),
 (400,2,1,401,'','',' ',' ',NULL,NULL,NULL,NULL,0,0,0,0,0),
 (401,2,1,402,'','',' ',' ',NULL,NULL,NULL,NULL,0,0,0,0,0),
 (402,2,1,403,'','',' ',' ',NULL,NULL,NULL,NULL,0,0,0,0,0),
 (403,2,1,404,'','',' ',' ',NULL,NULL,NULL,NULL,0,0,0,0,0),
 (404,2,1,405,'','',' ',' ',NULL,NULL,NULL,NULL,0,0,0,0,0),
 (405,2,1,406,'','',' ',' ',NULL,NULL,NULL,NULL,0,0,0,0,0),
 (406,2,1,407,'','',' ',' ',NULL,NULL,NULL,NULL,0,0,0,0,0),
 (407,2,1,408,'','',' ',' ',NULL,NULL,NULL,NULL,0,0,0,0,0),
 (408,2,1,409,'','',' ',' ',NULL,NULL,NULL,NULL,0,0,0,0,0),
 (409,2,1,410,'','',' ',' ',NULL,NULL,NULL,NULL,0,0,0,0,0),
 (410,2,1,411,'','',' ',' ',NULL,NULL,NULL,NULL,0,0,0,0,0),
 (411,2,1,412,'','',' ',' ',NULL,NULL,NULL,NULL,0,0,0,0,0),
 (412,2,1,413,'','',' ',' ',NULL,NULL,NULL,NULL,0,0,0,0,0),
 (413,2,1,414,'','',' ',' ',NULL,NULL,NULL,NULL,0,0,0,0,0),
 (414,2,1,415,'','',' ',' ',NULL,NULL,NULL,NULL,0,0,0,0,0),
 (415,2,1,416,'','',' ',' ',NULL,NULL,NULL,NULL,0,0,0,0,0),
 (416,2,1,417,'','',' ',' ',NULL,NULL,NULL,NULL,0,0,0,0,0),
 (417,2,1,418,'','',' ',' ',NULL,NULL,NULL,NULL,0,0,0,0,0),
 (418,2,1,419,'','',' ',' ',NULL,NULL,NULL,NULL,0,0,0,0,0),
 (419,2,1,420,'','',' ',' ',NULL,NULL,NULL,NULL,0,0,0,0,0),
 (420,2,1,421,'','',' ',' ',NULL,NULL,NULL,NULL,0,0,0,0,0),
 (421,2,1,422,'','',' ',' ',NULL,NULL,NULL,NULL,0,0,0,0,0),
 (422,2,1,423,'','',' ',' ',NULL,NULL,NULL,NULL,0,0,0,0,0),
 (423,2,1,424,'','',' ',' ',NULL,NULL,NULL,NULL,0,0,0,0,0),
 (424,2,1,425,'','',' ',' ',NULL,NULL,NULL,NULL,0,0,0,0,0),
 (425,2,1,426,'','',' ',' ',NULL,NULL,NULL,NULL,0,0,0,0,0),
 (426,2,1,427,'','',' ',' ',NULL,NULL,NULL,NULL,0,0,0,0,0),
 (427,2,1,428,'','',' ',' ',NULL,NULL,NULL,NULL,0,0,0,0,0),
 (428,2,1,429,'','',' ',' ',NULL,NULL,NULL,NULL,0,0,0,0,0),
 (429,2,1,430,'','',' ',' ',NULL,NULL,NULL,NULL,0,0,0,0,0),
 (430,2,1,431,'','',' ',' ',NULL,NULL,NULL,NULL,0,0,0,0,0),
 (431,2,1,432,'','',' ',' ',NULL,NULL,NULL,NULL,0,0,0,0,0),
 (432,2,1,433,'','',' ',' ',NULL,NULL,NULL,NULL,0,0,0,0,0),
 (433,2,1,434,'','',' ',' ',NULL,NULL,NULL,NULL,0,0,0,0,0),
 (434,2,1,435,'','',' ',' ',NULL,NULL,NULL,NULL,0,0,0,0,0),
 (435,2,1,436,'','',' ',' ',NULL,NULL,NULL,NULL,0,0,0,0,0),
 (436,2,1,437,'','',' ',' ',NULL,NULL,NULL,NULL,0,0,0,0,0),
 (437,2,1,438,'','',' ',' ',NULL,NULL,NULL,NULL,0,0,0,0,0),
 (438,2,1,439,'','',' ',' ',NULL,NULL,NULL,NULL,0,0,0,0,0),
 (439,2,1,440,'','',' ',' ',NULL,NULL,NULL,NULL,0,0,0,0,0),
 (440,2,1,441,'','',' ',' ',NULL,NULL,NULL,NULL,0,0,0,0,0),
 (441,2,1,442,'','',' ',' ',NULL,NULL,NULL,NULL,0,0,0,0,0),
 (442,2,1,443,'','',' ',' ',NULL,NULL,NULL,NULL,0,0,0,0,0),
 (443,2,1,444,'','',' ',' ',NULL,NULL,NULL,NULL,0,0,0,0,0),
 (444,2,1,445,'','',' ',' ',NULL,NULL,NULL,NULL,0,0,0,0,0),
 (445,2,1,446,'','',' ',' ',NULL,NULL,NULL,NULL,0,0,0,0,0),
 (446,2,1,447,'','',' ',' ',NULL,NULL,NULL,NULL,0,0,0,0,0),
 (447,2,1,448,'','',' ',' ',NULL,NULL,NULL,NULL,0,0,0,0,0),
 (448,2,1,449,'','',' ',' ',NULL,NULL,NULL,NULL,0,0,0,0,0),
 (449,2,1,450,'','',' ',' ',NULL,NULL,NULL,NULL,0,0,0,0,0),
 (450,2,1,451,'','',' ',' ',NULL,NULL,NULL,NULL,0,0,0,0,0),
 (451,2,1,452,'','',' ',' ',NULL,NULL,NULL,NULL,0,0,0,0,0),
 (452,2,1,453,'','',' ',' ',NULL,NULL,NULL,NULL,0,0,0,0,0),
 (453,2,1,454,'','',' ',' ',NULL,NULL,NULL,NULL,0,0,0,0,0),
 (454,2,1,455,'','',' ',' ',NULL,NULL,NULL,NULL,0,0,0,0,0),
 (455,2,1,456,'','',' ',' ',NULL,NULL,NULL,NULL,0,0,0,0,0),
 (456,2,1,457,'','',' ',' ',NULL,NULL,NULL,NULL,0,0,0,0,0),
 (457,2,1,458,'','',' ',' ',NULL,NULL,NULL,NULL,0,0,0,0,0),
 (458,2,1,459,'','',' ',' ',NULL,NULL,NULL,NULL,0,0,0,0,0),
 (459,2,1,460,'','',' ',' ',NULL,NULL,NULL,NULL,0,0,0,0,0),
 (460,2,1,461,'','',' ',' ',NULL,NULL,NULL,NULL,0,0,0,0,0),
 (461,2,1,462,'','',' ',' ',NULL,NULL,NULL,NULL,0,0,0,0,0),
 (462,2,1,463,'','',' ',' ',NULL,NULL,NULL,NULL,0,0,0,0,0),
 (463,2,1,464,'','',' ',' ',NULL,NULL,NULL,NULL,0,0,0,0,0),
 (464,2,1,465,'','',' ',' ',NULL,NULL,NULL,NULL,0,0,0,0,0),
 (465,2,1,466,'','',' ',' ',NULL,NULL,NULL,NULL,0,0,0,0,0),
 (466,2,1,467,'','',' ',' ',NULL,NULL,NULL,NULL,0,0,0,0,0),
 (467,2,1,468,'','',' ',' ',NULL,NULL,NULL,NULL,0,0,0,0,0),
 (468,2,1,469,'','',' ',' ',NULL,NULL,NULL,NULL,0,0,0,0,0),
 (469,2,1,470,'','',' ',' ',NULL,NULL,NULL,NULL,0,0,0,0,0),
 (470,2,1,471,'','',' ',' ',NULL,NULL,NULL,NULL,0,0,0,0,0),
 (471,2,1,472,'','',' ',' ',NULL,NULL,NULL,NULL,0,0,0,0,0),
 (472,2,1,473,'','',' ',' ',NULL,NULL,NULL,NULL,0,0,0,0,0),
 (473,2,1,474,'','',' ',' ',NULL,NULL,NULL,NULL,0,0,0,0,0),
 (474,2,1,475,'','',' ',' ',NULL,NULL,NULL,NULL,0,0,0,0,0),
 (475,2,1,476,'','',' ',' ',NULL,NULL,NULL,NULL,0,0,0,0,0),
 (476,2,1,477,'','',' ',' ',NULL,NULL,NULL,NULL,0,0,0,0,0),
 (477,2,1,478,'','',' ',' ',NULL,NULL,NULL,NULL,0,0,0,0,0),
 (478,2,1,479,'','',' ',' ',NULL,NULL,NULL,NULL,0,0,0,0,0),
 (479,2,1,480,'','',' ',' ',NULL,NULL,NULL,NULL,0,0,0,0,0),
 (480,2,1,481,'','',' ',' ',NULL,NULL,NULL,NULL,0,0,0,0,0),
 (481,2,1,482,'','',' ',' ',NULL,NULL,NULL,NULL,0,0,0,0,0),
 (482,2,1,483,'','',' ',' ',NULL,NULL,NULL,NULL,0,0,0,0,0),
 (483,2,1,484,'','',' ',' ',NULL,NULL,NULL,NULL,0,0,0,0,0),
 (484,2,1,485,'','',' ',' ',NULL,NULL,NULL,NULL,0,0,0,0,0),
 (485,2,1,486,'','',' ',' ',NULL,NULL,NULL,NULL,0,0,0,0,0),
 (486,2,1,487,'','',' ',' ',NULL,NULL,NULL,NULL,0,0,0,0,0),
 (487,2,1,488,'','',' ',' ',NULL,NULL,NULL,NULL,0,0,0,0,0),
 (488,2,1,489,'','',' ',' ',NULL,NULL,NULL,NULL,0,0,0,0,0),
 (489,2,1,490,'','',' ',' ',NULL,NULL,NULL,NULL,0,0,0,0,0),
 (490,2,1,491,'','',' ',' ',NULL,NULL,NULL,NULL,0,0,0,0,0),
 (491,2,1,492,'','',' ',' ',NULL,NULL,NULL,NULL,0,0,0,0,0),
 (492,2,1,493,'','',' ',' ',NULL,NULL,NULL,NULL,0,0,0,0,0),
 (493,2,1,494,'','',' ',' ',NULL,NULL,NULL,NULL,0,0,0,0,0),
 (494,2,1,495,'','',' ',' ',NULL,NULL,NULL,NULL,0,0,0,0,0),
 (495,2,1,496,'','',' ',' ',NULL,NULL,NULL,NULL,0,0,0,0,0),
 (496,2,1,497,'','',' ',' ',NULL,NULL,NULL,NULL,0,0,0,0,0),
 (497,2,1,498,'','',' ',' ',NULL,NULL,NULL,NULL,0,0,0,0,0),
 (498,2,1,499,'','',' ',' ',NULL,NULL,NULL,NULL,0,0,0,0,0),
 (499,2,1,500,'','',' ',' ',NULL,NULL,NULL,NULL,0,0,0,0,0),
 (500,2,1,501,'','',' ',' ',NULL,NULL,NULL,NULL,0,0,0,0,0),
 (501,2,1,502,'','',' ',' ',NULL,NULL,NULL,NULL,0,0,0,0,0),
 (502,2,1,503,'','',' ',' ',NULL,NULL,NULL,NULL,0,0,0,0,0),
 (503,2,1,504,'','',' ',' ',NULL,NULL,NULL,NULL,0,0,0,0,0),
 (504,2,1,505,'','',' ',' ',NULL,NULL,NULL,NULL,0,0,0,0,0),
 (505,2,1,506,'','',' ',' ',NULL,NULL,NULL,NULL,0,0,0,0,0),
 (506,2,1,507,'','',' ',' ',NULL,NULL,NULL,NULL,0,0,0,0,0),
 (507,2,1,508,'','',' ',' ',NULL,NULL,NULL,NULL,0,0,0,0,0),
 (508,2,1,509,'','',' ',' ',NULL,NULL,NULL,NULL,0,0,0,0,0),
 (509,2,1,510,'','',' ',' ',NULL,NULL,NULL,NULL,0,0,0,0,0),
 (510,2,1,511,'','',' ',' ',NULL,NULL,NULL,NULL,0,0,0,0,0),
 (511,2,1,512,'','',' ',' ',NULL,NULL,NULL,NULL,0,0,0,0,0),
 (512,2,1,513,'','',' ',' ',NULL,NULL,NULL,NULL,0,0,0,0,0),
 (513,2,1,514,'','',' ',' ',NULL,NULL,NULL,NULL,0,0,0,0,0),
 (514,2,1,515,'','',' ',' ',NULL,NULL,NULL,NULL,0,0,0,0,0),
 (515,2,1,516,'','',' ',' ',NULL,NULL,NULL,NULL,0,0,0,0,0),
 (516,2,1,517,'','',' ',' ',NULL,NULL,NULL,NULL,0,0,0,0,0),
 (517,2,1,518,'','',' ',' ',NULL,NULL,NULL,NULL,0,0,0,0,0),
 (518,2,1,519,'','',' ',' ',NULL,NULL,NULL,NULL,0,0,0,0,0),
 (519,2,1,520,'','',' ',' ',NULL,NULL,NULL,NULL,0,0,0,0,0),
 (520,2,1,521,'','',' ',' ',NULL,NULL,NULL,NULL,0,0,0,0,0),
 (521,2,1,522,'','',' ',' ',NULL,NULL,NULL,NULL,0,0,0,0,0),
 (522,2,1,523,'','',' ',' ',NULL,NULL,NULL,NULL,0,0,0,0,0),
 (523,2,1,524,'','',' ',' ',NULL,NULL,NULL,NULL,0,0,0,0,0),
 (524,2,1,525,'','',' ',' ',NULL,NULL,NULL,NULL,0,0,0,0,0),
 (525,2,1,526,'','',' ',' ',NULL,NULL,NULL,NULL,0,0,0,0,0),
 (526,2,1,527,'','',' ',' ',NULL,NULL,NULL,NULL,0,0,0,0,0),
 (527,2,1,528,'','',' ',' ',NULL,NULL,NULL,NULL,0,0,0,0,0),
 (528,2,1,529,'','',' ',' ',NULL,NULL,NULL,NULL,0,0,0,0,0),
 (529,2,1,530,'','',' ',' ',NULL,NULL,NULL,NULL,0,0,0,0,0),
 (530,2,1,531,'','',' ',' ',NULL,NULL,NULL,NULL,0,0,0,0,0),
 (531,2,1,532,'','',' ',' ',NULL,NULL,NULL,NULL,0,0,0,0,0),
 (532,2,1,533,'','',' ',' ',NULL,NULL,NULL,NULL,0,0,0,0,0),
 (533,2,1,534,'','',' ',' ',NULL,NULL,NULL,NULL,0,0,0,0,0),
 (534,2,1,535,'','',' ',' ',NULL,NULL,NULL,NULL,0,0,0,0,0),
 (535,2,1,536,'','',' ',' ',NULL,NULL,NULL,NULL,0,0,0,0,0),
 (536,2,1,537,'','',' ',' ',NULL,NULL,NULL,NULL,0,0,0,0,0),
 (537,2,1,538,'','',' ',' ',NULL,NULL,NULL,NULL,0,0,0,0,0),
 (538,2,1,539,'','',' ',' ',NULL,NULL,NULL,NULL,0,0,0,0,0),
 (539,2,1,540,'','',' ',' ',NULL,NULL,NULL,NULL,0,0,0,0,0),
 (540,2,1,541,'','',' ',' ',NULL,NULL,NULL,NULL,0,0,0,0,0),
 (541,2,1,542,'','',' ',' ',NULL,NULL,NULL,NULL,0,0,0,0,0),
 (542,2,1,543,'','',' ',' ',NULL,NULL,NULL,NULL,0,0,0,0,0),
 (543,2,1,544,'','',' ',' ',NULL,NULL,NULL,NULL,0,0,0,0,0),
 (544,2,1,545,'','',' ',' ',NULL,NULL,NULL,NULL,0,0,0,0,0),
 (545,2,1,546,'','',' ',' ',NULL,NULL,NULL,NULL,0,0,0,0,0),
 (546,2,1,547,'','',' ',' ',NULL,NULL,NULL,NULL,0,0,0,0,0),
 (547,2,1,548,'','',' ',' ',NULL,NULL,NULL,NULL,0,0,0,0,0),
 (548,2,1,549,'','',' ',' ',NULL,NULL,NULL,NULL,0,0,0,0,0),
 (549,2,1,550,'','',' ',' ',NULL,NULL,NULL,NULL,0,0,0,0,0),
 (550,2,1,551,'','',' ',' ',NULL,NULL,NULL,NULL,0,0,0,0,0),
 (551,2,1,552,'','',' ',' ',NULL,NULL,NULL,NULL,0,0,0,0,0),
 (552,2,1,553,'','',' ',' ',NULL,NULL,NULL,NULL,0,0,0,0,0),
 (553,2,1,554,'','',' ',' ',NULL,NULL,NULL,NULL,0,0,0,0,0),
 (554,2,1,555,'','',' ',' ',NULL,NULL,NULL,NULL,0,0,0,0,0),
 (555,2,1,556,'','',' ',' ',NULL,NULL,NULL,NULL,0,0,0,0,0),
 (556,2,1,557,'','',' ',' ',NULL,NULL,NULL,NULL,0,0,0,0,0),
 (557,2,1,558,'','',' ',' ',NULL,NULL,NULL,NULL,0,0,0,0,0),
 (558,2,1,559,'','',' ',' ',NULL,NULL,NULL,NULL,0,0,0,0,0),
 (559,2,1,560,'','',' ',' ',NULL,NULL,NULL,NULL,0,0,0,0,0),
 (560,2,1,561,'','',' ',' ',NULL,NULL,NULL,NULL,0,0,0,0,0),
 (561,2,1,562,'','',' ',' ',NULL,NULL,NULL,NULL,0,0,0,0,0),
 (562,2,1,563,'','',' ',' ',NULL,NULL,NULL,NULL,0,0,0,0,0),
 (563,2,1,564,'','',' ',' ',NULL,NULL,NULL,NULL,0,0,0,0,0),
 (564,2,1,565,'','',' ',' ',NULL,NULL,NULL,NULL,0,0,0,0,0),
 (565,2,1,566,'','',' ',' ',NULL,NULL,NULL,NULL,0,0,0,0,0),
 (566,2,1,567,'','',' ',' ',NULL,NULL,NULL,NULL,0,0,0,0,0),
 (567,2,1,568,'','',' ',' ',NULL,NULL,NULL,NULL,0,0,0,0,0),
 (568,2,1,569,'','',' ',' ',NULL,NULL,NULL,NULL,0,0,0,0,0),
 (569,2,1,570,'','',' ',' ',NULL,NULL,NULL,NULL,0,0,0,0,0),
 (570,2,1,571,'','',' ',' ',NULL,NULL,NULL,NULL,0,0,0,0,0),
 (571,2,1,572,'','',' ',' ',NULL,NULL,NULL,NULL,0,0,0,0,0),
 (572,2,1,573,'','',' ',' ',NULL,NULL,NULL,NULL,0,0,0,0,0),
 (573,2,1,574,'','',' ',' ',NULL,NULL,NULL,NULL,0,0,0,0,0),
 (574,2,1,575,'','',' ',' ',NULL,NULL,NULL,NULL,0,0,0,0,0),
 (575,2,1,576,'','',' ',' ',NULL,NULL,NULL,NULL,0,0,0,0,0),
 (576,2,1,577,'','',' ',' ',NULL,NULL,NULL,NULL,0,0,0,0,0),
 (577,2,1,578,'','',' ',' ',NULL,NULL,NULL,NULL,0,0,0,0,0),
 (578,2,1,579,'','',' ',' ',NULL,NULL,NULL,NULL,0,0,0,0,0),
 (579,2,1,580,'','',' ',' ',NULL,NULL,NULL,NULL,0,0,0,0,0),
 (580,2,1,581,'','',' ',' ',NULL,NULL,NULL,NULL,0,0,0,0,0),
 (581,2,1,582,'','',' ',' ',NULL,NULL,NULL,NULL,0,0,0,0,0),
 (582,2,1,583,'','',' ',' ',NULL,NULL,NULL,NULL,0,0,0,0,0),
 (583,2,1,584,'','',' ',' ',NULL,NULL,NULL,NULL,0,0,0,0,0),
 (584,2,1,585,'','',' ',' ',NULL,NULL,NULL,NULL,0,0,0,0,0),
 (585,2,1,586,'','',' ',' ',NULL,NULL,NULL,NULL,0,0,0,0,0),
 (586,2,1,587,'','',' ',' ',NULL,NULL,NULL,NULL,0,0,0,0,0),
 (587,2,1,588,'','',' ',' ',NULL,NULL,NULL,NULL,0,0,0,0,0),
 (588,2,1,589,'','',' ',' ',NULL,NULL,NULL,NULL,0,0,0,0,0),
 (589,2,1,590,'','',' ',' ',NULL,NULL,NULL,NULL,0,0,0,0,0),
 (590,2,1,591,'','',' ',' ',NULL,NULL,NULL,NULL,0,0,0,0,0),
 (591,2,1,592,'','',' ',' ',NULL,NULL,NULL,NULL,0,0,0,0,0),
 (592,2,1,593,'','',' ',' ',NULL,NULL,NULL,NULL,0,0,0,0,0),
 (593,2,1,594,'','',' ',' ',NULL,NULL,NULL,NULL,0,0,0,0,0),
 (594,2,1,595,'','',' ',' ',NULL,NULL,NULL,NULL,0,0,0,0,0),
 (595,2,1,596,'','',' ',' ',NULL,NULL,NULL,NULL,0,0,0,0,0),
 (596,2,1,597,'','',' ',' ',NULL,NULL,NULL,NULL,0,0,0,0,0),
 (597,2,1,598,'','',' ',' ',NULL,NULL,NULL,NULL,0,0,0,0,0),
 (598,2,1,599,'','',' ',' ',NULL,NULL,NULL,NULL,0,0,0,0,0),
 (599,2,1,600,'','',' ',' ',NULL,NULL,NULL,NULL,0,0,0,0,0),
 (600,2,1,601,'','',' ',' ',NULL,NULL,NULL,NULL,0,0,0,0,0),
 (601,2,1,602,'','',' ',' ',NULL,NULL,NULL,NULL,0,0,0,0,0),
 (602,2,1,603,'','',' ',' ',NULL,NULL,NULL,NULL,0,0,0,0,0),
 (603,2,1,604,'','',' ',' ',NULL,NULL,NULL,NULL,0,0,0,0,0),
 (604,2,1,605,'','',' ',' ',NULL,NULL,NULL,NULL,0,0,0,0,0),
 (605,2,1,606,'','',' ',' ',NULL,NULL,NULL,NULL,0,0,0,0,0),
 (606,2,1,607,'','',' ',' ',NULL,NULL,NULL,NULL,0,0,0,0,0),
 (607,2,1,608,'','',' ',' ',NULL,NULL,NULL,NULL,0,0,0,0,0),
 (608,2,1,609,'','',' ',' ',NULL,NULL,NULL,NULL,0,0,0,0,0),
 (609,2,1,610,'','',' ',' ',NULL,NULL,NULL,NULL,0,0,0,0,0),
 (610,2,1,611,'','',' ',' ',NULL,NULL,NULL,NULL,0,0,0,0,0),
 (611,2,1,612,'','',' ',' ',NULL,NULL,NULL,NULL,0,0,0,0,0),
 (612,2,1,613,'','',' ',' ',NULL,NULL,NULL,NULL,0,0,0,0,0),
 (613,2,1,614,'','',' ',' ',NULL,NULL,NULL,NULL,0,0,0,0,0),
 (614,2,1,615,'','',' ',' ',NULL,NULL,NULL,NULL,0,0,0,0,0),
 (615,2,1,616,'','',' ',' ',NULL,NULL,NULL,NULL,0,0,0,0,0),
 (616,2,1,617,'','',' ',' ',NULL,NULL,NULL,NULL,0,0,0,0,0),
 (617,2,1,618,'','',' ',' ',NULL,NULL,NULL,NULL,0,0,0,0,0),
 (618,2,1,619,'','',' ',' ',NULL,NULL,NULL,NULL,0,0,0,0,0),
 (619,2,1,620,'','',' ',' ',NULL,NULL,NULL,NULL,0,0,0,0,0),
 (620,2,1,621,'','',' ',' ',NULL,NULL,NULL,NULL,0,0,0,0,0),
 (621,2,1,622,'','',' ',' ',NULL,NULL,NULL,NULL,0,0,0,0,0),
 (622,2,1,623,'','',' ',' ',NULL,NULL,NULL,NULL,0,0,0,0,0),
 (623,2,1,624,'','',' ',' ',NULL,NULL,NULL,NULL,0,0,0,0,0),
 (624,2,1,625,'','',' ',' ',NULL,NULL,NULL,NULL,0,0,0,0,0),
 (625,2,1,626,'','',' ',' ',NULL,NULL,NULL,NULL,0,0,0,0,0),
 (626,2,1,627,'','',' ',' ',NULL,NULL,NULL,NULL,0,0,0,0,0),
 (627,2,1,628,'','',' ',' ',NULL,NULL,NULL,NULL,0,0,0,0,0),
 (628,2,1,629,'','',' ',' ',NULL,NULL,NULL,NULL,0,0,0,0,0),
 (629,2,1,630,'','',' ',' ',NULL,NULL,NULL,NULL,0,0,0,0,0),
 (630,2,1,631,'','',' ',' ',NULL,NULL,NULL,NULL,0,0,0,0,0),
 (631,2,1,632,'','',' ',' ',NULL,NULL,NULL,NULL,0,0,0,0,0),
 (632,2,1,633,'','',' ',' ',NULL,NULL,NULL,NULL,0,0,0,0,0),
 (633,2,1,634,'','',' ',' ',NULL,NULL,NULL,NULL,0,0,0,0,0),
 (634,2,1,635,'','',' ',' ',NULL,NULL,NULL,NULL,0,0,0,0,0),
 (635,2,1,636,'','',' ',' ',NULL,NULL,NULL,NULL,0,0,0,0,0),
 (636,2,1,637,'','',' ',' ',NULL,NULL,NULL,NULL,0,0,0,0,0),
 (637,2,1,638,'','',' ',' ',NULL,NULL,NULL,NULL,0,0,0,0,0),
 (638,2,1,639,'','',' ',' ',NULL,NULL,NULL,NULL,0,0,0,0,0),
 (639,2,1,640,'','',' ',' ',NULL,NULL,NULL,NULL,0,0,0,0,0),
 (640,2,1,641,'','',' ',' ',NULL,NULL,NULL,NULL,0,0,0,0,0),
 (641,2,1,642,'','',' ',' ',NULL,NULL,NULL,NULL,0,0,0,0,0),
 (642,2,1,643,'','',' ',' ',NULL,NULL,NULL,NULL,0,0,0,0,0),
 (643,2,1,644,'','',' ',' ',NULL,NULL,NULL,NULL,0,0,0,0,0),
 (644,2,1,645,'','',' ',' ',NULL,NULL,NULL,NULL,0,0,0,0,0),
 (645,2,1,646,'','',' ',' ',NULL,NULL,NULL,NULL,0,0,0,0,0),
 (646,2,1,647,'','',' ',' ',NULL,NULL,NULL,NULL,0,0,0,0,0),
 (647,2,1,648,'','',' ',' ',NULL,NULL,NULL,NULL,0,0,0,0,0),
 (648,2,1,649,'','',' ',' ',NULL,NULL,NULL,NULL,0,0,0,0,0),
 (649,2,1,650,'','',' ',' ',NULL,NULL,NULL,NULL,0,0,0,0,0),
 (650,2,1,651,'','',' ',' ',NULL,NULL,NULL,NULL,0,0,0,0,0),
 (651,2,1,652,'','',' ',' ',NULL,NULL,NULL,NULL,0,0,0,0,0),
 (652,2,1,653,'','',' ',' ',NULL,NULL,NULL,NULL,0,0,0,0,0),
 (653,2,1,654,'','',' ',' ',NULL,NULL,NULL,NULL,0,0,0,0,0),
 (654,2,1,655,'','',' ',' ',NULL,NULL,NULL,NULL,0,0,0,0,0),
 (655,2,1,656,'','',' ',' ',NULL,NULL,NULL,NULL,0,0,0,0,0),
 (656,2,1,657,'','',' ',' ',NULL,NULL,NULL,NULL,0,0,0,0,0),
 (657,2,1,658,'','',' ',' ',NULL,NULL,NULL,NULL,0,0,0,0,0),
 (658,2,1,659,'','',' ',' ',NULL,NULL,NULL,NULL,0,0,0,0,0),
 (659,2,1,660,'','',' ',' ',NULL,NULL,NULL,NULL,0,0,0,0,0),
 (660,2,1,661,'','',' ',' ',NULL,NULL,NULL,NULL,0,0,0,0,0),
 (661,2,1,662,'','',' ',' ',NULL,NULL,NULL,NULL,0,0,0,0,0),
 (662,2,1,663,'','',' ',' ',NULL,NULL,NULL,NULL,0,0,0,0,0),
 (663,2,1,664,'','',' ',' ',NULL,NULL,NULL,NULL,0,0,0,0,0),
 (664,2,1,665,'','',' ',' ',NULL,NULL,NULL,NULL,0,0,0,0,0),
 (665,2,1,666,'','',' ',' ',NULL,NULL,NULL,NULL,0,0,0,0,0),
 (666,2,1,667,'','',' ',' ',NULL,NULL,NULL,NULL,0,0,0,0,0),
 (667,2,1,668,'','',' ',' ',NULL,NULL,NULL,NULL,0,0,0,0,0),
 (668,2,1,669,'','',' ',' ',NULL,NULL,NULL,NULL,0,0,0,0,0),
 (669,2,1,670,'','',' ',' ',NULL,NULL,NULL,NULL,0,0,0,0,0),
 (670,2,1,671,'','',' ',' ',NULL,NULL,NULL,NULL,0,0,0,0,0),
 (671,2,1,672,'','',' ',' ',NULL,NULL,NULL,NULL,0,0,0,0,0),
 (672,2,1,673,'','',' ',' ',NULL,NULL,NULL,NULL,0,0,0,0,0),
 (673,2,1,674,'','',' ',' ',NULL,NULL,NULL,NULL,0,0,0,0,0),
 (674,2,1,675,'','',' ',' ',NULL,NULL,NULL,NULL,0,0,0,0,0),
 (675,2,1,676,'','',' ',' ',NULL,NULL,NULL,NULL,0,0,0,0,0),
 (676,2,1,677,'','',' ',' ',NULL,NULL,NULL,NULL,0,0,0,0,0),
 (677,2,1,678,'','',' ',' ',NULL,NULL,NULL,NULL,0,0,0,0,0),
 (678,2,1,679,'','',' ',' ',NULL,NULL,NULL,NULL,0,0,0,0,0),
 (679,2,1,680,'','',' ',' ',NULL,NULL,NULL,NULL,0,0,0,0,0),
 (680,2,1,681,'','',' ',' ',NULL,NULL,NULL,NULL,0,0,0,0,0),
 (681,2,1,682,'','',' ',' ',NULL,NULL,NULL,NULL,0,0,0,0,0),
 (682,2,1,683,'','',' ',' ',NULL,NULL,NULL,NULL,0,0,0,0,0),
 (683,2,1,684,'','',' ',' ',NULL,NULL,NULL,NULL,0,0,0,0,0),
 (684,2,1,685,'','',' ',' ',NULL,NULL,NULL,NULL,0,0,0,0,0),
 (685,2,1,686,'','',' ',' ',NULL,NULL,NULL,NULL,0,0,0,0,0),
 (686,2,1,687,'','',' ',' ',NULL,NULL,NULL,NULL,0,0,0,0,0),
 (687,2,1,688,'','',' ',' ',NULL,NULL,NULL,NULL,0,0,0,0,0),
 (688,2,1,689,'','',' ',' ',NULL,NULL,NULL,NULL,0,0,0,0,0),
 (689,2,1,690,'','',' ',' ',NULL,NULL,NULL,NULL,0,0,0,0,0),
 (690,2,1,691,'','',' ',' ',NULL,NULL,NULL,NULL,0,0,0,0,0),
 (691,2,1,692,'','',' ',' ',NULL,NULL,NULL,NULL,0,0,0,0,0),
 (692,2,1,693,'','',' ',' ',NULL,NULL,NULL,NULL,0,0,0,0,0),
 (693,2,1,694,'','',' ',' ',NULL,NULL,NULL,NULL,0,0,0,0,0),
 (694,2,1,695,'','',' ',' ',NULL,NULL,NULL,NULL,0,0,0,0,0),
 (695,2,1,696,'','',' ',' ',NULL,NULL,NULL,NULL,0,0,0,0,0),
 (696,2,1,697,'','',' ',' ',NULL,NULL,NULL,NULL,0,0,0,0,0),
 (697,2,1,698,'','',' ',' ',NULL,NULL,NULL,NULL,0,0,0,0,0),
 (698,2,1,699,'','',' ',' ',NULL,NULL,NULL,NULL,0,0,0,0,0),
 (699,2,1,700,'','',' ',' ',NULL,NULL,NULL,NULL,0,0,0,0,0),
 (700,2,1,701,'','',' ',' ',NULL,NULL,NULL,NULL,0,0,0,0,0),
 (701,2,1,702,'','',' ',' ',NULL,NULL,NULL,NULL,0,0,0,0,0),
 (702,2,1,703,'','',' ',' ',NULL,NULL,NULL,NULL,0,0,0,0,0),
 (703,2,1,704,'','',' ',' ',NULL,NULL,NULL,NULL,0,0,0,0,0),
 (704,2,1,705,'','',' ',' ',NULL,NULL,NULL,NULL,0,0,0,0,0),
 (705,2,1,706,'','',' ',' ',NULL,NULL,NULL,NULL,0,0,0,0,0),
 (706,2,1,707,'','',' ',' ',NULL,NULL,NULL,NULL,0,0,0,0,0),
 (707,2,1,708,'','',' ',' ',NULL,NULL,NULL,NULL,0,0,0,0,0),
 (708,2,1,709,'','',' ',' ',NULL,NULL,NULL,NULL,0,0,0,0,0),
 (709,2,1,710,'','',' ',' ',NULL,NULL,NULL,NULL,0,0,0,0,0),
 (710,2,1,711,'','',' ',' ',NULL,NULL,NULL,NULL,0,0,0,0,0),
 (711,2,1,712,'','',' ',' ',NULL,NULL,NULL,NULL,0,0,0,0,0),
 (712,2,1,713,'','',' ',' ',NULL,NULL,NULL,NULL,0,0,0,0,0),
 (713,2,1,714,'','',' ',' ',NULL,NULL,NULL,NULL,0,0,0,0,0),
 (714,2,1,715,'','',' ',' ',NULL,NULL,NULL,NULL,0,0,0,0,0),
 (715,2,1,716,'','',' ',' ',NULL,NULL,NULL,NULL,0,0,0,0,0),
 (716,2,1,717,'','',' ',' ',NULL,NULL,NULL,NULL,0,0,0,0,0),
 (717,2,1,718,'','',' ',' ',NULL,NULL,NULL,NULL,0,0,0,0,0),
 (718,2,1,719,'','',' ',' ',NULL,NULL,NULL,NULL,0,0,0,0,0),
 (719,2,1,720,'','',' ',' ',NULL,NULL,NULL,NULL,0,0,0,0,0),
 (720,2,1,721,'','',' ',' ',NULL,NULL,NULL,NULL,0,0,0,0,0),
 (721,2,1,722,'','',' ',' ',NULL,NULL,NULL,NULL,0,0,0,0,0),
 (722,2,1,723,'','',' ',' ',NULL,NULL,NULL,NULL,0,0,0,0,0),
 (723,2,1,724,'','',' ',' ',NULL,NULL,NULL,NULL,0,0,0,0,0),
 (724,2,1,725,'','',' ',' ',NULL,NULL,NULL,NULL,0,0,0,0,0),
 (725,2,1,726,'','',' ',' ',NULL,NULL,NULL,NULL,0,0,0,0,0),
 (726,2,1,727,'','',' ',' ',NULL,NULL,NULL,NULL,0,0,0,0,0),
 (727,2,1,728,'','',' ',' ',NULL,NULL,NULL,NULL,0,0,0,0,0),
 (728,2,1,729,'','',' ',' ',NULL,NULL,NULL,NULL,0,0,0,0,0),
 (729,2,1,730,'','',' ',' ',NULL,NULL,NULL,NULL,0,0,0,0,0),
 (730,2,1,731,'','',' ',' ',NULL,NULL,NULL,NULL,0,0,0,0,0),
 (731,2,1,732,'','',' ',' ',NULL,NULL,NULL,NULL,0,0,0,0,0),
 (732,2,1,733,'','',' ',' ',NULL,NULL,NULL,NULL,0,0,0,0,0),
 (733,2,1,734,'','',' ',' ',NULL,NULL,NULL,NULL,0,0,0,0,0),
 (734,2,1,735,'','',' ',' ',NULL,NULL,NULL,NULL,0,0,0,0,0),
 (735,2,1,736,'','',' ',' ',NULL,NULL,NULL,NULL,0,0,0,0,0),
 (736,2,1,737,'','',' ',' ',NULL,NULL,NULL,NULL,0,0,0,0,0),
 (737,2,1,738,'','',' ',' ',NULL,NULL,NULL,NULL,0,0,0,0,0),
 (738,2,1,739,'','',' ',' ',NULL,NULL,NULL,NULL,0,0,0,0,0),
 (739,2,1,740,'','',' ',' ',NULL,NULL,NULL,NULL,0,0,0,0,0),
 (740,2,1,741,'','',' ',' ',NULL,NULL,NULL,NULL,0,0,0,0,0),
 (741,2,1,742,'','',' ',' ',NULL,NULL,NULL,NULL,0,0,0,0,0),
 (742,2,1,743,'','',' ',' ',NULL,NULL,NULL,NULL,0,0,0,0,0),
 (743,2,1,744,'','',' ',' ',NULL,NULL,NULL,NULL,0,0,0,0,0),
 (744,2,1,745,'','',' ',' ',NULL,NULL,NULL,NULL,0,0,0,0,0),
 (745,2,1,746,'','',' ',' ',NULL,NULL,NULL,NULL,0,0,0,0,0),
 (746,2,1,747,'','',' ',' ',NULL,NULL,NULL,NULL,0,0,0,0,0),
 (747,2,1,748,'','',' ',' ',NULL,NULL,NULL,NULL,0,0,0,0,0),
 (748,2,1,749,'','',' ',' ',NULL,NULL,NULL,NULL,0,0,0,0,0),
 (749,2,1,750,'','',' ',' ',NULL,NULL,NULL,NULL,0,0,0,0,0),
 (750,2,1,751,'','',' ',' ',NULL,NULL,NULL,NULL,0,0,0,0,0),
 (751,2,1,752,'','',' ',' ',NULL,NULL,NULL,NULL,0,0,0,0,0),
 (752,2,1,753,'','',' ',' ',NULL,NULL,NULL,NULL,0,0,0,0,0),
 (753,2,1,754,'','',' ',' ',NULL,NULL,NULL,NULL,0,0,0,0,0),
 (754,2,1,755,'','',' ',' ',NULL,NULL,NULL,NULL,0,0,0,0,0),
 (755,2,1,756,'','',' ',' ',NULL,NULL,NULL,NULL,0,0,0,0,0),
 (756,2,1,757,'','',' ',' ',NULL,NULL,NULL,NULL,0,0,0,0,0),
 (757,2,1,758,'','',' ',' ',NULL,NULL,NULL,NULL,0,0,0,0,0),
 (758,2,1,759,'','',' ',' ',NULL,NULL,NULL,NULL,0,0,0,0,0),
 (759,2,1,760,'','',' ',' ',NULL,NULL,NULL,NULL,0,0,0,0,0),
 (760,2,1,761,'','',' ',' ',NULL,NULL,NULL,NULL,0,0,0,0,0),
 (761,2,1,762,'','',' ',' ',NULL,NULL,NULL,NULL,0,0,0,0,0),
 (762,2,1,763,'','',' ',' ',NULL,NULL,NULL,NULL,0,0,0,0,0),
 (763,2,1,764,'','',' ',' ',NULL,NULL,NULL,NULL,0,0,0,0,0),
 (764,2,1,765,'','',' ',' ',NULL,NULL,NULL,NULL,0,0,0,0,0),
 (765,2,1,766,'','',' ',' ',NULL,NULL,NULL,NULL,0,0,0,0,0),
 (766,2,1,767,'','',' ',' ',NULL,NULL,NULL,NULL,0,0,0,0,0),
 (767,2,1,768,'','',' ',' ',NULL,NULL,NULL,NULL,0,0,0,0,0),
 (768,2,1,769,'','',' ',' ',NULL,NULL,NULL,NULL,0,0,0,0,0),
 (769,2,1,770,'','',' ',' ',NULL,NULL,NULL,NULL,0,0,0,0,0),
 (770,2,1,771,'','',' ',' ',NULL,NULL,NULL,NULL,0,0,0,0,0),
 (771,2,1,772,'','',' ',' ',NULL,NULL,NULL,NULL,0,0,0,0,0),
 (772,2,1,773,'','',' ',' ',NULL,NULL,NULL,NULL,0,0,0,0,0),
 (773,2,1,774,'','',' ',' ',NULL,NULL,NULL,NULL,0,0,0,0,0),
 (774,2,1,775,'','',' ',' ',NULL,NULL,NULL,NULL,0,0,0,0,0),
 (775,2,1,776,'','',' ',' ',NULL,NULL,NULL,NULL,0,0,0,0,0),
 (776,2,1,777,'','',' ',' ',NULL,NULL,NULL,NULL,0,0,0,0,0),
 (777,2,1,778,'','',' ',' ',NULL,NULL,NULL,NULL,0,0,0,0,0),
 (778,2,1,779,'','',' ',' ',NULL,NULL,NULL,NULL,0,0,0,0,0),
 (779,2,1,780,'','',' ',' ',NULL,NULL,NULL,NULL,0,0,0,0,0),
 (780,2,1,781,'','',' ',' ',NULL,NULL,NULL,NULL,0,0,0,0,0),
 (781,2,1,782,'','',' ',' ',NULL,NULL,NULL,NULL,0,0,0,0,0),
 (782,2,1,783,'','',' ',' ',NULL,NULL,NULL,NULL,0,0,0,0,0),
 (783,2,1,784,'','',' ',' ',NULL,NULL,NULL,NULL,0,0,0,0,0),
 (784,2,1,785,'','',' ',' ',NULL,NULL,NULL,NULL,0,0,0,0,0),
 (785,2,1,786,'','',' ',' ',NULL,NULL,NULL,NULL,0,0,0,0,0),
 (786,2,1,787,'','',' ',' ',NULL,NULL,NULL,NULL,0,0,0,0,0),
 (787,2,1,788,'','',' ',' ',NULL,NULL,NULL,NULL,0,0,0,0,0),
 (788,2,1,789,'','',' ',' ',NULL,NULL,NULL,NULL,0,0,0,0,0),
 (789,2,1,790,'','',' ',' ',NULL,NULL,NULL,NULL,0,0,0,0,0),
 (790,2,1,791,'','',' ',' ',NULL,NULL,NULL,NULL,0,0,0,0,0),
 (791,2,1,792,'','',' ',' ',NULL,NULL,NULL,NULL,0,0,0,0,0),
 (792,2,1,793,'','',' ',' ',NULL,NULL,NULL,NULL,0,0,0,0,0),
 (793,2,1,794,'','',' ',' ',NULL,NULL,NULL,NULL,0,0,0,0,0),
 (794,2,1,795,'','',' ',' ',NULL,NULL,NULL,NULL,0,0,0,0,0),
 (795,2,1,796,'','',' ',' ',NULL,NULL,NULL,NULL,0,0,0,0,0),
 (796,2,1,797,'','',' ',' ',NULL,NULL,NULL,NULL,0,0,0,0,0),
 (797,2,1,798,'','',' ',' ',NULL,NULL,NULL,NULL,0,0,0,0,0),
 (798,2,1,799,'','',' ',' ',NULL,NULL,NULL,NULL,0,0,0,0,0),
 (799,2,1,800,'','',' ',' ',NULL,NULL,NULL,NULL,0,0,0,0,0),
 (800,2,1,801,'','',' ',' ',NULL,NULL,NULL,NULL,0,0,0,0,0),
 (801,2,1,802,'','',' ',' ',NULL,NULL,NULL,NULL,0,0,0,0,0),
 (802,2,1,803,'','',' ',' ',NULL,NULL,NULL,NULL,0,0,0,0,0),
 (803,2,1,804,'','',' ',' ',NULL,NULL,NULL,NULL,0,0,0,0,0),
 (804,2,1,805,'','',' ',' ',NULL,NULL,NULL,NULL,0,0,0,0,0),
 (805,2,1,806,'','',' ',' ',NULL,NULL,NULL,NULL,0,0,0,0,0),
 (806,2,1,807,'','',' ',' ',NULL,NULL,NULL,NULL,0,0,0,0,0),
 (807,2,1,808,'','',' ',' ',NULL,NULL,NULL,NULL,0,0,0,0,0),
 (808,2,1,809,'','',' ',' ',NULL,NULL,NULL,NULL,0,0,0,0,0),
 (809,2,1,810,'','',' ',' ',NULL,NULL,NULL,NULL,0,0,0,0,0),
 (810,2,1,811,'','',' ',' ',NULL,NULL,NULL,NULL,0,0,0,0,0),
 (811,2,1,812,'','',' ',' ',NULL,NULL,NULL,NULL,0,0,0,0,0),
 (812,2,1,813,'','',' ',' ',NULL,NULL,NULL,NULL,0,0,0,0,0),
 (813,2,1,814,'','',' ',' ',NULL,NULL,NULL,NULL,0,0,0,0,0),
 (814,2,1,815,'','',' ',' ',NULL,NULL,NULL,NULL,0,0,0,0,0),
 (815,2,1,816,'','',' ',' ',NULL,NULL,NULL,NULL,0,0,0,0,0),
 (816,2,1,817,'','',' ',' ',NULL,NULL,NULL,NULL,0,0,0,0,0),
 (817,2,1,818,'','',' ',' ',NULL,NULL,NULL,NULL,0,0,0,0,0),
 (818,2,1,819,'','',' ',' ',NULL,NULL,NULL,NULL,0,0,0,0,0),
 (819,2,1,820,'','',' ',' ',NULL,NULL,NULL,NULL,0,0,0,0,0),
 (820,2,1,821,'','',' ',' ',NULL,NULL,NULL,NULL,0,0,0,0,0),
 (821,2,1,822,'','',' ',' ',NULL,NULL,NULL,NULL,0,0,0,0,0),
 (822,2,1,823,'','',' ',' ',NULL,NULL,NULL,NULL,0,0,0,0,0),
 (823,2,1,824,'','',' ',' ',NULL,NULL,NULL,NULL,0,0,0,0,0),
 (824,2,1,825,'','',' ',' ',NULL,NULL,NULL,NULL,0,0,0,0,0),
 (825,2,1,826,'','',' ',' ',NULL,NULL,NULL,NULL,0,0,0,0,0),
 (826,2,1,827,'','',' ',' ',NULL,NULL,NULL,NULL,0,0,0,0,0),
 (827,2,1,828,'','',' ',' ',NULL,NULL,NULL,NULL,0,0,0,0,0),
 (828,2,1,829,'','',' ',' ',NULL,NULL,NULL,NULL,0,0,0,0,0),
 (829,2,1,830,'','',' ',' ',NULL,NULL,NULL,NULL,0,0,0,0,0),
 (830,2,1,831,'','',' ',' ',NULL,NULL,NULL,NULL,0,0,0,0,0),
 (831,2,1,832,'','',' ',' ',NULL,NULL,NULL,NULL,0,0,0,0,0),
 (832,2,1,833,'','',' ',' ',NULL,NULL,NULL,NULL,0,0,0,0,0),
 (833,2,1,834,'','',' ',' ',NULL,NULL,NULL,NULL,0,0,0,0,0),
 (834,2,1,835,'','',' ',' ',NULL,NULL,NULL,NULL,0,0,0,0,0),
 (835,2,1,836,'','',' ',' ',NULL,NULL,NULL,NULL,0,0,0,0,0),
 (836,2,1,837,'','',' ',' ',NULL,NULL,NULL,NULL,0,0,0,0,0),
 (837,2,1,838,'','',' ',' ',NULL,NULL,NULL,NULL,0,0,0,0,0),
 (838,2,1,839,'','',' ',' ',NULL,NULL,NULL,NULL,0,0,0,0,0),
 (839,2,1,840,'','',' ',' ',NULL,NULL,NULL,NULL,0,0,0,0,0),
 (840,2,1,841,'','',' ',' ',NULL,NULL,NULL,NULL,0,0,0,0,0),
 (841,2,1,842,'','',' ',' ',NULL,NULL,NULL,NULL,0,0,0,0,0),
 (842,2,1,843,'','',' ',' ',NULL,NULL,NULL,NULL,0,0,0,0,0),
 (843,2,1,844,'','',' ',' ',NULL,NULL,NULL,NULL,0,0,0,0,0),
 (844,2,1,845,'','',' ',' ',NULL,NULL,NULL,NULL,0,0,0,0,0),
 (845,2,1,846,'','',' ',' ',NULL,NULL,NULL,NULL,0,0,0,0,0),
 (846,2,1,847,'','',' ',' ',NULL,NULL,NULL,NULL,0,0,0,0,0),
 (847,2,1,848,'','',' ',' ',NULL,NULL,NULL,NULL,0,0,0,0,0),
 (848,2,1,849,'','',' ',' ',NULL,NULL,NULL,NULL,0,0,0,0,0),
 (849,2,1,850,'','',' ',' ',NULL,NULL,NULL,NULL,0,0,0,0,0),
 (850,2,1,851,'','',' ',' ',NULL,NULL,NULL,NULL,0,0,0,0,0),
 (851,2,1,852,'','',' ',' ',NULL,NULL,NULL,NULL,0,0,0,0,0),
 (852,2,1,853,'','',' ',' ',NULL,NULL,NULL,NULL,0,0,0,0,0),
 (853,2,1,854,'','',' ',' ',NULL,NULL,NULL,NULL,0,0,0,0,0),
 (854,2,1,855,'','',' ',' ',NULL,NULL,NULL,NULL,0,0,0,0,0),
 (855,2,1,856,'','',' ',' ',NULL,NULL,NULL,NULL,0,0,0,0,0),
 (856,2,1,857,'','',' ',' ',NULL,NULL,NULL,NULL,0,0,0,0,0),
 (857,2,1,858,'','',' ',' ',NULL,NULL,NULL,NULL,0,0,0,0,0),
 (858,2,1,859,'','',' ',' ',NULL,NULL,NULL,NULL,0,0,0,0,0),
 (859,2,1,860,'','',' ',' ',NULL,NULL,NULL,NULL,0,0,0,0,0),
 (860,2,1,861,'','',' ',' ',NULL,NULL,NULL,NULL,0,0,0,0,0),
 (861,2,1,862,'','',' ',' ',NULL,NULL,NULL,NULL,0,0,0,0,0),
 (862,2,1,863,'','',' ',' ',NULL,NULL,NULL,NULL,0,0,0,0,0),
 (863,2,1,864,'','',' ',' ',NULL,NULL,NULL,NULL,0,0,0,0,0),
 (864,2,1,865,'','',' ',' ',NULL,NULL,NULL,NULL,0,0,0,0,0),
 (865,2,1,866,'','',' ',' ',NULL,NULL,NULL,NULL,0,0,0,0,0),
 (866,2,1,867,'','',' ',' ',NULL,NULL,NULL,NULL,0,0,0,0,0),
 (867,2,1,868,'','',' ',' ',NULL,NULL,NULL,NULL,0,0,0,0,0),
 (868,2,1,869,'','',' ',' ',NULL,NULL,NULL,NULL,0,0,0,0,0),
 (869,2,1,870,'','',' ',' ',NULL,NULL,NULL,NULL,0,0,0,0,0),
 (870,2,1,871,'','',' ',' ',NULL,NULL,NULL,NULL,0,0,0,0,0),
 (871,2,1,872,'','',' ',' ',NULL,NULL,NULL,NULL,0,0,0,0,0),
 (872,2,1,873,'','',' ',' ',NULL,NULL,NULL,NULL,0,0,0,0,0),
 (873,2,1,874,'','',' ',' ',NULL,NULL,NULL,NULL,0,0,0,0,0),
 (874,2,1,875,'','',' ',' ',NULL,NULL,NULL,NULL,0,0,0,0,0),
 (875,2,1,876,'','',' ',' ',NULL,NULL,NULL,NULL,0,0,0,0,0),
 (876,2,1,877,'','',' ',' ',NULL,NULL,NULL,NULL,0,0,0,0,0),
 (877,2,1,878,'','',' ',' ',NULL,NULL,NULL,NULL,0,0,0,0,0),
 (878,2,1,879,'','',' ',' ',NULL,NULL,NULL,NULL,0,0,0,0,0),
 (879,2,1,880,'','',' ',' ',NULL,NULL,NULL,NULL,0,0,0,0,0),
 (880,2,1,881,'','',' ',' ',NULL,NULL,NULL,NULL,0,0,0,0,0),
 (881,2,1,882,'','',' ',' ',NULL,NULL,NULL,NULL,0,0,0,0,0),
 (882,2,1,883,'','',' ',' ',NULL,NULL,NULL,NULL,0,0,0,0,0),
 (883,2,1,884,'','',' ',' ',NULL,NULL,NULL,NULL,0,0,0,0,0),
 (884,2,1,885,'','',' ',' ',NULL,NULL,NULL,NULL,0,0,0,0,0),
 (885,2,1,886,'','',' ',' ',NULL,NULL,NULL,NULL,0,0,0,0,0),
 (886,2,1,887,'','',' ',' ',NULL,NULL,NULL,NULL,0,0,0,0,0),
 (887,2,1,888,'','',' ',' ',NULL,NULL,NULL,NULL,0,0,0,0,0),
 (888,2,1,889,'','',' ',' ',NULL,NULL,NULL,NULL,0,0,0,0,0),
 (889,2,1,890,'','',' ',' ',NULL,NULL,NULL,NULL,0,0,0,0,0),
 (890,2,1,891,'','',' ',' ',NULL,NULL,NULL,NULL,0,0,0,0,0),
 (891,2,1,892,'','',' ',' ',NULL,NULL,NULL,NULL,0,0,0,0,0),
 (892,2,1,893,'','',' ',' ',NULL,NULL,NULL,NULL,0,0,0,0,0),
 (893,2,1,894,'','',' ',' ',NULL,NULL,NULL,NULL,0,0,0,0,0),
 (894,2,1,895,'','',' ',' ',NULL,NULL,NULL,NULL,0,0,0,0,0),
 (895,2,1,896,'','',' ',' ',NULL,NULL,NULL,NULL,0,0,0,0,0),
 (896,2,1,897,'','',' ',' ',NULL,NULL,NULL,NULL,0,0,0,0,0),
 (897,2,1,898,'','',' ',' ',NULL,NULL,NULL,NULL,0,0,0,0,0),
 (898,2,1,899,'','',' ',' ',NULL,NULL,NULL,NULL,0,0,0,0,0),
 (899,2,1,900,'','',' ',' ',NULL,NULL,NULL,NULL,0,0,0,0,0),
 (900,2,1,901,'','',' ',' ',NULL,NULL,NULL,NULL,0,0,0,0,0),
 (901,2,1,902,'','',' ',' ',NULL,NULL,NULL,NULL,0,0,0,0,0),
 (902,2,1,903,'','',' ',' ',NULL,NULL,NULL,NULL,0,0,0,0,0),
 (903,2,1,904,'','',' ',' ',NULL,NULL,NULL,NULL,0,0,0,0,0),
 (904,2,1,905,'','',' ',' ',NULL,NULL,NULL,NULL,0,0,0,0,0),
 (905,2,1,906,'','',' ',' ',NULL,NULL,NULL,NULL,0,0,0,0,0),
 (906,2,1,907,'','',' ',' ',NULL,NULL,NULL,NULL,0,0,0,0,0),
 (907,2,1,908,'','',' ',' ',NULL,NULL,NULL,NULL,0,0,0,0,0),
 (908,2,1,909,'','',' ',' ',NULL,NULL,NULL,NULL,0,0,0,0,0),
 (909,2,1,910,'','',' ',' ',NULL,NULL,NULL,NULL,0,0,0,0,0),
 (910,2,1,911,'','',' ',' ',NULL,NULL,NULL,NULL,0,0,0,0,0),
 (911,2,1,912,'','',' ',' ',NULL,NULL,NULL,NULL,0,0,0,0,0),
 (912,2,1,913,'','',' ',' ',NULL,NULL,NULL,NULL,0,0,0,0,0),
 (913,2,1,914,'','',' ',' ',NULL,NULL,NULL,NULL,0,0,0,0,0),
 (914,2,1,915,'','',' ',' ',NULL,NULL,NULL,NULL,0,0,0,0,0),
 (915,2,1,916,'','',' ',' ',NULL,NULL,NULL,NULL,0,0,0,0,0),
 (916,2,1,917,'','',' ',' ',NULL,NULL,NULL,NULL,0,0,0,0,0),
 (917,2,1,918,'','',' ',' ',NULL,NULL,NULL,NULL,0,0,0,0,0),
 (918,2,1,919,'','',' ',' ',NULL,NULL,NULL,NULL,0,0,0,0,0),
 (919,2,1,920,'','',' ',' ',NULL,NULL,NULL,NULL,0,0,0,0,0),
 (920,2,1,921,'','',' ',' ',NULL,NULL,NULL,NULL,0,0,0,0,0),
 (921,2,1,922,'','',' ',' ',NULL,NULL,NULL,NULL,0,0,0,0,0),
 (922,2,1,923,'','',' ',' ',NULL,NULL,NULL,NULL,0,0,0,0,0),
 (923,2,1,924,'','',' ',' ',NULL,NULL,NULL,NULL,0,0,0,0,0),
 (924,2,1,925,'','',' ',' ',NULL,NULL,NULL,NULL,0,0,0,0,0),
 (925,2,1,926,'','',' ',' ',NULL,NULL,NULL,NULL,0,0,0,0,0),
 (926,2,1,927,'','',' ',' ',NULL,NULL,NULL,NULL,0,0,0,0,0),
 (927,2,1,928,'','',' ',' ',NULL,NULL,NULL,NULL,0,0,0,0,0),
 (928,2,1,929,'','',' ',' ',NULL,NULL,NULL,NULL,0,0,0,0,0),
 (929,2,1,930,'','',' ',' ',NULL,NULL,NULL,NULL,0,0,0,0,0),
 (930,2,1,931,'','',' ',' ',NULL,NULL,NULL,NULL,0,0,0,0,0),
 (931,2,1,932,'','',' ',' ',NULL,NULL,NULL,NULL,0,0,0,0,0),
 (932,2,1,933,'','',' ',' ',NULL,NULL,NULL,NULL,0,0,0,0,0),
 (933,2,1,934,'','',' ',' ',NULL,NULL,NULL,NULL,0,0,0,0,0),
 (934,2,1,935,'','',' ',' ',NULL,NULL,NULL,NULL,0,0,0,0,0),
 (935,2,1,936,'','',' ',' ',NULL,NULL,NULL,NULL,0,0,0,0,0),
 (936,2,1,937,'','',' ',' ',NULL,NULL,NULL,NULL,0,0,0,0,0),
 (937,2,1,938,'','',' ',' ',NULL,NULL,NULL,NULL,0,0,0,0,0),
 (938,2,1,939,'','',' ',' ',NULL,NULL,NULL,NULL,0,0,0,0,0),
 (939,2,1,940,'','',' ',' ',NULL,NULL,NULL,NULL,0,0,0,0,0),
 (940,2,1,941,'','',' ',' ',NULL,NULL,NULL,NULL,0,0,0,0,0),
 (941,2,1,942,'','',' ',' ',NULL,NULL,NULL,NULL,0,0,0,0,0),
 (942,2,1,943,'','',' ',' ',NULL,NULL,NULL,NULL,0,0,0,0,0),
 (943,2,1,944,'','',' ',' ',NULL,NULL,NULL,NULL,0,0,0,0,0),
 (944,2,1,945,'','',' ',' ',NULL,NULL,NULL,NULL,0,0,0,0,0),
 (945,2,1,946,'','',' ',' ',NULL,NULL,NULL,NULL,0,0,0,0,0),
 (946,2,1,947,'','',' ',' ',NULL,NULL,NULL,NULL,0,0,0,0,0),
 (947,2,1,948,'','',' ',' ',NULL,NULL,NULL,NULL,0,0,0,0,0),
 (948,2,1,949,'','',' ',' ',NULL,NULL,NULL,NULL,0,0,0,0,0),
 (949,2,1,950,'','',' ',' ',NULL,NULL,NULL,NULL,0,0,0,0,0),
 (950,2,1,951,'','',' ',' ',NULL,NULL,NULL,NULL,0,0,0,0,0),
 (951,2,1,952,'','',' ',' ',NULL,NULL,NULL,NULL,0,0,0,0,0),
 (952,2,1,953,'','',' ',' ',NULL,NULL,NULL,NULL,0,0,0,0,0),
 (953,2,1,954,'','',' ',' ',NULL,NULL,NULL,NULL,0,0,0,0,0),
 (954,2,1,955,'','',' ',' ',NULL,NULL,NULL,NULL,0,0,0,0,0),
 (955,2,1,956,'','',' ',' ',NULL,NULL,NULL,NULL,0,0,0,0,0),
 (956,2,1,957,'','',' ',' ',NULL,NULL,NULL,NULL,0,0,0,0,0),
 (957,2,1,958,'','',' ',' ',NULL,NULL,NULL,NULL,0,0,0,0,0),
 (958,2,1,959,'','',' ',' ',NULL,NULL,NULL,NULL,0,0,0,0,0),
 (959,2,1,960,'','',' ',' ',NULL,NULL,NULL,NULL,0,0,0,0,0),
 (960,2,1,961,'','',' ',' ',NULL,NULL,NULL,NULL,0,0,0,0,0),
 (961,2,1,962,'','',' ',' ',NULL,NULL,NULL,NULL,0,0,0,0,0),
 (962,2,1,963,'','',' ',' ',NULL,NULL,NULL,NULL,0,0,0,0,0),
 (963,2,1,964,'','',' ',' ',NULL,NULL,NULL,NULL,0,0,0,0,0),
 (964,2,1,965,'','',' ',' ',NULL,NULL,NULL,NULL,0,0,0,0,0),
 (965,2,1,966,'','',' ',' ',NULL,NULL,NULL,NULL,0,0,0,0,0),
 (966,2,1,967,'','',' ',' ',NULL,NULL,NULL,NULL,0,0,0,0,0),
 (967,2,1,968,'','',' ',' ',NULL,NULL,NULL,NULL,0,0,0,0,0),
 (968,2,1,969,'','',' ',' ',NULL,NULL,NULL,NULL,0,0,0,0,0),
 (969,2,1,970,'','',' ',' ',NULL,NULL,NULL,NULL,0,0,0,0,0),
 (970,2,1,971,'','',' ',' ',NULL,NULL,NULL,NULL,0,0,0,0,0),
 (971,2,1,972,'','',' ',' ',NULL,NULL,NULL,NULL,0,0,0,0,0),
 (972,2,1,973,'','',' ',' ',NULL,NULL,NULL,NULL,0,0,0,0,0),
 (973,2,1,974,'','',' ',' ',NULL,NULL,NULL,NULL,0,0,0,0,0),
 (974,2,1,975,'','',' ',' ',NULL,NULL,NULL,NULL,0,0,0,0,0),
 (975,2,1,976,'','',' ',' ',NULL,NULL,NULL,NULL,0,0,0,0,0),
 (976,2,1,977,'','',' ',' ',NULL,NULL,NULL,NULL,0,0,0,0,0),
 (977,2,1,978,'','',' ',' ',NULL,NULL,NULL,NULL,0,0,0,0,0),
 (978,2,1,979,'','',' ',' ',NULL,NULL,NULL,NULL,0,0,0,0,0),
 (979,2,1,980,'','',' ',' ',NULL,NULL,NULL,NULL,0,0,0,0,0),
 (980,2,1,981,'','',' ',' ',NULL,NULL,NULL,NULL,0,0,0,0,0),
 (981,2,1,982,'','',' ',' ',NULL,NULL,NULL,NULL,0,0,0,0,0),
 (982,2,1,983,'','',' ',' ',NULL,NULL,NULL,NULL,0,0,0,0,0),
 (983,2,1,984,'','',' ',' ',NULL,NULL,NULL,NULL,0,0,0,0,0),
 (984,2,1,985,'','',' ',' ',NULL,NULL,NULL,NULL,0,0,0,0,0),
 (985,2,1,986,'','',' ',' ',NULL,NULL,NULL,NULL,0,0,0,0,0),
 (986,2,1,987,'','',' ',' ',NULL,NULL,NULL,NULL,0,0,0,0,0),
 (987,2,1,988,'','',' ',' ',NULL,NULL,NULL,NULL,0,0,0,0,0),
 (988,2,1,989,'','',' ',' ',NULL,NULL,NULL,NULL,0,0,0,0,0),
 (989,2,1,990,'','',' ',' ',NULL,NULL,NULL,NULL,0,0,0,0,0),
 (990,2,1,991,'','',' ',' ',NULL,NULL,NULL,NULL,0,0,0,0,0),
 (991,2,1,992,'','',' ',' ',NULL,NULL,NULL,NULL,0,0,0,0,0),
 (992,2,1,993,'','',' ',' ',NULL,NULL,NULL,NULL,0,0,0,0,0),
 (993,2,1,994,'','',' ',' ',NULL,NULL,NULL,NULL,0,0,0,0,0),
 (994,2,1,995,'','',' ',' ',NULL,NULL,NULL,NULL,0,0,0,0,0),
 (995,2,1,996,'','',' ',' ',NULL,NULL,NULL,NULL,0,0,0,0,0),
 (996,2,1,997,'','',' ',' ',NULL,NULL,NULL,NULL,0,0,0,0,0),
 (997,2,1,998,'','',' ',' ',NULL,NULL,NULL,NULL,0,0,0,0,0),
 (998,2,1,999,'','',' ',' ',NULL,NULL,NULL,NULL,0,0,0,0,0),
 (999,2,1,1000,'','',' ',' ',NULL,NULL,NULL,NULL,0,0,0,0,0),
 (1000,2,1,1001,'','',' ',' ',NULL,NULL,NULL,NULL,0,0,0,0,0),
 (1001,2,1,1002,'','',' ',' ',NULL,NULL,NULL,NULL,0,0,0,0,0),
 (1002,2,1,1003,'','',' ',' ',NULL,NULL,NULL,NULL,0,0,0,0,0),
 (1003,2,1,1004,'','',' ',' ',NULL,NULL,NULL,NULL,0,0,0,0,0),
 (1004,2,1,1005,'','',' ',' ',NULL,NULL,NULL,NULL,0,0,0,0,0),
 (1005,2,1,1006,'','',' ',' ',NULL,NULL,NULL,NULL,0,0,0,0,0),
 (1006,2,1,1007,'','',' ',' ',NULL,NULL,NULL,NULL,0,0,0,0,0),
 (1007,2,1,1008,'','',' ',' ',NULL,NULL,NULL,NULL,0,0,0,0,0),
 (1008,2,1,1009,'','',' ',' ',NULL,NULL,NULL,NULL,0,0,0,0,0),
 (1009,2,1,1010,'','',' ',' ',NULL,NULL,NULL,NULL,0,0,0,0,0),
 (1010,2,1,1011,'','',' ',' ',NULL,NULL,NULL,NULL,0,0,0,0,0),
 (1011,2,1,1012,'','',' ',' ',NULL,NULL,NULL,NULL,0,0,0,0,0);
/*!40000 ALTER TABLE `assignment_users` ENABLE KEYS */;


--
-- Definition of table `assignments`
--

DROP TABLE IF EXISTS `assignments`;
CREATE TABLE `assignments` (
  `id` int(11) NOT NULL AUTO_INCREMENT,
  `quiz_id` int(11) NOT NULL DEFAULT '0',
  `org_quiz_id` int(11) NOT NULL DEFAULT '0',
  `results_mode` int(11) NOT NULL DEFAULT '0',
  `added_date` datetime NOT NULL DEFAULT now(),
  `quiz_time` int(11) NOT NULL DEFAULT '0',
  `show_results` int(11) NOT NULL DEFAULT '0',
  `pass_score` decimal(10,2) NOT NULL DEFAULT '0.00',
  `quiz_type` int(11) NOT NULL DEFAULT '0',
  `status` int(11) NOT NULL DEFAULT '0',
  PRIMARY KEY (`id`)
) ENGINE=InnoDB AUTO_INCREMENT=3 DEFAULT CHARSET=latin1;

--
-- Dumping data for table `assignments`
--

/*!40000 ALTER TABLE `assignments` DISABLE KEYS */;
INSERT INTO `assignments` (`id`,`quiz_id`,`org_quiz_id`,`results_mode`,`added_date`,`quiz_time`,`show_results`,`pass_score`,`quiz_type`,`status`) VALUES 
 (1,1,1,1,'2024-01-27 10:40:41',60,1,'30.00',1,0),
 (2,1,1,1,'2024-01-27 10:40:41',60,1,'30.00',1,0);
/*!40000 ALTER TABLE `assignments` ENABLE KEYS */;


--
-- Definition of table `cats`
--

DROP TABLE IF EXISTS `cats`;
CREATE TABLE `cats` (
  `id` int(11) NOT NULL AUTO_INCREMENT,
  `cat_name` varchar(255) NOT NULL,
  PRIMARY KEY (`id`)
) ENGINE=InnoDB AUTO_INCREMENT=2 DEFAULT CHARSET=latin1;

--
-- Dumping data for table `cats`
--

/*!40000 ALTER TABLE `cats` DISABLE KEYS */;
INSERT INTO `cats` (`id`,`cat_name`) VALUES 
 (1,'Assessment Test #012');
/*!40000 ALTER TABLE `cats` ENABLE KEYS */;


--
-- Definition of table `imported_users`
--

DROP TABLE IF EXISTS `imported_users`;
CREATE TABLE `imported_users` (
  `id` int(11) NOT NULL AUTO_INCREMENT,
  `name` varchar(250) NOT NULL DEFAULT '',
  `surname` varchar(255) NOT NULL DEFAULT '',
  `user_name` varchar(150) NOT NULL DEFAULT '',
  `password` varchar(150) NOT NULL DEFAULT '',
  PRIMARY KEY (`id`)
) ENGINE=MyISAM AUTO_INCREMENT=3 DEFAULT CHARSET=latin1;

--
-- Dumping data for table `imported_users`
--

/*!40000 ALTER TABLE `imported_users` DISABLE KEYS */;
INSERT INTO `imported_users` (`id`,`name`,`surname`,`user_name`,`password`) VALUES 
 (1,'test1','test2','user1','ee11cbb19052e40b07aac0ca060c23ee'),
 (2,'test2','test2','user2','ee11cbb19052e40b07aac0ca060c23ee');
/*!40000 ALTER TABLE `imported_users` ENABLE KEYS */;


--
-- Definition of table `maxedu_cp_loadmax`
--

DROP TABLE IF EXISTS `maxedu_cp_loadmax`;
CREATE TABLE `maxedu_cp_loadmax` (
  `id` int(10) unsigned NOT NULL AUTO_INCREMENT,
  `loadtext` varchar(50) NOT NULL,
  `loadval` double NOT NULL DEFAULT '0',
  `loadtime` datetime NOT NULL,
  PRIMARY KEY (`id`)
) ENGINE=InnoDB AUTO_INCREMENT=817 DEFAULT CHARSET=latin1;

--
-- Dumping data for table `maxedu_cp_loadmax`
--

/*!40000 ALTER TABLE `maxedu_cp_loadmax` DISABLE KEYS */;
INSERT INTO `maxedu_cp_loadmax` (`id`,`loadtext`,`loadval`,`loadtime`) VALUES 
 (1,'[0,0.01,0.05]',0.05,'2020-07-21 03:03:56'),
 (2,'[0.08,0.03,0.05]',0.08,'2020-07-21 03:05:36'),
 (3,'[0.08,0.1,0.08]',0.1,'2020-07-21 05:05:46'),
 (4,'[0.12,0.11,0.08]',0.12,'2020-07-21 05:06:24'),
 (5,'[0.21,0.12,0.09]',0.21,'2020-07-21 05:07:20'),
 (6,'[0.27,0.14,0.09]',0.27,'2020-07-21 05:07:25'),
 (7,'[0.47,0.18,0.11]',0.47,'2020-07-21 05:12:10'),
 (8,'[0,0.01,0.05]',0.05,'2020-07-21 06:54:37'),
 (9,'[0.07,0.03,0.05]',0.07,'2020-07-21 08:19:46'),
 (10,'[0.14,0.16,0.1]',0.16,'2020-07-21 09:19:03'),
 (11,'[0.04,0.1,0.09]',0.1,'2020-07-21 10:29:42'),
 (12,'[0.15,0.11,0.1]',0.15,'2020-07-21 10:30:45'),
 (13,'[0.29,0.14,0.11]',0.29,'2020-07-21 10:30:53'),
 (14,'[0.35,0.11,0.09]',0.35,'2020-07-21 10:56:10'),
 (15,'[0.01,0.06,0.07]',0.07,'2020-07-21 11:00:01'),
 (16,'[0.08,0.06,0.07]',0.08,'2020-07-21 11:02:06'),
 (17,'[0.13,0.07,0.07]',0.13,'2020-07-21 11:02:31'),
 (18,'[0.17,0.07,0.06]',0.17,'2020-07-21 11:08:04'),
 (19,'[0.18,0.1,0.06]',0.18,'2020-07-21 11:12:18'),
 (20,'[0.22,0.11,0.08]',0.22,'2020-07-21 11:25:37'),
 (21,'[0.27,0.12,0.09]',0.27,'2020-07-21 11:25:45'),
 (22,'[0.29,0.13,0.09]',0.29,'2020-07-21 11:26:01'),
 (23,'[0.09,0.08,0.07]',0.09,'2020-07-22 02:21:04'),
 (24,'[0.33,0.1,0.07]',0.33,'2020-07-22 02:28:04'),
 (25,'[0.39,0.12,0.07]',0.39,'2020-07-22 02:28:12'),
 (26,'[0.68,0.18,0.09]',0.68,'2020-07-22 02:28:16'),
 (27,'[0.02,0.05,0.05]',0.05,'2020-07-22 09:40:09'),
 (28,'[0.11,0.06,0.05]',0.11,'2020-07-22 11:25:48'),
 (29,'[0.15,0.08,0.05]',0.15,'2020-07-22 11:27:26'),
 (30,'[0.25,0.11,0.06]',0.25,'2020-07-22 11:30:00'),
 (31,'[0.29,0.13,0.07]',0.29,'2020-07-22 11:31:37'),
 (32,'[0.09,0.07,0.05]',0.09,'2020-07-22 12:48:04'),
 (33,'[0.15,0.08,0.06]',0.15,'2020-07-22 12:48:11'),
 (34,'[0,0.01,0.05]',0.05,'2020-07-23 02:10:30'),
 (35,'[0.08,0.03,0.05]',0.08,'2020-07-23 02:11:17'),
 (36,'[0.16,0.05,0.06]',0.16,'2020-07-23 02:21:49'),
 (37,'[0.33,0.09,0.07]',0.33,'2020-07-23 02:25:01'),
 (38,'[0.38,0.13,0.07]',0.38,'2020-07-23 02:28:23'),
 (39,'[0.43,0.14,0.08]',0.43,'2020-07-23 02:28:27'),
 (40,'[0.44,0.16,0.08]',0.44,'2020-07-23 02:28:39'),
 (41,'[0.49,0.17,0.09]',0.49,'2020-07-23 02:28:43'),
 (42,'[0.61,0.2,0.1]',0.61,'2020-07-23 02:28:47'),
 (43,'[0.64,0.21,0.1]',0.64,'2020-07-23 02:28:51'),
 (44,'[0.02,0.02,0.05]',0.05,'2020-07-23 04:13:58'),
 (45,'[0.08,0.03,0.05]',0.08,'2020-07-23 04:20:00'),
 (46,'[0.1,0.04,0.05]',0.1,'2020-07-23 04:21:32'),
 (47,'[0.08,0.08,0.06]',0.08,'2020-07-23 09:20:15'),
 (48,'[0.06,0.07,0.06]',0.07,'2020-07-23 13:58:02'),
 (49,'[0.01,0.05,0.05]',0.05,'2020-07-23 14:00:01'),
 (50,'[0.08,0.05,0.05]',0.08,'2020-07-23 14:01:50'),
 (51,'[0.13,0.06,0.05]',0.13,'2020-07-23 14:02:16'),
 (52,'[0.2,0.08,0.06]',0.2,'2020-07-23 14:02:21'),
 (53,'[0.02,0.02,0.05]',0.05,'2020-07-23 18:16:38'),
 (54,'[0.08,0.03,0.05]',0.08,'2020-07-23 18:25:04'),
 (55,'[0.14,0.05,0.05]',0.14,'2020-07-23 18:45:18'),
 (56,'[0.17,0.06,0.06]',0.17,'2020-07-23 18:45:49'),
 (57,'[0.23,0.08,0.06]',0.23,'2020-07-23 18:46:37'),
 (58,'[0,0.01,0.05]',0.05,'2020-07-23 21:07:14'),
 (59,'[0.01,0.06,0.06]',0.06,'2020-07-24 02:32:36'),
 (60,'[0.08,0.04,0.05]',0.08,'2020-07-24 02:37:02'),
 (61,'[0.12,0.06,0.05]',0.12,'2020-07-24 02:37:52'),
 (62,'[0.14,0.07,0.05]',0.14,'2020-07-24 02:38:28'),
 (63,'[0.04,0.03,0.05]',0.05,'2020-07-24 06:47:09'),
 (64,'[0.1,0.04,0.05]',0.1,'2020-07-24 06:47:35'),
 (65,'[0,0.01,0.05]',0.05,'2020-07-24 08:24:03'),
 (66,'[0.09,0.04,0.05]',0.09,'2020-07-24 08:31:27'),
 (67,'[0,0.01,0.05]',0.05,'2020-07-24 09:01:24'),
 (68,'[0.14,0.05,0.06]',0.14,'2020-07-24 09:03:19'),
 (69,'[0,0.01,0.05]',0.05,'2020-07-24 10:33:13'),
 (70,'[0.16,0.05,0.06]',0.16,'2020-07-24 10:36:54'),
 (71,'[0.22,0.06,0.06]',0.22,'2020-07-24 10:37:04'),
 (72,'[0.03,0.22,0.16]',0.22,'2020-07-25 02:33:25'),
 (73,'[0.29,0.14,0.14]',0.29,'2020-07-25 02:38:42'),
 (74,'[0.34,0.16,0.15]',0.34,'2020-07-25 02:38:46'),
 (75,'[0,0.01,0.05]',0.05,'2020-07-25 03:09:15'),
 (76,'[0.06,0.06,0.05]',0.06,'2020-07-25 04:29:16'),
 (77,'[0.1,0.06,0.05]',0.1,'2020-07-25 07:58:04'),
 (78,'[0,0.01,0.05]',0.05,'2020-07-25 10:46:33'),
 (79,'[0,0.01,0.05]',0.05,'2020-07-25 12:08:55'),
 (80,'[0,0.01,0.05]',0.05,'2020-07-25 14:09:35'),
 (81,'[0.08,0.09,0.07]',0.09,'2020-07-26 04:24:18'),
 (82,'[0.06,0.06,0.05]',0.06,'2020-07-26 05:27:44'),
 (83,'[0.1,0.07,0.05]',0.1,'2020-07-26 05:29:02'),
 (84,'[0.11,0.09,0.06]',0.11,'2020-07-26 09:01:25'),
 (85,'[0.15,0.08,0.05]',0.15,'2020-07-26 09:04:30'),
 (86,'[0.16,0.07,0.06]',0.16,'2020-07-26 09:08:47'),
 (87,'[0.19,0.09,0.06]',0.19,'2020-07-26 09:10:02'),
 (88,'[0.25,0.11,0.06]',0.25,'2020-07-26 09:30:43'),
 (89,'[0.02,0.04,0.05]',0.05,'2020-07-26 10:16:37'),
 (90,'[0.08,0.03,0.05]',0.08,'2020-07-26 10:20:17'),
 (91,'[0.13,0.05,0.05]',0.13,'2020-07-26 10:20:46'),
 (92,'[0,0.01,0.05]',0.05,'2020-07-26 12:05:48'),
 (93,'[0.12,0.04,0.05]',0.12,'2020-07-26 12:17:57'),
 (94,'[0,0.01,0.05]',0.05,'2020-08-07 02:55:10'),
 (95,'[0.03,0.04,0.05]',0.05,'2020-08-07 03:16:08'),
 (96,'[0,0.02,0.05]',0.05,'2020-08-07 04:35:01'),
 (97,'[0,0.02,0.05]',0.05,'2020-08-07 07:41:20'),
 (98,'[0,0.01,0.05]',0.05,'2020-08-07 11:25:40'),
 (99,'[0,0.01,0.05]',0.05,'2020-08-08 02:59:50'),
 (100,'[0,0.01,0.05]',0.05,'2020-08-08 03:00:00'),
 (101,'[0.08,0.03,0.05]',0.08,'2020-08-08 03:01:59'),
 (102,'[0.12,0.04,0.05]',0.12,'2020-08-08 03:02:39'),
 (103,'[0,0.01,0.05]',0.05,'2020-08-08 11:07:23'),
 (104,'[0,0.01,0.05]',0.05,'2020-08-08 13:31:53'),
 (105,'[0.08,0.03,0.05]',0.08,'2020-08-08 13:35:08'),
 (106,'[0.02,0.02,0.05]',0.05,'2020-08-09 10:22:48'),
 (107,'[0,0.01,0.05]',0.05,'2020-08-09 14:26:36'),
 (108,'[0,0.13,0.14]',0.14,'2020-08-10 02:36:03'),
 (109,'[0,0.01,0.05]',0.05,'2020-08-10 03:08:15'),
 (110,'[0.08,0.03,0.05]',0.08,'2020-08-10 03:08:18'),
 (111,'[0.38,0.14,0.09]',0.38,'2020-08-10 03:35:15'),
 (112,'[0.1,0.07,0.05]',0.1,'2020-08-10 05:03:33'),
 (113,'[0.14,0.08,0.06]',0.14,'2020-08-10 05:04:04'),
 (114,'[0.25,0.1,0.06]',0.25,'2020-08-10 05:06:20'),
 (115,'[0.28,0.12,0.07]',0.28,'2020-08-10 05:07:03'),
 (116,'[0.03,0.05,0.05]',0.05,'2020-08-10 06:57:58'),
 (117,'[0.09,0.06,0.05]',0.09,'2020-08-10 06:58:56'),
 (118,'[0.13,0.07,0.05]',0.13,'2020-08-10 06:59:24'),
 (119,'[0.08,0.06,0.05]',0.08,'2020-08-10 07:00:02'),
 (120,'[0.1,0.06,0.05]',0.1,'2020-08-10 07:01:30'),
 (121,'[0.13,0.07,0.05]',0.13,'2020-08-10 07:02:10'),
 (122,'[0.03,0.04,0.05]',0.05,'2020-08-10 09:10:20'),
 (123,'[0,0.01,0.05]',0.05,'2020-08-10 11:05:12'),
 (124,'[0.08,0.03,0.05]',0.08,'2020-08-10 11:15:09'),
 (125,'[0.13,0.04,0.05]',0.13,'2020-08-11 03:10:15'),
 (126,'[0.16,0.06,0.06]',0.16,'2020-08-11 03:53:55'),
 (127,'[0.18,0.09,0.06]',0.18,'2020-08-11 03:56:40'),
 (128,'[0.05,0.06,0.05]',0.06,'2020-08-11 04:00:00'),
 (129,'[0.24,0.06,0.06]',0.24,'2020-08-11 04:39:58'),
 (130,'[0.16,0.07,0.06]',0.16,'2020-08-11 07:24:07'),
 (131,'[0.18,0.11,0.07]',0.18,'2020-08-11 09:54:41'),
 (132,'[0.2,0.12,0.07]',0.2,'2020-08-11 09:55:05'),
 (133,'[0,0.03,0.05]',0.05,'2020-08-11 10:19:49'),
 (134,'[0,0.01,0.05]',0.05,'2020-08-11 11:10:23'),
 (135,'[0,0.03,0.05]',0.05,'2020-08-12 13:52:32'),
 (136,'[0.08,0.04,0.05]',0.08,'2020-08-12 13:53:58'),
 (137,'[0.1,0.05,0.05]',0.1,'2020-08-12 13:55:17'),
 (138,'[0.11,0.06,0.05]',0.11,'2020-08-12 13:56:22'),
 (139,'[0.12,0.06,0.05]',0.12,'2020-08-12 13:57:23'),
 (140,'[0.01,0.04,0.05]',0.05,'2020-08-12 14:00:00'),
 (141,'[0.08,0.04,0.05]',0.08,'2020-08-12 14:02:32'),
 (142,'[0.09,0.03,0.05]',0.09,'2020-08-12 14:24:23'),
 (143,'[0.17,0.05,0.06]',0.17,'2020-08-12 14:29:36'),
 (144,'[0.24,0.09,0.06]',0.24,'2020-08-12 14:46:34'),
 (145,'[0.27,0.1,0.06]',0.27,'2020-08-12 14:46:46'),
 (146,'[0.03,0.04,0.05]',0.05,'2020-08-12 15:00:02'),
 (147,'[0.08,0.04,0.05]',0.08,'2020-08-12 15:03:42'),
 (148,'[0.13,0.05,0.05]',0.13,'2020-08-12 15:04:07'),
 (149,'[0.19,0.08,0.06]',0.19,'2020-08-12 15:09:02'),
 (150,'[0.25,0.07,0.06]',0.25,'2020-08-12 15:25:14'),
 (151,'[0.35,0.11,0.07]',0.35,'2020-08-12 15:26:04'),
 (152,'[0.57,0.17,0.09]',0.57,'2020-08-12 15:46:00'),
 (153,'[0.67,0.24,0.12]',0.67,'2020-08-12 15:55:35'),
 (154,'[0.7,0.25,0.13]',0.7,'2020-08-12 15:55:39'),
 (155,'[0.05,0.12,0.11]',0.12,'2020-08-12 16:00:02'),
 (156,'[0.13,0.14,0.11]',0.14,'2020-08-12 16:00:06'),
 (157,'[0.18,0.14,0.12]',0.18,'2020-08-12 16:00:19'),
 (158,'[0.25,0.11,0.1]',0.25,'2020-08-12 16:09:08'),
 (159,'[0.29,0.12,0.11]',0.29,'2020-08-12 16:09:20'),
 (160,'[0,0.01,0.05]',0.05,'2020-08-12 21:31:08'),
 (161,'[0.01,0.07,0.07]',0.07,'2020-08-13 14:07:34'),
 (162,'[0.08,0.08,0.07]',0.08,'2020-08-13 14:08:44'),
 (163,'[0.11,0.08,0.07]',0.11,'2020-08-13 14:09:44'),
 (164,'[0,0.01,0.05]',0.05,'2020-08-13 21:34:02'),
 (165,'[0.08,0.03,0.05]',0.08,'2020-08-13 21:34:05'),
 (166,'[0.14,0.05,0.05]',0.14,'2020-08-13 21:34:25'),
 (167,'[0.02,0.02,0.05]',0.05,'2020-08-14 13:37:48'),
 (168,'[0.08,0.03,0.05]',0.08,'2020-08-14 13:39:02'),
 (169,'[0.14,0.05,0.05]',0.14,'2020-08-14 13:39:22'),
 (170,'[0.2,0.06,0.06]',0.2,'2020-08-14 13:39:30'),
 (171,'[0.3,0.09,0.07]',0.3,'2020-08-14 13:39:50'),
 (172,'[0,0.02,0.05]',0.05,'2020-08-14 14:00:00'),
 (173,'[0.08,0.03,0.05]',0.08,'2020-08-14 14:01:51'),
 (174,'[0.13,0.04,0.05]',0.13,'2020-08-14 14:02:20'),
 (175,'[0.06,0.08,0.12]',0.12,'2020-08-14 19:12:15'),
 (176,'[0.2,0.13,0.14]',0.2,'2020-08-14 19:18:52'),
 (177,'[0.26,0.14,0.14]',0.26,'2020-08-14 19:18:55'),
 (178,'[0,0.01,0.05]',0.05,'2020-08-14 20:24:01'),
 (179,'[0.08,0.03,0.05]',0.08,'2020-08-14 20:25:09'),
 (180,'[0.09,0.04,0.05]',0.09,'2020-08-14 20:50:08'),
 (181,'[0.01,0.02,0.05]',0.05,'2020-08-14 21:00:00'),
 (182,'[0.08,0.03,0.05]',0.08,'2020-08-14 21:02:45'),
 (183,'[0.13,0.04,0.05]',0.13,'2020-08-14 21:03:21'),
 (184,'[0.16,0.05,0.06]',0.16,'2020-08-14 21:38:32'),
 (185,'[0,0.01,0.05]',0.05,'2020-08-14 22:00:02'),
 (186,'[4.89,-1,3.79]',4.89,'2020-10-10 16:40:54'),
 (187,'[3.09,-1,5.33]',5.33,'2020-10-10 16:40:56'),
 (188,'[3.37,-1,6.91]',6.91,'2020-10-15 12:44:38'),
 (189,'[1.57,1.72,1.81]',1.81,'2020-11-12 18:43:32'),
 (190,'[1.06,1.36,1.42]',1.42,'2020-11-13 07:01:01'),
 (191,'[1.44,1.45,1.48]',1.48,'2020-11-13 08:59:28'),
 (192,'[1.48,1.46,1.49]',1.49,'2020-11-13 08:59:32'),
 (193,'[1.52,1.47,1.49]',1.52,'2020-11-13 08:59:37'),
 (194,'[1.8,1.52,1.51]',1.8,'2020-11-13 08:59:43'),
 (195,'[1.82,1.53,1.51]',1.82,'2020-11-13 08:59:46'),
 (196,'[1.91,1.56,1.52]',1.91,'2020-11-13 08:59:52'),
 (197,'[2.16,1.61,1.54]',2.16,'2020-11-13 08:59:57'),
 (198,'[1.99,1.59,1.53]',1.99,'2020-11-13 09:00:02'),
 (199,'[2.09,1.63,1.54]',2.09,'2020-11-13 09:00:32'),
 (200,'[2.25,1.67,1.56]',2.25,'2020-11-13 09:00:37'),
 (201,'[43.12,41.23,40.42]',43.12,'2020-11-13 22:50:26'),
 (202,'[43.91,41.42,40.49]',43.91,'2020-11-13 22:50:31'),
 (203,'[44.16,41.52,40.52]',44.16,'2020-11-13 22:50:36'),
 (204,'[48.43,43.09,41.11]',48.43,'2020-11-13 22:51:24'),
 (205,'[49.72,43.55,41.28]',49.72,'2020-11-13 22:51:36'),
 (206,'[50.23,43.76,41.36]',50.23,'2020-11-13 22:51:43'),
 (207,'[50.72,44.88,41.9]',50.72,'2020-11-13 22:52:47'),
 (208,'[51.47,45.13,41.99]',51.47,'2020-11-13 22:52:51'),
 (209,'[10.05,11.02,11.72]',11.72,'2020-11-14 07:00:55'),
 (210,'[10.47,11.08,11.73]',11.73,'2020-11-14 07:01:05'),
 (211,'[12.2,12.65,12.36]',12.65,'2020-11-14 12:36:09'),
 (212,'[12.27,12.66,12.36]',12.66,'2020-11-14 12:36:14'),
 (213,'[12.33,12.67,12.37]',12.67,'2020-11-14 12:36:19'),
 (214,'[15.27,17.6,17.95]',17.95,'2020-11-16 14:02:03'),
 (215,'[14.36,13.62,13.56]',14.36,'2020-11-16 23:37:16'),
 (216,'[14.4,13.65,13.57]',14.4,'2020-11-16 23:37:24'),
 (217,'[14.97,14.41,14.23]',14.97,'2020-11-17 09:39:23'),
 (218,'[32.88,23.83,18.11]',32.88,'2020-11-17 17:11:52'),
 (219,'[13.15,13.46,13.63]',13.63,'2020-11-18 08:39:39'),
 (220,'[13.43,13.51,13.64]',13.64,'2020-11-18 08:39:45'),
 (221,'[13.56,13.54,13.65]',13.65,'2020-11-18 08:39:51'),
 (222,'[13.67,13.55,13.65]',13.67,'2020-11-18 08:40:06'),
 (223,'[13.91,13.54,13.64]',13.91,'2020-11-18 08:41:01'),
 (224,'[14.8,13.73,13.7]',14.8,'2020-11-18 08:41:09'),
 (225,'[6.47,5.39,5.44]',6.47,'2020-12-13 20:00:08'),
 (226,'[6.54,5.46,5.47]',6.54,'2020-12-13 20:00:30'),
 (227,'[6.58,5.49,5.47]',6.58,'2020-12-13 20:00:35'),
 (228,'[6.72,5.56,5.5]',6.72,'2020-12-13 20:00:50'),
 (229,'[7.5,5.74,5.34]',7.5,'2020-12-13 20:38:03'),
 (230,'[4.24,4.83,5.05]',5.05,'2020-12-13 21:00:01'),
 (231,'[5.9,5.17,5.16]',5.9,'2020-12-13 21:00:04'),
 (232,'[6.47,5.3,5.2]',6.47,'2020-12-13 21:00:09'),
 (233,'[6.23,5.86,5.24]',6.23,'2020-12-14 11:12:57'),
 (234,'[6.29,5.88,5.26]',6.29,'2020-12-14 11:13:05'),
 (235,'[7.4,6.73,6.62]',7.4,'2020-12-14 17:50:24'),
 (236,'[7.67,6.84,6.66]',7.67,'2020-12-14 17:50:52'),
 (237,'[6.26,7.2,7.32]',7.32,'2020-12-19 20:03:47'),
 (238,'[8.19,7.14,7.2]',8.19,'2020-12-19 20:09:14'),
 (239,'[8.26,7.18,7.21]',8.26,'2020-12-19 20:09:17'),
 (240,'[8.38,7.24,7.23]',8.38,'2020-12-19 20:09:29'),
 (241,'[8.51,7.28,7.25]',8.51,'2020-12-19 20:09:33'),
 (242,'[8.95,7.39,7.29]',8.95,'2020-12-19 20:09:41'),
 (243,'[9.12,7.45,7.31]',9.12,'2020-12-19 20:09:45'),
 (244,'[9.13,7.91,7.5]',9.13,'2020-12-19 20:13:20'),
 (245,'[9.5,8.24,7.66]',9.5,'2020-12-19 20:15:28'),
 (246,'[7.52,7.39,7.19]',7.52,'2020-12-19 21:12:05'),
 (247,'[7.68,7.42,7.21]',7.68,'2020-12-19 21:12:11'),
 (248,'[6.78,7.37,7.18]',7.37,'2020-12-20 12:49:08'),
 (249,'[5.36,5.78,6.29]',6.29,'2020-12-21 23:43:53'),
 (250,'[5.93,6,6.27]',6.27,'2020-12-22 16:14:43'),
 (251,'[6.46,6.09,6.29]',6.46,'2020-12-22 16:15:10'),
 (252,'[5.67,5.2,5.03]',5.67,'2020-12-26 12:35:39'),
 (253,'[6.81,6.23,5.75]',6.81,'2020-12-26 19:12:00'),
 (254,'[6.83,6.24,5.75]',6.83,'2020-12-26 19:12:02'),
 (255,'[6.86,6.27,5.77]',6.86,'2020-12-26 19:12:11'),
 (256,'[6.97,6.32,5.79]',6.97,'2020-12-26 19:12:33'),
 (257,'[5.76,5.33,5.48]',5.76,'2020-12-26 20:30:38'),
 (258,'[5.92,5.38,5.48]',5.92,'2020-12-26 20:31:16'),
 (259,'[6.32,5.47,5.51]',6.32,'2020-12-26 20:31:24'),
 (260,'[5.32,5.67,5.77]',5.77,'2020-12-27 09:19:15'),
 (261,'[6.55,6.15,6.33]',6.55,'2020-12-27 16:56:51'),
 (262,'[7.22,6.3,6.38]',7.22,'2020-12-27 16:56:56'),
 (263,'[7.41,6.38,6.41]',7.41,'2020-12-27 16:57:11'),
 (264,'[5.17,5.91,6.23]',6.23,'2020-12-27 17:00:00'),
 (265,'[5.64,6,6.26]',6.26,'2020-12-27 17:00:05'),
 (266,'[6.31,5.81,5.98]',6.31,'2020-12-27 17:14:21'),
 (267,'[6.33,5.84,5.99]',6.33,'2020-12-27 17:14:37'),
 (268,'[6.63,5.91,6.01]',6.63,'2020-12-27 17:14:41'),
 (269,'[6.65,5.95,6.02]',6.65,'2020-12-27 17:14:57'),
 (270,'[6.92,6.01,6.04]',6.92,'2020-12-27 17:15:01'),
 (271,'[7.01,6.05,6.05]',7.01,'2020-12-27 17:15:05'),
 (272,'[7.09,6.11,6.07]',7.09,'2020-12-27 17:15:21'),
 (273,'[7.57,6.23,6.11]',7.57,'2020-12-27 17:15:29'),
 (274,'[7.76,6.29,6.13]',7.76,'2020-12-27 17:15:33'),
 (275,'[7.81,6.45,6.19]',7.81,'2020-12-27 17:16:13'),
 (276,'[7.89,7.52,7.71]',7.89,'2020-12-27 19:46:14'),
 (277,'[7.93,8.49,8.33]',8.49,'2020-12-27 20:31:52'),
 (278,'[8.53,8.54,8.36]',8.54,'2020-12-27 20:32:31'),
 (279,'[8.65,8.57,8.37]',8.65,'2020-12-27 20:32:36'),
 (280,'[8.79,8.6,8.38]',8.79,'2020-12-27 20:32:46'),
 (281,'[8.89,8.62,8.39]',8.89,'2020-12-27 20:32:51'),
 (282,'[8.99,8.65,8.4]',8.99,'2020-12-27 20:33:16'),
 (283,'[8.56,7.68,7.76]',8.56,'2020-12-27 21:50:45'),
 (284,'[4.98,4.67,4.75]',4.98,'2020-12-28 16:56:20'),
 (285,'[5.19,4.74,4.77]',5.19,'2020-12-28 16:56:45'),
 (286,'[5.49,4.81,4.79]',5.49,'2020-12-28 16:56:55'),
 (287,'[5.4,5.33,5.04]',5.4,'2020-12-28 17:07:02'),
 (288,'[5.45,5.3,5.05]',5.45,'2020-12-28 17:08:10'),
 (289,'[5.97,5.41,5.08]',5.97,'2020-12-28 17:08:17'),
 (290,'[4.45,4.54,4.75]',4.75,'2020-12-29 06:50:40'),
 (291,'[4.9,4.63,4.78]',4.9,'2020-12-29 06:50:42'),
 (292,'[8.42,7.74,7.34]',8.42,'2021-01-03 23:26:29'),
 (293,'[8.55,7.77,7.35]',8.55,'2021-01-03 23:26:34'),
 (294,'[8.58,7.79,7.36]',8.58,'2021-01-03 23:26:38'),
 (295,'[4.06,4.98,5.39]',5.39,'2021-01-04 09:52:58'),
 (296,'[5.03,5.1,5.41]',5.41,'2021-01-04 09:53:26'),
 (297,'[5.77,5.32,5.22]',5.77,'2021-01-04 10:14:50'),
 (298,'[6.07,6.1,6.08]',6.1,'2021-01-04 12:36:07'),
 (299,'[6.23,6.13,6.09]',6.23,'2021-01-04 12:36:10'),
 (300,'[6.69,6.23,6.13]',6.69,'2021-01-04 12:36:15'),
 (301,'[5.65,5.87,5.97]',5.97,'2021-01-04 13:00:00'),
 (302,'[5.87,5.91,5.98]',5.98,'2021-01-04 13:00:12'),
 (303,'[5.99,5.93,5.99]',5.99,'2021-01-04 13:00:28'),
 (304,'[6.23,5.98,6]',6.23,'2021-01-04 13:00:32'),
 (305,'[6.46,6.04,6.02]',6.46,'2021-01-04 13:00:48'),
 (306,'[6.58,6.07,6.03]',6.58,'2021-01-04 13:00:52'),
 (307,'[5.45,5.89,6.22]',6.22,'2021-01-04 16:58:32'),
 (308,'[7.27,6.53,6.15]',7.27,'2021-01-04 17:40:48'),
 (309,'[7.57,6.6,6.18]',7.57,'2021-01-04 17:40:53'),
 (310,'[7.76,6.66,6.2]',7.76,'2021-01-04 17:40:59'),
 (311,'[8.26,6.78,6.24]',8.26,'2021-01-04 17:41:04'),
 (312,'[8.3,7.39,7.48]',8.3,'2021-01-04 21:31:31'),
 (313,'[8.8,7.66,7.55]',8.8,'2021-01-04 21:33:12'),
 (314,'[9.06,7.77,7.59]',9.06,'2021-01-04 21:33:28'),
 (315,'[7.82,6.95,6.27]',7.82,'2021-01-05 09:28:38'),
 (316,'[6.41,7.29,7.54]',7.54,'2021-01-05 17:09:16'),
 (317,'[7.58,7.35,7.53]',7.58,'2021-01-05 17:11:07'),
 (318,'[8.58,7.51,7.57]',8.58,'2021-01-05 17:12:03'),
 (319,'[6.49,6.4,6.34]',6.49,'2021-01-05 18:00:00'),
 (320,'[6.53,6.41,6.34]',6.53,'2021-01-05 18:00:07'),
 (321,'[6.57,6.42,6.35]',6.57,'2021-01-05 18:00:11'),
 (322,'[6.7,6.44,6.36]',6.7,'2021-01-05 18:00:31'),
 (323,'[6.97,6.09,6.19]',6.97,'2021-01-05 18:04:05'),
 (324,'[7.13,6.14,6.21]',7.13,'2021-01-05 18:04:10'),
 (325,'[8.14,8.44,8.34]',8.44,'2021-01-05 19:47:51'),
 (326,'[8.45,8.5,8.36]',8.5,'2021-01-05 19:47:53'),
 (327,'[8.72,8.55,8.37]',8.72,'2021-01-05 19:48:04'),
 (328,'[6.76,5.97,6.25]',6.76,'2021-01-06 00:25:03'),
 (329,'[10.4,10.92,10.23]',10.92,'2021-01-07 18:33:14'),
 (330,'[12.21,11.29,10.35]',12.21,'2021-01-07 18:33:22'),
 (331,'[10.52,10.72,10.8]',10.8,'2021-01-07 20:33:26'),
 (332,'[7.59,8.24,9.26]',9.26,'2021-01-07 21:00:01'),
 (333,'[7.78,8.27,9.27]',9.27,'2021-01-07 21:00:06'),
 (334,'[8.36,8.39,9.3]',9.3,'2021-01-07 21:00:11'),
 (335,'[8.73,8.46,9.32]',9.32,'2021-01-07 21:00:16'),
 (336,'[9,8.52,9.33]',9.33,'2021-01-07 21:00:23'),
 (337,'[9.86,8.74,9.37]',9.86,'2021-01-07 21:01:04'),
 (338,'[9.01,7.31,6.83]',9.01,'2021-01-09 13:55:00'),
 (339,'[7.32,7.45,7.05]',7.45,'2021-01-09 14:01:52'),
 (340,'[7.66,7.3,7.04]',7.66,'2021-01-09 14:04:08'),
 (341,'[7.12,7.25,7.23]',7.25,'2021-01-17 00:24:52'),
 (342,'[5.65,5.76,5.69]',5.76,'2021-01-17 07:07:34'),
 (343,'[5.84,5.8,5.7]',5.84,'2021-01-17 07:07:37'),
 (344,'[6.01,5.84,5.71]',6.01,'2021-01-17 07:07:42'),
 (345,'[6.27,5.89,5.73]',6.27,'2021-01-17 07:08:07'),
 (346,'[5.26,5.81,6]',6,'2021-01-17 10:02:12'),
 (347,'[7.17,6.11,6.08]',7.17,'2021-01-17 10:03:03'),
 (348,'[7.3,6.17,6.1]',7.3,'2021-01-17 10:03:13'),
 (349,'[7.36,6.2,6.11]',7.36,'2021-01-17 10:03:18'),
 (350,'[8.45,6.47,6.2]',8.45,'2021-01-17 10:03:33'),
 (351,'[7.16,7.24,7.12]',7.24,'2021-01-17 13:03:48'),
 (352,'[7.31,7.26,7.13]',7.31,'2021-01-17 13:03:56'),
 (353,'[7.36,7.27,7.14]',7.36,'2021-01-17 13:04:01'),
 (354,'[7.57,7.32,7.15]',7.57,'2021-01-17 13:04:06'),
 (355,'[8.59,8.57,8]',8.59,'2021-01-17 13:13:47'),
 (356,'[7.9,7.46,7.27]',7.9,'2021-01-17 14:38:30'),
 (357,'[9.45,8.91,8.85]',9.45,'2021-01-17 20:26:39'),
 (358,'[9.46,8.94,8.86]',9.46,'2021-01-17 20:27:04'),
 (359,'[9.7,8.74,8.74]',9.7,'2021-01-17 20:31:29'),
 (360,'[9.81,8.78,8.75]',9.81,'2021-01-17 20:31:34'),
 (361,'[9.98,8.83,8.77]',9.98,'2021-01-17 20:31:40'),
 (362,'[10.6,9.12,8.86]',10.6,'2021-01-17 20:33:03'),
 (363,'[11.2,8.91,8.77]',11.2,'2021-01-17 20:51:03'),
 (364,'[11.91,9.1,8.83]',11.91,'2021-01-17 20:51:08'),
 (365,'[9.38,9.07,8.9]',9.38,'2021-01-17 21:27:09'),
 (366,'[9.43,9.09,8.91]',9.43,'2021-01-17 21:27:13'),
 (367,'[9.56,9.12,8.92]',9.56,'2021-01-17 21:27:18'),
 (368,'[10,9.22,8.95]',10,'2021-01-17 21:27:23'),
 (369,'[10.29,9.34,9]',10.29,'2021-01-17 21:28:10'),
 (370,'[10.58,9.44,9.04]',10.58,'2021-01-17 21:28:26'),
 (371,'[10.66,9.53,9.08]',10.66,'2021-01-17 21:28:45'),
 (372,'[5.57,5.67,5.75]',5.75,'2021-01-18 09:00:42'),
 (373,'[5.64,5.68,5.76]',5.76,'2021-01-18 09:00:51'),
 (374,'[5.81,5.72,5.77]',5.81,'2021-01-18 09:01:07'),
 (375,'[5.91,5.74,5.77]',5.91,'2021-01-18 09:01:11'),
 (376,'[5.95,5.75,5.77]',5.95,'2021-01-18 09:01:39'),
 (377,'[6.27,5.82,5.8]',6.27,'2021-01-18 09:01:43'),
 (378,'[6.33,5.84,5.8]',6.33,'2021-01-18 09:01:47'),
 (379,'[6.76,5.94,5.84]',6.76,'2021-01-18 09:01:59'),
 (380,'[6.78,5.96,5.84]',6.78,'2021-01-18 09:02:03'),
 (381,'[6.94,6.03,5.87]',6.94,'2021-01-18 09:02:19'),
 (382,'[10.1,9.58,9.32]',10.1,'2021-01-18 17:43:26'),
 (383,'[10.13,9.6,9.33]',10.13,'2021-01-18 17:44:02'),
 (384,'[10.43,9.7,9.37]',10.43,'2021-01-18 17:44:29'),
 (385,'[11.91,10.06,9.5]',11.91,'2021-01-18 17:45:06'),
 (386,'[11.99,10.11,9.52]',11.99,'2021-01-18 17:45:10'),
 (387,'[12.41,10.49,9.73]',12.41,'2021-01-18 17:47:57'),
 (388,'[8.19,8.82,9.25]',9.25,'2021-01-18 18:04:56'),
 (389,'[6.39,6.66,6.26]',6.66,'2021-01-19 06:50:16'),
 (390,'[6.67,6.68,6.28]',6.68,'2021-01-19 06:50:59'),
 (391,'[6.7,6.69,6.29]',6.7,'2021-01-19 06:51:03'),
 (392,'[6.74,6.66,6.29]',6.74,'2021-01-19 06:51:43'),
 (393,'[6.8,6.66,6.3]',6.8,'2021-01-19 06:52:03'),
 (394,'[6.04,6.29,6.32]',6.32,'2021-01-19 07:17:38'),
 (395,'[6.28,6.33,6.33]',6.33,'2021-01-19 07:17:43'),
 (396,'[6.35,6.29,6.31]',6.35,'2021-01-19 07:19:02'),
 (397,'[6.36,6.29,6.31]',6.36,'2021-01-19 07:19:22'),
 (398,'[6.53,6.21,6.27]',6.53,'2021-01-19 07:20:49'),
 (399,'[6.64,6.24,6.28]',6.64,'2021-01-19 07:20:53'),
 (400,'[6.67,6.25,6.28]',6.67,'2021-01-19 07:21:01'),
 (401,'[7.1,6.35,6.31]',7.1,'2021-01-19 07:21:05'),
 (402,'[5.95,6.52,6.09]',6.52,'2021-01-19 09:04:09'),
 (403,'[6.6,6.19,6.03]',6.6,'2021-01-19 09:10:07'),
 (404,'[6.63,6.2,6.03]',6.63,'2021-01-19 09:10:11'),
 (405,'[6.66,6.22,6.04]',6.66,'2021-01-19 09:10:19'),
 (406,'[7.01,6.3,6.07]',7.01,'2021-01-19 09:10:23'),
 (407,'[7.08,6.32,6.11]',7.08,'2021-01-19 09:15:59'),
 (408,'[7.43,6.8,6.82]',7.43,'2021-01-19 14:17:57'),
 (409,'[7.6,6.86,6.84]',7.6,'2021-01-19 14:18:13'),
 (410,'[7.64,6.88,6.84]',7.64,'2021-01-19 14:18:17'),
 (411,'[7.77,8.07,8.01]',8.07,'2021-01-19 17:19:23'),
 (412,'[7.95,8.11,8.02]',8.11,'2021-01-19 17:19:26'),
 (413,'[8.28,8.17,8.04]',8.28,'2021-01-19 17:19:33'),
 (414,'[8.74,8.26,8.07]',8.74,'2021-01-19 17:20:14'),
 (415,'[8.76,8.27,8.08]',8.76,'2021-01-19 17:20:19'),
 (416,'[8.78,8.28,8.08]',8.78,'2021-01-19 17:20:23'),
 (417,'[8.8,8.08,8.02]',8.8,'2021-01-19 17:23:48'),
 (418,'[9.49,8.24,8.07]',9.49,'2021-01-19 17:24:00'),
 (419,'[10.25,8.42,8.13]',10.25,'2021-01-19 17:24:04'),
 (420,'[8.83,8.41,8.06]',8.83,'2021-01-19 20:00:45'),
 (421,'[9.19,8.5,8.09]',9.19,'2021-01-19 20:00:53'),
 (422,'[8.64,7.72,7.09]',8.64,'2021-01-20 08:55:14'),
 (423,'[8.75,7.81,7.13]',8.75,'2021-01-20 08:55:41'),
 (424,'[8.81,7.87,7.17]',8.81,'2021-01-20 08:55:59'),
 (425,'[9.55,8.04,7.23]',9.55,'2021-01-20 08:56:04'),
 (426,'[6.41,7.35,7.13]',7.35,'2021-01-20 09:00:00'),
 (427,'[7.18,7.49,7.18]',7.49,'2021-01-20 09:00:06'),
 (428,'[7.41,7.53,7.2]',7.53,'2021-01-20 09:00:11'),
 (429,'[8.1,7.67,7.24]',8.1,'2021-01-20 09:00:16'),
 (430,'[8.2,7.71,7.27]',8.2,'2021-01-20 09:01:08'),
 (431,'[8.33,7.75,7.29]',8.33,'2021-01-20 09:01:18'),
 (432,'[8.38,7.77,7.3]',8.38,'2021-01-20 09:01:23'),
 (433,'[8.51,7.81,7.32]',8.51,'2021-01-20 09:01:28'),
 (434,'[8.64,7.87,7.34]',8.64,'2021-01-20 09:01:42'),
 (435,'[8.82,7.94,7.38]',8.82,'2021-01-20 09:02:02'),
 (436,'[9.07,8.01,7.41]',9.07,'2021-01-20 09:02:09'),
 (437,'[9.24,8.11,7.45]',9.24,'2021-01-20 09:02:29'),
 (438,'[9.53,8.21,7.49]',9.53,'2021-01-20 09:02:39'),
 (439,'[9.65,8.25,7.51]',9.65,'2021-01-20 09:02:44'),
 (440,'[5.68,5.24,5.65]',5.68,'2021-01-20 10:17:06'),
 (441,'[5.71,5.25,5.66]',5.71,'2021-01-20 10:17:09'),
 (442,'[5.73,5.26,5.66]',5.73,'2021-01-20 10:17:13'),
 (443,'[5.75,5.3,5.66]',5.75,'2021-01-20 10:17:49'),
 (444,'[5.93,5.35,5.67]',5.93,'2021-01-20 10:17:57'),
 (445,'[6.02,5.37,5.68]',6.02,'2021-01-20 10:18:01'),
 (446,'[6.03,5.4,5.68]',6.03,'2021-01-20 10:18:17'),
 (447,'[6.05,5.46,5.69]',6.05,'2021-01-20 10:18:51'),
 (448,'[6.78,5.66,5.73]',6.78,'2021-01-20 10:19:59'),
 (449,'[8.08,5.94,5.82]',8.08,'2021-01-20 10:20:03'),
 (450,'[11.19,9.03,8.67]',11.19,'2021-01-20 17:30:52'),
 (451,'[11.39,9.26,8.75]',11.39,'2021-01-20 17:31:25'),
 (452,'[3.2,3.89,4.33]',4.33,'2021-01-21 09:10:45'),
 (453,'[3.42,3.92,4.34]',4.34,'2021-01-21 09:10:50'),
 (454,'[5.11,4.24,4.44]',5.11,'2021-01-21 09:11:02'),
 (455,'[5.26,4.29,4.45]',5.26,'2021-01-21 09:11:08'),
 (456,'[5.62,3.93,4.03]',5.62,'2021-01-21 09:24:21'),
 (457,'[7.16,4.38,4.17]',7.16,'2021-01-21 09:25:04'),
 (458,'[6.57,6.98,7.55]',7.55,'2021-01-21 17:26:01'),
 (459,'[4.41,4.56,4.53]',4.56,'2021-01-22 08:59:53'),
 (460,'[4.54,4.58,4.54]',4.58,'2021-01-22 08:59:56'),
 (461,'[5.7,4.82,4.62]',5.7,'2021-01-22 09:00:02'),
 (462,'[7.73,8.72,9.5]',9.5,'2021-03-09 11:59:47'),
 (463,'[9.71,9.08,9.6]',9.71,'2021-03-09 12:00:02'),
 (464,'[9.89,9.13,9.62]',9.89,'2021-03-09 12:00:06'),
 (465,'[12.56,12.5,12.16]',12.56,'2021-03-09 16:58:32'),
 (466,'[12.68,12.52,12.17]',12.68,'2021-03-09 16:58:37'),
 (467,'[12.86,12.57,12.19]',12.86,'2021-03-09 16:58:44'),
 (468,'[13.47,12.68,12.23]',13.47,'2021-03-09 16:59:04'),
 (469,'[13.81,12.8,12.28]',13.81,'2021-03-09 16:59:28'),
 (470,'[14.07,12.87,12.31]',14.07,'2021-03-09 16:59:33'),
 (471,'[14.78,13.87,12.82]',14.78,'2021-03-09 17:02:59'),
 (472,'[15.33,14.53,13.57]',15.33,'2021-03-09 17:42:43'),
 (473,'[9.83,9.75,9.86]',9.86,'2021-03-09 22:14:00'),
 (474,'[10,9.79,9.87]',10,'2021-03-09 22:14:06'),
 (475,'[7.64,7.7,7.61]',7.7,'2021-03-10 08:53:42'),
 (476,'[7.75,7.72,7.62]',7.75,'2021-03-10 08:53:44'),
 (477,'[7.77,7.72,7.62]',7.77,'2021-03-10 08:53:49'),
 (478,'[9.43,8.77,8.09]',9.43,'2021-03-10 09:17:56'),
 (479,'[9.46,8.8,8.1]',9.46,'2021-03-10 09:18:04'),
 (480,'[9.58,8.83,8.12]',9.58,'2021-03-10 09:18:08'),
 (481,'[7.65,7.89,8.49]',8.49,'2021-03-10 17:30:24'),
 (482,'[8.21,8,8.51]',8.51,'2021-03-10 17:30:41'),
 (483,'[8.78,8.12,8.52]',8.78,'2021-03-10 17:31:33'),
 (484,'[9.09,8.22,8.54]',9.09,'2021-03-10 17:31:54'),
 (485,'[6.28,6.14,6.53]',6.53,'2021-03-11 08:31:16'),
 (486,'[6.55,6.2,6.55]',6.55,'2021-03-11 08:31:34'),
 (487,'[6.68,6.25,6.55]',6.68,'2021-03-11 08:32:00'),
 (488,'[6.79,6.28,6.56]',6.79,'2021-03-11 08:32:05'),
 (489,'[8.87,8.93,9.35]',9.35,'2021-03-11 17:29:47'),
 (490,'[9.36,8.97,9.32]',9.36,'2021-03-11 17:31:16'),
 (491,'[6.54,7.46,7.43]',7.46,'2021-03-12 10:03:30'),
 (492,'[6.74,7.48,7.44]',7.48,'2021-03-12 10:03:33'),
 (493,'[7.03,7.52,7.45]',7.52,'2021-03-12 10:03:42'),
 (494,'[7.64,7.34,7.38]',7.64,'2021-03-12 10:05:50'),
 (495,'[1.16,-1,6.32]',6.32,'2021-03-19 21:13:09'),
 (496,'[13.69,13.4,13.05]',13.69,'2021-03-19 21:40:04'),
 (497,'[14.12,13.5,13.08]',14.12,'2021-03-19 21:40:09'),
 (498,'[11.38,14.85,13.42]',14.85,'2021-03-20 07:36:14'),
 (499,'[23.89,19.43,15.9]',23.89,'2021-03-20 09:05:38'),
 (500,'[23.9,19.75,16.12]',23.9,'2021-03-20 09:06:10'),
 (501,'[25.4,20.21,16.3]',25.4,'2021-03-20 09:06:18'),
 (502,'[26.92,20.8,16.56]',26.92,'2021-03-20 09:06:38'),
 (503,'[28.77,21.93,17.17]',28.77,'2021-03-20 09:07:31'),
 (504,'[29.11,22.11,17.25]',29.11,'2021-03-20 09:07:36'),
 (505,'[29.5,24.37,20.55]',29.5,'2021-03-20 09:19:27'),
 (506,'[10.76,10.26,11.34]',11.34,'2021-03-20 11:17:51'),
 (507,'[11.99,10.74,11.4]',11.99,'2021-03-20 11:19:28'),
 (508,'[12.03,10.89,11.38]',12.03,'2021-03-20 11:21:00'),
 (509,'[12.16,11.1,11.4]',12.16,'2021-03-20 11:22:35'),
 (510,'[12.4,11.09,11.19]',12.4,'2021-03-20 11:30:11'),
 (511,'[12.5,11.15,11.2]',12.5,'2021-03-20 11:30:21'),
 (512,'[13.18,11.36,11.27]',13.18,'2021-03-20 11:30:37'),
 (513,'[14.69,13.08,11.89]',14.69,'2021-03-20 12:32:20'),
 (514,'[14.71,13.12,11.91]',14.71,'2021-03-20 12:32:23'),
 (515,'[14.74,13.15,11.93]',14.74,'2021-03-20 12:32:28'),
 (516,'[13.45,11.97,12.33]',13.45,'2021-03-20 17:09:06'),
 (517,'[13.48,12.02,12.34]',13.48,'2021-03-20 17:09:14'),
 (518,'[13.52,12.05,12.35]',13.52,'2021-03-20 17:09:19'),
 (519,'[14.64,13.6,12.9]',14.64,'2021-03-20 17:12:31'),
 (520,'[14.79,13.67,12.93]',14.79,'2021-03-20 17:12:45'),
 (521,'[18.65,14.25,13.17]',18.65,'2021-03-20 17:15:16'),
 (522,'[14.48,15.08,14.83]',15.08,'2021-03-21 20:00:40'),
 (523,'[15.37,15.21,14.88]',15.37,'2021-03-21 20:00:59'),
 (524,'[15.38,15.14,14.87]',15.38,'2021-03-21 20:02:02'),
 (525,'[15.5,13.6,13.51]',15.5,'2021-03-21 20:24:59'),
 (526,'[16.02,13.74,13.56]',16.02,'2021-03-21 20:25:04'),
 (527,'[16.66,13.91,13.62]',16.66,'2021-03-21 20:25:10'),
 (528,'[11.47,12.83,14.22]',14.22,'2021-03-21 21:15:51'),
 (529,'[12.58,12.97,14.23]',14.23,'2021-03-21 21:16:16'),
 (530,'[3.67,-1,2.15]',3.67,'2021-03-30 17:18:43'),
 (531,'[5.45,-1,2.26]',5.45,'2021-03-30 17:18:45'),
 (532,'[2.72,-1,6.7]',6.7,'2021-03-30 17:19:05'),
 (533,'[6.75,-1,4.75]',6.75,'2021-03-30 17:19:57'),
 (534,'[1.86,-1,6.95]',6.95,'2021-03-30 17:20:20'),
 (535,'[6.61,-1,7]',7,'2021-03-30 17:24:57'),
 (536,'[2.71,-1,4.94]',4.94,'2021-04-05 18:14:22'),
 (537,'[2.22,-1,1.05]',2.22,'2021-04-12 16:04:50'),
 (538,'[2.92,-1,3.77]',3.77,'2021-04-12 16:04:52'),
 (539,'[3.26,-1,5.84]',5.84,'2021-04-12 16:04:58'),
 (540,'[5.3,-1,6.71]',6.71,'2021-04-12 16:05:03'),
 (541,'[6.38,-1,6.78]',6.78,'2021-04-12 16:06:06'),
 (542,'[3.39,-1,6.81]',6.81,'2021-04-12 16:06:21'),
 (543,'[2.63,-1,3.65]',3.65,'2021-04-13 11:41:21'),
 (544,'[3.73,-1,5.69]',5.69,'2021-04-13 11:41:23'),
 (545,'[1.03,-1,1.92]',1.92,'2021-04-16 17:27:43'),
 (546,'[2.37,-1,0.47]',2.37,'2021-04-16 17:27:45'),
 (547,'[3.42,-1,6.23]',6.23,'2021-04-16 17:27:47'),
 (548,'[6.36,-1,2.99]',6.36,'2021-04-16 17:28:18'),
 (549,'[6.1,-1,6.22]',6.22,'2021-04-20 17:47:31'),
 (550,'[5.02,-1,6.9]',6.9,'2021-04-20 17:47:47'),
 (551,'[2.42,-1,4.95]',4.95,'2021-04-21 08:08:56'),
 (552,'[1.96,-1,6.64]',6.64,'2021-04-21 08:09:02'),
 (553,'[6.9,-1,4.72]',6.9,'2021-04-21 08:09:05'),
 (554,'[3.84,-1,0.47]',3.84,'2021-04-21 18:49:10'),
 (555,'[1.29,-1,3.94]',3.94,'2021-04-21 18:49:17'),
 (556,'[5.91,-1,5.06]',5.91,'2021-04-21 18:49:20'),
 (557,'[1.27,-1,6.09]',6.09,'2021-04-21 18:49:30'),
 (558,'[5.6,-1,6.12]',6.12,'2021-04-21 18:49:55'),
 (559,'[6.67,-1,1.97]',6.67,'2021-04-21 18:50:07'),
 (560,'[5.14,-1,6.99]',6.99,'2021-04-21 18:50:15'),
 (561,'[2.03,-1,1.28]',2.03,'2021-04-22 17:33:26'),
 (562,'[5.4,-1,3.83]',5.4,'2021-04-22 17:33:28'),
 (563,'[2.94,-1,6.88]',6.88,'2021-04-28 15:13:46'),
 (564,'[5.31,-1,0.33]',5.31,'2021-04-29 15:34:07'),
 (565,'[6.74,-1,4.9]',6.74,'2021-04-29 15:34:09'),
 (566,'[3.77,-1,2.38]',3.77,'2021-05-06 18:03:21'),
 (567,'[6.68,-1,1.94]',6.68,'2021-05-06 18:03:25'),
 (568,'[6.61,-1,5.03]',6.61,'2021-05-11 17:31:42'),
 (569,'[12.66,11.67,10.96]',12.66,'2021-05-17 16:42:11'),
 (570,'[13.09,11.77,11]',13.09,'2021-05-17 16:42:14'),
 (571,'[12.08,11.81,11.95]',12.08,'2021-05-17 19:13:19'),
 (572,'[12.13,11.82,11.95]',12.13,'2021-05-17 19:13:32'),
 (573,'[12.43,11.88,11.96]',12.43,'2021-05-17 19:14:03'),
 (574,'[11.89,11.72,12.32]',12.32,'2021-05-17 20:19:48'),
 (575,'[11.84,11.7,11.64]',11.84,'2021-05-17 22:51:17'),
 (576,'[11.85,11.71,11.64]',11.85,'2021-05-17 22:51:19'),
 (577,'[11.87,11.71,11.64]',11.87,'2021-05-17 22:51:24'),
 (578,'[12.36,11.82,11.68]',12.36,'2021-05-17 22:51:29'),
 (579,'[12.41,11.84,11.69]',12.41,'2021-05-17 22:51:34'),
 (580,'[12.47,12.35,11.94]',12.47,'2021-05-17 23:10:37'),
 (581,'[12.76,12.41,11.96]',12.76,'2021-05-17 23:10:39'),
 (582,'[12.89,12.45,11.98]',12.89,'2021-05-17 23:10:50'),
 (583,'[10.91,10.93,10.87]',10.93,'2021-05-18 03:13:03'),
 (584,'[11.08,10.97,10.88]',11.08,'2021-05-18 03:13:06'),
 (585,'[11.15,10.98,10.89]',11.15,'2021-05-18 03:13:10'),
 (586,'[11.37,11.04,10.9]',11.37,'2021-05-18 03:13:23'),
 (587,'[11.5,11.07,10.92]',11.5,'2021-05-18 03:13:27'),
 (588,'[11.71,11.13,10.94]',11.71,'2021-05-18 03:13:46'),
 (589,'[11.73,11.16,10.95]',11.73,'2021-05-18 03:14:02'),
 (590,'[11.9,11.26,11]',11.9,'2021-05-18 03:15:06'),
 (591,'[11.92,11.29,11.01]',11.92,'2021-05-18 03:15:14'),
 (592,'[12.17,11.35,11.03]',12.17,'2021-05-18 03:15:18'),
 (593,'[12.47,11.43,11.06]',12.47,'2021-05-18 03:15:26'),
 (594,'[8.56,8.35,8.44]',8.56,'2021-05-18 07:37:59'),
 (595,'[12.55,11.9,11.61]',12.55,'2021-05-18 15:57:03'),
 (596,'[13.06,12.02,11.65]',13.06,'2021-05-18 15:57:05'),
 (597,'[13.94,12.22,11.71]',13.94,'2021-05-18 15:57:12'),
 (598,'[10.35,11.02,11.44]',11.44,'2021-05-18 16:47:25'),
 (599,'[10.57,11.06,11.45]',11.45,'2021-05-18 16:47:27'),
 (600,'[15.22,14.89,14.7]',15.22,'2021-05-18 18:50:55'),
 (601,'[15.95,15.04,14.75]',15.95,'2021-05-18 18:51:05'),
 (602,'[12.74,12.8,13.32]',13.32,'2021-05-18 23:29:55'),
 (603,'[14.79,13.23,13.45]',14.79,'2021-05-18 23:30:02'),
 (604,'[15.45,13.39,13.51]',15.45,'2021-05-18 23:30:10'),
 (605,'[15.81,13.5,13.54]',15.81,'2021-05-18 23:30:14'),
 (606,'[10.94,11.54,11.35]',11.54,'2021-05-19 15:56:53'),
 (607,'[11.26,11.6,11.37]',11.6,'2021-05-19 15:56:57'),
 (608,'[11.69,11.6,11.38]',11.69,'2021-05-19 15:57:55'),
 (609,'[12.47,11.77,11.43]',12.47,'2021-05-19 15:58:03'),
 (610,'[12.57,11.82,11.47]',12.57,'2021-05-19 15:59:04'),
 (611,'[12.69,11.93,11.52]',12.69,'2021-05-19 16:00:00'),
 (612,'[12.96,12,11.55]',12.96,'2021-05-19 16:00:08'),
 (613,'[13.12,12.05,11.56]',13.12,'2021-05-19 16:00:12'),
 (614,'[15.97,15.14,14.12]',15.97,'2021-05-19 18:18:52'),
 (615,'[9.9,10.5,10.45]',10.5,'2021-05-20 00:03:17'),
 (616,'[10.19,10.3,10.18]',10.3,'2021-05-20 10:03:12'),
 (617,'[11.06,10.87,10.81]',11.06,'2021-05-20 13:07:00'),
 (618,'[11.78,11.08,10.74]',11.78,'2021-05-20 15:58:33'),
 (619,'[11.8,11.14,10.78]',11.8,'2021-05-20 15:59:16'),
 (620,'[13.62,11.55,10.91]',13.62,'2021-05-20 15:59:40'),
 (621,'[13.01,11.56,10.93]',13.01,'2021-05-20 16:00:05'),
 (622,'[11.55,11.05,11.2]',11.55,'2021-05-20 18:05:30'),
 (623,'[11.64,11.08,11.21]',11.64,'2021-05-20 18:05:38'),
 (624,'[12.17,11.13,10.72]',12.17,'2021-05-20 19:46:37'),
 (625,'[12.22,11.3,10.81]',12.22,'2021-05-20 19:48:07'),
 (626,'[12.29,11.32,10.83]',12.29,'2021-05-20 19:48:13'),
 (627,'[10.55,10.77,10.96]',10.96,'2021-05-20 20:28:18'),
 (628,'[11.12,10.85,10.97]',11.12,'2021-05-20 20:29:00'),
 (629,'[11.19,10.87,10.98]',11.19,'2021-05-20 20:29:05'),
 (630,'[11.38,10.74,10.88]',11.38,'2021-05-20 20:32:15'),
 (631,'[11.96,10.89,10.93]',11.96,'2021-05-20 20:32:25'),
 (632,'[12.04,10.92,10.94]',12.04,'2021-05-20 20:32:30'),
 (633,'[10.08,9.87,9.9]',10.08,'2021-05-21 14:27:23'),
 (634,'[10.31,9.92,9.92]',10.31,'2021-05-21 14:28:01'),
 (635,'[10.37,9.94,9.92]',10.37,'2021-05-21 14:28:06'),
 (636,'[8.32,9.59,9.4]',9.59,'2021-05-21 15:07:23'),
 (637,'[8.53,9.61,9.41]',9.61,'2021-05-21 15:07:25'),
 (638,'[10.92,9.79,9.31]',10.92,'2021-05-21 15:41:51'),
 (639,'[11.61,9.99,9.38]',11.61,'2021-05-21 15:42:05'),
 (640,'[10.59,10.94,11.1]',11.1,'2021-05-21 18:57:43'),
 (641,'[10.78,10.98,11.11]',11.11,'2021-05-21 18:57:50'),
 (642,'[10.88,10.99,11.12]',11.12,'2021-05-21 18:57:55'),
 (643,'[10.38,10.58,10.74]',10.74,'2021-05-21 19:50:25'),
 (644,'[10.51,10.61,10.75]',10.75,'2021-05-21 19:50:28'),
 (645,'[10.95,10.7,10.77]',10.95,'2021-05-21 19:50:33'),
 (646,'[11.19,10.75,10.79]',11.19,'2021-05-21 19:50:39'),
 (647,'[11.26,10.77,10.8]',11.26,'2021-05-21 19:50:44'),
 (648,'[11.56,10.84,10.82]',11.56,'2021-05-21 19:50:47'),
 (649,'[11.82,10.94,10.85]',11.82,'2021-05-21 19:51:11'),
 (650,'[11.92,10.97,10.86]',11.92,'2021-05-21 19:51:14'),
 (651,'[12.1,11.05,10.89]',12.1,'2021-05-21 19:55:14'),
 (652,'[12.17,11.1,10.91]',12.17,'2021-05-21 19:55:26'),
 (653,'[12.48,11.18,10.93]',12.48,'2021-05-21 19:55:31'),
 (654,'[12.64,11.27,10.97]',12.64,'2021-05-21 19:55:46'),
 (655,'[12.21,11.26,11]',12.21,'2021-05-21 20:00:03'),
 (656,'[12.25,11.31,11.02]',12.25,'2021-05-21 20:00:18'),
 (657,'[12.59,11.31,11.06]',12.59,'2021-05-21 20:05:04'),
 (658,'[12.75,11.38,11.08]',12.75,'2021-05-21 20:05:15'),
 (659,'[12.87,11.15,10.93]',12.87,'2021-05-21 20:19:03'),
 (660,'[10.53,10.27,10.32]',10.53,'2021-05-21 23:55:01'),
 (661,'[10.56,10.29,10.33]',10.56,'2021-05-21 23:55:07'),
 (662,'[10.68,10.32,10.34]',10.68,'2021-05-21 23:55:12'),
 (663,'[10.76,10.34,10.34]',10.76,'2021-05-21 23:56:05'),
 (664,'[12.11,11.14,10.65]',12.11,'2021-05-22 00:02:16'),
 (665,'[12.22,10.84,10.6]',12.22,'2021-05-22 00:06:04'),
 (666,'[12.53,10.93,10.63]',12.53,'2021-05-22 00:06:08'),
 (667,'[12.57,10.97,10.64]',12.57,'2021-05-22 00:06:12'),
 (668,'[12.6,11,10.65]',12.6,'2021-05-22 00:06:20'),
 (669,'[10.57,10.49,10.8]',10.8,'2021-05-22 16:14:51'),
 (670,'[10.84,10.55,10.81]',10.84,'2021-05-22 16:14:54'),
 (671,'[12.11,11.63,11.27]',12.11,'2021-05-22 16:28:54'),
 (672,'[12.25,11.68,11.29]',12.25,'2021-05-22 16:29:04'),
 (673,'[13.05,12.34,11.79]',13.05,'2021-05-22 16:37:44'),
 (674,'[13.2,12.39,11.8]',13.2,'2021-05-22 16:37:47'),
 (675,'[9.47,10.54,11.01]',11.01,'2021-05-22 19:04:23'),
 (676,'[10.84,10.08,9.76]',10.84,'2021-05-23 01:33:20'),
 (677,'[10.89,11.76,11.8]',11.8,'2021-05-23 16:02:34'),
 (678,'[11.14,11.8,11.81]',11.81,'2021-05-23 16:02:37'),
 (679,'[10.53,10.37,10.23]',10.53,'2021-05-24 00:01:34'),
 (680,'[10.56,10.38,10.24]',10.56,'2021-05-24 00:01:36'),
 (681,'[10.76,10.42,10.25]',10.76,'2021-05-24 00:01:42'),
 (682,'[10.86,10.45,10.26]',10.86,'2021-05-24 00:01:46'),
 (683,'[11.15,10.5,10.29]',11.15,'2021-05-24 00:03:03'),
 (684,'[11.22,10.52,10.29]',11.22,'2021-05-24 00:03:08'),
 (685,'[11.28,10.56,10.31]',11.28,'2021-05-24 00:03:18'),
 (686,'[11.98,10.71,10.36]',11.98,'2021-05-24 00:03:23'),
 (687,'[12.14,10.77,10.38]',12.14,'2021-05-24 00:03:28'),
 (688,'[13.13,13.82,13.81]',13.82,'2021-05-26 17:00:41'),
 (689,'[10.77,11.77,12.09]',12.09,'2021-05-27 01:10:27'),
 (690,'[12.39,11.83,12.07]',12.39,'2021-05-27 01:12:10'),
 (691,'[12.58,11.89,12.08]',12.58,'2021-05-27 01:12:20'),
 (692,'[11.76,11.57,11]',11.76,'2021-05-27 18:08:26'),
 (693,'[12.04,11.3,10.81]',12.04,'2021-05-29 16:53:59'),
 (694,'[10.65,10.51,10.66]',10.66,'2021-05-29 17:36:49'),
 (695,'[10.59,11.19,11.16]',11.19,'2021-05-30 00:13:52'),
 (696,'[11.22,11.3,11.2]',11.3,'2021-05-30 00:14:03'),
 (697,'[11.52,11.36,11.22]',11.52,'2021-05-30 00:14:08'),
 (698,'[11.78,11.37,11.23]',11.78,'2021-05-30 00:15:34'),
 (699,'[14.03,13.31,12.73]',14.03,'2021-05-31 11:25:07'),
 (700,'[14.13,13.35,12.75]',14.13,'2021-05-31 11:25:14'),
 (701,'[14.36,13.41,12.77]',14.36,'2021-05-31 11:25:19'),
 (702,'[14.86,13.54,12.82]',14.86,'2021-05-31 11:25:28'),
 (703,'[11.41,12,12.34]',12.34,'2021-05-31 12:49:31'),
 (704,'[13.04,11.94,11.72]',13.04,'2021-06-03 16:24:13'),
 (705,'[13.11,11.98,11.73]',13.11,'2021-06-03 16:24:17'),
 (706,'[14.08,14.98,14.55]',14.98,'2021-06-03 21:36:01'),
 (707,'[14.56,15.07,14.58]',15.07,'2021-06-03 21:36:03'),
 (708,'[15.09,15.15,14.62]',15.15,'2021-06-03 21:36:18'),
 (709,'[13.18,13.18,13.19]',13.19,'2021-06-03 22:41:36'),
 (710,'[13.52,13.22,13.2]',13.52,'2021-06-03 22:42:07'),
 (711,'[14.23,13.39,13.25]',14.23,'2021-06-03 22:42:31'),
 (712,'[15.01,13.57,13.31]',15.01,'2021-06-03 22:42:36'),
 (713,'[15.17,13.62,13.33]',15.17,'2021-06-03 22:42:41'),
 (714,'[15.24,13.7,13.36]',15.24,'2021-06-03 22:43:01'),
 (715,'[12.47,12.51,12.74]',12.74,'2021-06-03 23:19:24'),
 (716,'[12.68,12.55,12.75]',12.75,'2021-06-03 23:19:29'),
 (717,'[13.5,12.73,12.81]',13.5,'2021-06-03 23:19:34'),
 (718,'[9.63,9.93,9.31]',9.93,'2021-06-04 05:24:04'),
 (719,'[9.79,9.94,9.33]',9.94,'2021-06-04 05:24:26'),
 (720,'[9.89,9.96,9.34]',9.96,'2021-06-04 05:24:34'),
 (721,'[10.34,10.03,9.38]',10.34,'2021-06-04 05:25:01'),
 (722,'[10.63,10.1,9.41]',10.63,'2021-06-04 05:25:08'),
 (723,'[11.06,10.19,9.44]',11.06,'2021-06-04 05:25:14'),
 (724,'[11.54,10.31,9.48]',11.54,'2021-06-04 05:25:19'),
 (725,'[12.01,10.98,10.84]',12.01,'2021-06-04 09:27:12'),
 (726,'[12.33,10.56,10.65]',12.33,'2021-06-04 09:30:02'),
 (727,'[13.07,10.73,10.41]',13.07,'2021-06-04 09:59:04'),
 (728,'[13.14,10.79,10.43]',13.14,'2021-06-04 09:59:08'),
 (729,'[13.29,10.86,10.45]',13.29,'2021-06-04 09:59:12'),
 (730,'[11.42,10.7,10.42]',11.42,'2021-06-04 10:00:00'),
 (731,'[11.71,10.77,10.45]',11.71,'2021-06-04 10:00:04'),
 (732,'[11.81,10.81,10.46]',11.81,'2021-06-04 10:00:08'),
 (733,'[12.07,10.88,10.49]',12.07,'2021-06-04 10:00:16'),
 (734,'[12.13,10.93,10.55]',12.13,'2021-06-04 10:04:53'),
 (735,'[12.2,10.96,10.56]',12.2,'2021-06-04 10:04:56'),
 (736,'[12.65,11.16,10.64]',12.65,'2021-06-04 10:05:28'),
 (737,'[12.76,11.37,10.96]',12.76,'2021-06-04 10:35:57'),
 (738,'[13.21,11.89,11.3]',13.21,'2021-06-04 10:43:07'),
 (739,'[13.27,11.87,11.49]',13.27,'2021-06-04 10:53:15'),
 (740,'[13.85,13.08,12.68]',13.85,'2021-06-04 17:00:18'),
 (741,'[14.02,13.13,12.7]',14.02,'2021-06-04 17:00:27'),
 (742,'[14.26,13.2,12.72]',14.26,'2021-06-04 17:00:31'),
 (743,'[12.88,13.69,13.44]',13.69,'2021-06-04 18:09:22'),
 (744,'[12.54,11.68,11.2]',12.54,'2021-06-06 08:50:03'),
 (745,'[12.73,11.73,11.22]',12.73,'2021-06-06 08:50:06'),
 (746,'[12.84,11.77,11.24]',12.84,'2021-06-06 08:50:11'),
 (747,'[12.85,11.79,11.25]',12.85,'2021-06-06 08:50:15'),
 (748,'[13.1,11.86,11.27]',13.1,'2021-06-06 08:50:23'),
 (749,'[13.17,11.9,11.29]',13.17,'2021-06-06 08:50:27'),
 (750,'[9.48,9.18,9.34]',9.48,'2021-06-06 12:43:31'),
 (751,'[10.08,9.31,9.39]',10.08,'2021-06-06 12:43:33'),
 (752,'[11.56,11.22,11.03]',11.56,'2021-06-06 16:36:28'),
 (753,'[12.08,11.32,11.08]',12.08,'2021-06-06 16:38:07'),
 (754,'[12.15,11.22,11.05]',12.15,'2021-06-06 16:41:48'),
 (755,'[13.49,11.54,11.16]',13.49,'2021-06-06 16:42:04'),
 (756,'[10.24,10.43,10.76]',10.76,'2021-06-06 19:46:16'),
 (757,'[11.1,10.6,10.82]',11.1,'2021-06-06 19:46:18'),
 (758,'[11.25,10.64,10.83]',11.25,'2021-06-06 19:46:21'),
 (759,'[11.3,10.69,10.84]',11.3,'2021-06-06 19:46:57'),
 (760,'[11.75,10.8,10.87]',11.75,'2021-06-06 19:47:05'),
 (761,'[11.77,10.84,10.89]',11.77,'2021-06-06 19:47:17'),
 (762,'[11.98,10.91,10.91]',11.98,'2021-06-06 19:47:29'),
 (763,'[12.29,11.04,10.95]',12.29,'2021-06-06 19:47:49'),
 (764,'[12.42,11.08,10.96]',12.42,'2021-06-06 19:47:53'),
 (765,'[12.85,11.21,11.01]',12.85,'2021-06-06 19:48:05'),
 (766,'[13.35,12.25,11.73]',13.35,'2021-06-06 20:26:39'),
 (767,'[13.63,12.38,11.78]',13.63,'2021-06-06 20:27:05'),
 (768,'[13.98,12.47,11.82]',13.98,'2021-06-06 20:27:09'),
 (769,'[14.22,12.55,11.85]',14.22,'2021-06-06 20:27:17'),
 (770,'[14.35,12.63,11.88]',14.35,'2021-06-06 20:27:26'),
 (771,'[14.39,13.11,12.18]',14.39,'2021-06-06 20:30:18'),
 (772,'[14.52,13.16,12.2]',14.52,'2021-06-06 20:30:25'),
 (773,'[14.72,13.23,12.22]',14.72,'2021-06-06 20:30:29'),
 (774,'[14.74,13.38,12.31]',14.74,'2021-06-06 20:31:05'),
 (775,'[14.82,13.47,12.36]',14.82,'2021-06-06 20:31:25'),
 (776,'[14.91,13.52,12.38]',14.91,'2021-06-06 20:31:33'),
 (777,'[14.95,13.64,12.46]',14.95,'2021-06-06 20:32:01'),
 (778,'[15.04,13.68,12.48]',15.04,'2021-06-06 20:32:09'),
 (779,'[15.2,13.74,12.51]',15.2,'2021-06-06 20:32:13'),
 (780,'[15.26,13.78,12.53]',15.26,'2021-06-06 20:32:17'),
 (781,'[10.97,11.33,11.5]',11.5,'2021-06-06 23:54:21'),
 (782,'[11.14,11.35,11.51]',11.51,'2021-06-06 23:54:36'),
 (783,'[11.6,11.43,11.53]',11.6,'2021-06-06 23:54:46'),
 (784,'[12.07,11.54,11.57]',12.07,'2021-06-06 23:54:57'),
 (785,'[12.22,11.58,11.58]',12.22,'2021-06-06 23:55:01'),
 (786,'[12.8,11.75,11.63]',12.8,'2021-06-06 23:55:27'),
 (787,'[12.9,11.78,11.65]',12.9,'2021-06-06 23:55:33'),
 (788,'[13.15,11.85,11.67]',13.15,'2021-06-06 23:55:39'),
 (789,'[13.3,12,11.72]',13.3,'2021-06-06 23:56:09'),
 (790,'[13.38,11.84,11.65]',13.38,'2021-06-06 23:59:08'),
 (791,'[13.51,11.89,11.67]',13.51,'2021-06-06 23:59:12'),
 (792,'[12.33,11.8,11.65]',12.33,'2021-06-07 00:00:00'),
 (793,'[13.27,12,11.72]',13.27,'2021-06-07 00:00:05'),
 (794,'[13.47,13.2,13.02]',13.47,'2021-06-10 17:33:07'),
 (795,'[12.46,12.26,12.36]',12.46,'2021-06-11 07:17:11'),
 (796,'[10.67,10.89,11.59]',11.59,'2021-06-18 05:17:10'),
 (797,'[11.9,11.4,11.53]',11.9,'2021-06-20 17:45:29'),
 (798,'[12.07,11.44,11.54]',12.07,'2021-06-20 17:45:33'),
 (799,'[12.18,11.67,11.67]',12.18,'2021-06-27 17:09:26'),
 (800,'[9.98,9.98,9.87]',9.98,'2021-07-07 17:25:08'),
 (801,'[10.38,10.07,9.9]',10.38,'2021-07-07 17:25:11'),
 (802,'[10.51,10.1,9.91]',10.51,'2021-07-07 17:25:13'),
 (803,'[11.81,11.11,10.64]',11.81,'2021-07-07 17:41:35'),
 (804,'[11.97,11.17,10.67]',11.97,'2021-07-07 17:41:47'),
 (805,'[12.63,11.33,10.73]',12.63,'2021-07-07 17:42:02'),
 (806,'[9.38,10.28,10.35]',10.35,'2021-07-08 09:38:23'),
 (807,'[14.21,13.45,12.5]',14.21,'2021-07-08 14:04:20'),
 (808,'[12.45,12.57,12.49]',12.57,'2021-07-22 19:31:08'),
 (809,'[12.5,12.58,12.49]',12.58,'2021-07-22 19:31:11'),
 (810,'[12.78,12.63,12.51]',12.78,'2021-07-22 19:31:16'),
 (811,'[12.96,12.67,12.52]',12.96,'2021-07-22 19:31:24'),
 (812,'[13.36,12.76,12.55]',13.36,'2021-07-22 19:31:27'),
 (813,'[14.06,15.55,15.68]',15.68,'2021-07-22 20:47:55'),
 (814,'[14.7,15.66,15.71]',15.71,'2021-07-22 20:48:00'),
 (815,'[14.88,15.68,15.72]',15.72,'2021-07-22 20:48:05'),
 (816,'[13.85,13.41,13.72]',13.85,'2021-07-23 17:03:24');
/*!40000 ALTER TABLE `maxedu_cp_loadmax` ENABLE KEYS */;


--
-- Definition of table `modules`
--

DROP TABLE IF EXISTS `modules`;
CREATE TABLE `modules` (
  `id` int(11) NOT NULL AUTO_INCREMENT,
  `module_name` varchar(255) DEFAULT NULL,
  `file_name` varchar(255) DEFAULT NULL,
  `parent_id` int(11) DEFAULT '0',
  `priority` varchar(255) DEFAULT '0',
  PRIMARY KEY (`id`)
) ENGINE=InnoDB AUTO_INCREMENT=13 DEFAULT CHARSET=latin1;

--
-- Dumping data for table `modules`
--

/*!40000 ALTER TABLE `modules` DISABLE KEYS */;
INSERT INTO `modules` (`id`,`module_name`,`file_name`,`parent_id`,`priority`) VALUES 
 (1,'Test Managment',NULL,0,'1'),
 (2,'Categories','cats',1,'1'),
 (3,'Quizzes','quizzes',1,'2'),
 (4,'Local users','local_users',1,'4'),
 (5,'Test Assignments',NULL,0,'2'),
 (6,'Assignments','assignments',5,'6'),
 (7,'New Assignment','add_assignment',5,'7'),
 (8,'Assignments',NULL,0,'3'),
 (9,'Active Assignments','active_assignments',8,'2'),
 (11,'New user','add_edit_user',1,'5'),
 (12,'New Quiz','add_edit_quiz',1,'3');
/*!40000 ALTER TABLE `modules` ENABLE KEYS */;


--
-- Definition of table `question_groups`
--

DROP TABLE IF EXISTS `question_groups`;
CREATE TABLE `question_groups` (
  `id` int(11) NOT NULL AUTO_INCREMENT,
  `group_name` varchar(450) NOT NULL,
  `show_header` int(11) NOT NULL,
  `group_total` decimal(18,0) NOT NULL DEFAULT '0',
  `show_footer` int(11) DEFAULT NULL,
  `check_total` decimal(18,0) DEFAULT NULL,
  `question_id` int(11) DEFAULT NULL,
  `parent_id` int(11) NOT NULL,
  `group_name_eng` varchar(450) DEFAULT NULL,
  `added_date` timestamp NOT NULL DEFAULT CURRENT_TIMESTAMP,
  PRIMARY KEY (`id`),
  KEY `question_id` (`question_id`)
) ENGINE=InnoDB AUTO_INCREMENT=31 DEFAULT CHARSET=latin1;

--
-- Dumping data for table `question_groups`
--

/*!40000 ALTER TABLE `question_groups` DISABLE KEYS */;
INSERT INTO `question_groups` (`id`,`group_name`,`show_header`,`group_total`,`show_footer`,`check_total`,`question_id`,`parent_id`,`group_name_eng`,`added_date`) VALUES 
 (1,'',0,'0',NULL,NULL,1,0,NULL,'2024-01-27 10:40:34'),
 (2,'',0,'0',NULL,NULL,2,0,NULL,'2024-01-27 10:40:34'),
 (3,'',0,'0',NULL,NULL,3,0,NULL,'2024-01-27 10:40:34'),
 (4,'',0,'0',NULL,NULL,4,0,NULL,'2024-01-27 10:40:34'),
 (5,'',0,'0',NULL,NULL,5,0,NULL,'2024-01-27 10:40:34'),
 (6,'',0,'0',NULL,NULL,6,0,NULL,'2024-01-27 10:40:34'),
 (7,'',0,'0',NULL,NULL,7,0,NULL,'2024-01-27 10:40:34'),
 (8,'',0,'0',NULL,NULL,8,0,NULL,'2024-01-27 10:40:34'),
 (9,'',0,'0',NULL,NULL,9,0,NULL,'2024-01-27 10:40:34'),
 (10,'',0,'0',NULL,NULL,10,0,NULL,'2024-01-27 10:40:34'),
 (11,'',0,'0',NULL,NULL,11,0,NULL,'2024-01-27 10:40:34'),
 (12,'',0,'0',NULL,NULL,12,0,NULL,'2024-01-27 10:40:34'),
 (13,'',0,'0',NULL,NULL,13,0,NULL,'2024-01-27 10:40:34'),
 (14,'',0,'0',NULL,NULL,14,0,NULL,'2024-01-27 10:40:34'),
 (15,'',0,'0',NULL,NULL,15,0,NULL,'2024-01-27 10:40:34'),
 (16,'',0,'0',NULL,NULL,16,0,NULL,'2024-01-27 10:40:34'),
 (17,'',0,'0',NULL,NULL,17,0,NULL,'2024-01-27 10:40:34'),
 (18,'',0,'0',NULL,NULL,18,0,NULL,'2024-01-27 10:40:34'),
 (19,'',0,'0',NULL,NULL,19,0,NULL,'2024-01-27 10:40:34'),
 (20,'',0,'0',NULL,NULL,20,0,NULL,'2024-01-27 10:40:34'),
 (21,'',0,'0',NULL,NULL,21,0,NULL,'2024-01-27 10:40:34'),
 (22,'',0,'0',NULL,NULL,22,0,NULL,'2024-01-27 10:40:34'),
 (23,'',0,'0',NULL,NULL,23,0,NULL,'2024-01-27 10:40:34'),
 (24,'',0,'0',NULL,NULL,24,0,NULL,'2024-01-27 10:40:34'),
 (25,'',0,'0',NULL,NULL,25,0,NULL,'2024-01-27 10:40:34'),
 (26,'',0,'0',NULL,NULL,26,0,NULL,'2024-01-27 10:40:34'),
 (27,'',0,'0',NULL,NULL,27,0,NULL,'2024-01-27 10:40:34'),
 (28,'',0,'0',NULL,NULL,28,0,NULL,'2024-01-27 10:40:34'),
 (29,'',0,'0',NULL,NULL,29,0,NULL,'2024-01-27 10:40:34'),
 (30,'',0,'0',NULL,NULL,30,0,NULL,'2024-01-27 10:40:34');
/*!40000 ALTER TABLE `question_groups` ENABLE KEYS */;


--
-- Definition of table `question_types`
--

DROP TABLE IF EXISTS `question_types`;
CREATE TABLE `question_types` (
  `id` int(11) NOT NULL,
  `question_type` varchar(150) NOT NULL,
  PRIMARY KEY (`id`)
) ENGINE=MyISAM DEFAULT CHARSET=latin1;

--
-- Dumping data for table `question_types`
--

/*!40000 ALTER TABLE `question_types` DISABLE KEYS */;
INSERT INTO `question_types` (`id`,`question_type`) VALUES 
 (0,'Multi answer (checkbox)'),
 (3,'Free text (textarea)'),
 (4,'Multi text (numbers only)'),
 (1,'One answer (radio button)');
/*!40000 ALTER TABLE `question_types` ENABLE KEYS */;


--
-- Definition of table `questions`
--

DROP TABLE IF EXISTS `questions`;
CREATE TABLE `questions` (
  `id` int(11) NOT NULL AUTO_INCREMENT,
  `question_text` varchar(8000) DEFAULT NULL,
  `question_type_id` int(11) NOT NULL,
  `priority` int(11) NOT NULL,
  `quiz_id` int(11) NOT NULL,
  `point` decimal(18,0) NOT NULL,
  `added_date` timestamp NOT NULL DEFAULT CURRENT_TIMESTAMP,
  `parent_id` int(11) NOT NULL,
  `question_total` decimal(18,0) DEFAULT NULL,
  `check_total` int(11) DEFAULT NULL,
  `header_text` varchar(1500) CHARACTER SET utf8 DEFAULT NULL,
  `footer_text` varchar(1500) CHARACTER SET utf8 DEFAULT NULL,
  `question_text_eng` varchar(1800) CHARACTER SET utf8 DEFAULT NULL,
  `help_image` varchar(550) CHARACTER SET utf8 DEFAULT NULL,
  PRIMARY KEY (`id`),
  KEY `quiz_id` (`quiz_id`)
) ENGINE=InnoDB AUTO_INCREMENT=31 DEFAULT CHARSET=latin1;

--
-- Dumping data for table `questions`
--

/*!40000 ALTER TABLE `questions` DISABLE KEYS */;
INSERT INTO `questions` (`id`,`question_text`,`question_type_id`,`priority`,`quiz_id`,`point`,`added_date`,`parent_id`,`question_total`,`check_total`,`header_text`,`footer_text`,`question_text_eng`,`help_image`) VALUES 
 (1,'<div style=\"margin-bottom:7px;font-weight:bold;text-align:justify;\">If 20 men working together can finish a job in 20 days, then the no.of days taken by 25 men of the same capacity to finish the job is ___________ days?</div>\n',1,1,1,'1','2024-01-27 10:40:34',0,NULL,NULL,'','',NULL,NULL),
 (2,'<div style=\"margin-bottom:7px;font-weight:bold;text-align:justify;\">If 16 men working 7 hrs a day can plough a field in 48 days, in how many days will 14 men working 12 hrs a day, plough the same field?</div>\n',1,2,1,'1','2024-01-27 10:40:34',0,NULL,NULL,'','',NULL,NULL),
 (3,'<div style=\"margin-bottom:7px;font-weight:bold;text-align:justify;\">If 12 carpenters, working 6 hrs a day can make 460 chairs in 24 days, how many chairs will 18 carpenters make in 36 days, each working 8 hrs a day?</div>\n',1,3,1,'1','2024-01-27 10:40:34',0,NULL,NULL,'','',NULL,NULL),
 (4,'<div style=\"margin-bottom:7px;font-weight:bold;text-align:justify;\">If 18 binders bind 900 books in 10 days. How many binders will be required to bind 660 books in 12 days?</div>\n',1,4,1,'1','2024-01-27 10:40:34',0,NULL,NULL,'','',NULL,NULL),
 (5,'<div style=\"margin-bottom:7px;font-weight:bold;text-align:justify;\">Some persons can do a piece of work in 12 days. Two times the no.of such persons will do half of the work in ___________ days?</div>\n',1,5,1,'1','2024-01-27 10:40:34',0,NULL,NULL,'','',NULL,NULL),
 (6,'<div style=\"margin-bottom:7px;font-weight:bold;text-align:justify;\">A certain no.of men can finish a piece of work in 100 days. If howeverthere were 10 men less, it would take 10 days more for the work to finish. How many men were there originally?</div>\n',1,6,1,'1','2024-01-27 10:40:34',0,NULL,NULL,'','',NULL,NULL),
 (7,'<div style=\"margin-bottom:7px;font-weight:bold;text-align:justify;\">95 men have provisions for 200 days. After 5 days,30 men died due to an epidemic. For how many days will the remaining food last?</div>\n',1,7,1,'1','2024-01-27 10:40:34',0,NULL,NULL,'','',NULL,NULL),
 (8,'<div style=\"margin-bottom:7px;font-weight:bold;text-align:justify;\">The rates of working of A & B are in the ratios 5: 6, the no. of days taken by them to finish the work are in the ratio _____ :_______?</div>\n',1,8,1,'1','2024-01-27 10:40:34',0,NULL,NULL,'','',NULL,NULL),
 (9,'<div style=\"margin-bottom:7px;font-weight:bold;text-align:justify;\">&ldquo;A&rdquo; does half as a much as work as &ldquo;B&rdquo;, & &ldquo;C&rdquo; does half as a much as work as &ldquo;A&rdquo; & &ldquo;B&rdquo; together. If &ldquo;C&rdquo; alone can finish the work in 40 days, then together all will finish the work in ___________ days? </div>\n',1,9,1,'1','2024-01-27 10:40:34',0,NULL,NULL,'','',NULL,NULL),
 (10,'<div style=\"margin-bottom:7px;font-weight:bold;text-align:justify;\">In a camp, there is meal available for 120 men (or) 200 children. If 150 children have taken the meal, how many men can be catered to with the remaining meal?</div>\n',1,10,1,'1','2024-01-27 10:40:34',0,NULL,NULL,'','',NULL,NULL),
 (11,'<div style=\"margin-bottom:7px;font-weight:bold;text-align:justify;\">4 mat weavers can weave 4 mats in 4 days. At the same rate, how many mats would be woven by 8 mat weavers in 8 days? </div>\n',1,11,1,'1','2024-01-27 10:40:34',0,NULL,NULL,'','',NULL,NULL),
 (12,'<div style=\"margin-bottom:7px;font-weight:bold;text-align:justify;\">In a dairy farm, 40 cows eat 40 bags of husk in 40 days. In how many days, one cow will eat one bag of husk?</div>\n',1,12,1,'1','2024-01-27 10:40:34',0,NULL,NULL,'','',NULL,NULL),
 (13,'<div style=\"margin-bottom:7px;font-weight:bold;text-align:justify;\">If 8 men working 9 hours a days can built a wall 18mts long, 2 mts broad and 12 mts high in 10 days, how many men will be required to build a wall 32mtslong , 3mts broad and 9mts high by working 6 hours a days in 8 days?</div>\n',1,13,1,'1','2024-01-27 10:40:34',0,NULL,NULL,'','',NULL,NULL),
 (14,'<div style=\"margin-bottom:7px;font-weight:bold;text-align:justify;\">A contract was to be completed in 56 days and 104 men were set to work each working 8 hours per day. After 30 days, (2/5) of the work is completed. How many additional men may be employed, so that, the work may be completed in time, each man now working 9 hours a day?</div>\n',1,14,1,'1','2024-01-27 10:40:34',0,NULL,NULL,'','',NULL,NULL),
 (15,'<div style=\"margin-bottom:7px;font-weight:bold;text-align:justify;\">5 men (or) 9 women can do a piece of work in 19 days. In how many days will 3 men and 6 women do it?</div>\n',1,15,1,'1','2024-01-27 10:40:34',0,NULL,NULL,'','',NULL,NULL),
 (16,'<div style=\"margin-bottom:7px;font-weight:bold;text-align:justify;\">If 20 men can build a wall 112 mts long in 6 days, what length of a similar wall can be built by 25 men in 3 days?</div>\n',1,16,1,'1','2024-01-27 10:40:34',0,NULL,NULL,'','',NULL,NULL),
 (17,'<div style=\"margin-bottom:7px;font-weight:bold;text-align:justify;\">If 36 men can do a piece of work in 25 days, in how many days will 15 men do it?</div>\n',1,17,1,'1','2024-01-27 10:40:34',0,NULL,NULL,'','',NULL,NULL),
 (18,'<div style=\"margin-bottom:7px;font-weight:bold;text-align:justify;\">If 15 dolls cost Rs 35, what do 39 dolls cost?</div>\n',1,18,1,'1','2024-01-27 10:40:34',0,NULL,NULL,'','',NULL,NULL),
 (19,'<div style=\"margin-bottom:7px;font-weight:bold;text-align:justify;\">If 8 men can reap 80 hectares in 24 days, then how many hectares can 36 men reap in 30 days?</div>\n',1,19,1,'1','2024-01-27 10:40:34',0,NULL,NULL,'','',NULL,NULL),
 (20,'<div style=\"margin-bottom:7px;font-weight:bold;text-align:justify;\">A certain number of men can complete a piece of work in 180 days. If there are 30 men less, it will take 20 days more for the work to be completed. How many men were there originally?</div>\n',1,20,1,'1','2024-01-27 10:40:34',0,NULL,NULL,'','',NULL,NULL),
 (21,'<div style=\"margin-bottom:7px;font-weight:bold;text-align:justify;\">If 7 spiders make 7 webs in 7 days, then 1 spider will make 1 web in how many days?</div>\n',1,21,1,'1','2024-01-27 10:40:34',0,NULL,NULL,'','',NULL,NULL),
 (22,'<div style=\"margin-bottom:7px;font-weight:bold;text-align:justify;\">Running at the same constant rate, 6 identical machines can produce a total of 270 bottles per minute. At this rate, how many bottles could 10 such machines produce in 4 minutes?</div>\n',1,22,1,'1','2024-01-27 10:40:34',0,NULL,NULL,'','',NULL,NULL),
 (23,'<div style=\"margin-bottom:7px;font-weight:bold;text-align:justify;\">8 women can complete the work in 10 days and 10 children take 16 days to complete the same work. How many days will 10 women and 12 children take to complete the work?</div>\n',1,23,1,'1','2024-01-27 10:40:34',0,NULL,NULL,'','',NULL,NULL),
 (24,'<div style=\"margin-bottom:7px;font-weight:bold;text-align:justify;\">If 20 men can build a wall 56 meters long in 6 days, what length of a similar wall can be built by 35 men in 3 days?</div>\n',1,24,1,'1','2024-01-27 10:40:34',0,NULL,NULL,'','',NULL,NULL),
 (25,'<div style=\"margin-bottom:7px;font-weight:bold;text-align:justify;\">2 men and 7 boys can do a piece of work in 14 days; 3 men and 8 boys can do the same in 11 days. Then, 8 men and 6 boys can do three times the amount of this work in________days?</div>\n',1,25,1,'1','2024-01-27 10:40:34',0,NULL,NULL,'','',NULL,NULL),
 (26,'<div style=\"margin-bottom:7px;font-weight:bold;text-align:justify;\">39 persons can repair a road in 12 days, working 5 hours a day. In how many days will 30 persons, working 6 hours a day, complete the work?</div>\n',1,26,1,'1','2024-01-27 10:40:34',0,NULL,NULL,'','',NULL,NULL),
 (27,'<div style=\"margin-bottom:7px;font-weight:bold;text-align:justify;\">Pumps working 8 hours a day, can empty a tank in 2 days. How many hours a day must 4 pumps work to empty the tank in 1 day?</div>\n',1,27,1,'1','2024-01-27 10:40:34',0,NULL,NULL,'','',NULL,NULL),
 (28,'<div style=\"margin-bottom:7px;font-weight:bold;text-align:justify;\">If the cost of &lsquo;x&rsquo; metres of wire is &lsquo;d&rsquo; rupees, then what is the cost of &lsquo;y&rsquo; metres of wire at the same rate?</div>\n',1,28,1,'1','2024-01-27 10:40:34',0,NULL,NULL,'','',NULL,NULL),
 (29,'<div style=\"margin-bottom:7px;font-weight:bold;text-align:justify;\">The sum of 3rd and 15th elements of an arithmetic progression is equal to the sum of 6th,11th and 13th elements of the same progression. Then, which element of the series should necessarily be equal to zero_____?</div>\n',1,29,1,'1','2024-01-27 10:40:34',0,NULL,NULL,'','',NULL,NULL),
 (30,'<div style=\"margin-bottom:7px;font-weight:bold;text-align:justify;\">In a queue, Shankar is ninth from the rear end. Althaf\'s place is eighth from the front. Nitu is standing between the two. What could be the minimum numbers of boys standing in the queue?</div>\n',1,30,1,'1','2024-01-27 10:40:34',0,NULL,NULL,'','',NULL,NULL);
/*!40000 ALTER TABLE `questions` ENABLE KEYS */;


--
-- Definition of table `quizzes`
--

DROP TABLE IF EXISTS `quizzes`;
CREATE TABLE `quizzes` (
  `id` int(11) NOT NULL AUTO_INCREMENT,
  `cat_id` int(11) NOT NULL,
  `quiz_name` varchar(500) NOT NULL,
  `quiz_desc` varchar(500) NOT NULL,
  `added_date` datetime NOT NULL,
  `parent_id` int(11) NOT NULL,
  `show_intro` int(11) NOT NULL,
  `intro_text` varchar(3850) DEFAULT NULL,
  PRIMARY KEY (`id`)
) ENGINE=InnoDB AUTO_INCREMENT=2 DEFAULT CHARSET=latin1;

--
-- Dumping data for table `quizzes`
--

/*!40000 ALTER TABLE `quizzes` DISABLE KEYS */;
INSERT INTO `quizzes` (`id`,`cat_id`,`quiz_name`,`quiz_desc`,`added_date`,`parent_id`,`show_intro`,`intro_text`) VALUES 
 (1,1,'Assessment Test #012','Assessment Test #012','2024-01-27 10:40:34',0,1,'<h2><b>Test Organized by</b></h2>\n<h2 style=\"border-bottom: 1px solid #F4F5F7;margin-bottom:5px;padding-bottom:5px;\"><span style=\"color:red\">Apt Training Resources</span></h2><h2><b>Total number of questions: 30 Questions</b></h2>\n<h2><b>Maximum Time Limit: 60 minutes</b></h2>\n<p style=\"border-top: 1px solid #F4F5F7;margin-top:5px;padding-top:5px;\">\nPlease click on the <b>Continue</b> button only after reading the instructions thoroughly.</p>\n<p><b><u>Instructions:</u></b></p>\n<p>1.For every question, click the answer option &amp; then click the <b>Save</b> button to save the answer for that particular question. Clicking on the <b>Save </b>button is essential for the answer to be saved.</p>\n<p>2.Do not keep on pressing the <b>Save </b>button for the same question again &amp; again. Clicking once is enough.</p>\n<p>3.Clicking on the particular question number (available on the right side or bottom side) will take you directly to the particular question, but click it only after you have pressed the <b>Save </b>button for that question, that you are currently attending in the test.</p>\n<p>4.If after choosing the correct option, you click on the <b>Previous</b> button, instead of the <b>Save </b>button, even then answers will be saved. Don\'t worry.</p>\n<p>5.If you click the correct option and then click the <b>Question number link</b> in the right or in the bottom or if u click the <b>Instruction page link</b>, without pressing the <b>Save </b>button, answer won\'t be saved. Clicking on the <b>Save </b>button is essential for the answer to be saved.</p>\n<p>6.If you exceed the time limit for the test, the answers for which u have clicked the <b>Save </b>button alone, will automatically be saved &amp; it will take you to the home page.</p>\n<p>7.If incase u want to check the remaining time available for u any time during the test, u can scroll up, to see the timer on the right top corner.</p>\n<p>8.Once you have finished the test, click the <b>Finish</b> button available in the top right corner.</p>');
/*!40000 ALTER TABLE `quizzes` ENABLE KEYS */;


--
-- Definition of table `roles_rights`
--

DROP TABLE IF EXISTS `roles_rights`;
CREATE TABLE `roles_rights` (
  `Id` int(11) NOT NULL AUTO_INCREMENT,
  `role_id` int(11) DEFAULT NULL,
  `module_id` int(11) DEFAULT NULL,
  PRIMARY KEY (`Id`)
) ENGINE=MyISAM AUTO_INCREMENT=14 DEFAULT CHARSET=latin1;

--
-- Dumping data for table `roles_rights`
--

/*!40000 ALTER TABLE `roles_rights` DISABLE KEYS */;
INSERT INTO `roles_rights` (`Id`,`role_id`,`module_id`) VALUES 
 (1,1,2),
 (2,1,3),
 (3,1,4),
 (4,1,6),
 (5,1,7),
 (12,1,12),
 (11,1,11),
 (9,2,9);
/*!40000 ALTER TABLE `roles_rights` ENABLE KEYS */;


--
-- Definition of table `tcode_assess_base`
--

DROP TABLE IF EXISTS `tcode_assess_base`;
CREATE TABLE `tcode_assess_base` (
  `assess_id` bigint(20) unsigned NOT NULL AUTO_INCREMENT,
  `assignment_name` varchar(250) NOT NULL,
  `group_id` bigint(20) unsigned NOT NULL,
  `total_q` int(10) unsigned NOT NULL DEFAULT '1',
  `total_score` int(10) unsigned NOT NULL DEFAULT '3',
  `total_duration` int(10) unsigned NOT NULL DEFAULT '30',
  `duration_per` int(10) unsigned NOT NULL DEFAULT '1',
  `max_submissions` int(10) unsigned NOT NULL DEFAULT '1',
  `is_to_suffle_q` tinyint(1) NOT NULL DEFAULT '1',
  `assignment_status` int(10) unsigned NOT NULL DEFAULT '0',
  `instructions` varchar(8000) NOT NULL DEFAULT ' ',
  `max_runs` int(10) unsigned NOT NULL DEFAULT '3',
  PRIMARY KEY (`assess_id`)
) ENGINE=InnoDB DEFAULT CHARSET=latin1;

--
-- Dumping data for table `tcode_assess_base`
--

/*!40000 ALTER TABLE `tcode_assess_base` DISABLE KEYS */;
/*!40000 ALTER TABLE `tcode_assess_base` ENABLE KEYS */;


--
-- Definition of table `tcode_assess_submit_q`
--

DROP TABLE IF EXISTS `tcode_assess_submit_q`;
CREATE TABLE `tcode_assess_submit_q` (
  `submit_id` bigint(20) unsigned NOT NULL AUTO_INCREMENT,
  `assess_id` bigint(20) unsigned NOT NULL,
  `user_id` bigint(20) unsigned NOT NULL,
  `group_id` bigint(20) unsigned NOT NULL,
  `question_id` bigint(20) unsigned NOT NULL,
  `user_program` longtext NOT NULL,
  `q_secure_score` int(10) unsigned NOT NULL DEFAULT '0',
  `q_status` int(10) unsigned NOT NULL DEFAULT '0',
  `submit_no` int(10) unsigned NOT NULL DEFAULT '1',
  `test_cases_haverun` int(10) unsigned NOT NULL DEFAULT '0',
  `number_of_runs` int(10) unsigned NOT NULL DEFAULT '0',
  `number_of_submits` int(10) unsigned NOT NULL DEFAULT '0',
  PRIMARY KEY (`submit_id`)
) ENGINE=InnoDB DEFAULT CHARSET=latin1;

--
-- Dumping data for table `tcode_assess_submit_q`
--

/*!40000 ALTER TABLE `tcode_assess_submit_q` DISABLE KEYS */;
/*!40000 ALTER TABLE `tcode_assess_submit_q` ENABLE KEYS */;


--
-- Definition of table `tcode_assess_submit_testcase`
--

DROP TABLE IF EXISTS `tcode_assess_submit_testcase`;
CREATE TABLE `tcode_assess_submit_testcase` (
  `submit_id` bigint(20) unsigned NOT NULL,
  `assess_id` bigint(20) unsigned NOT NULL,
  `user_id` bigint(20) unsigned NOT NULL,
  `group_id` bigint(20) unsigned NOT NULL,
  `question_id` bigint(20) unsigned NOT NULL,
  `testcase_id` bigint(20) unsigned NOT NULL,
  `user_output` varchar(2000) NOT NULL DEFAULT ' ',
  `case_status` int(10) unsigned NOT NULL DEFAULT '0',
  `testcase_secure_score` int(10) unsigned NOT NULL DEFAULT '0',
  PRIMARY KEY (`submit_id`,`testcase_id`) USING BTREE
) ENGINE=InnoDB DEFAULT CHARSET=latin1;

--
-- Dumping data for table `tcode_assess_submit_testcase`
--

/*!40000 ALTER TABLE `tcode_assess_submit_testcase` DISABLE KEYS */;
/*!40000 ALTER TABLE `tcode_assess_submit_testcase` ENABLE KEYS */;


--
-- Definition of table `tcode_assess_user`
--

DROP TABLE IF EXISTS `tcode_assess_user`;
CREATE TABLE `tcode_assess_user` (
  `assess_id` bigint(20) unsigned NOT NULL AUTO_INCREMENT,
  `user_id` bigint(20) unsigned NOT NULL,
  `user_ass_status` int(10) unsigned NOT NULL DEFAULT '0',
  `user_secure_score` int(10) unsigned NOT NULL DEFAULT '0',
  `ass_start_date` datetime DEFAULT NULL,
  `ass_finish_date` datetime DEFAULT NULL,
  PRIMARY KEY (`assess_id`,`user_id`)
) ENGINE=InnoDB DEFAULT CHARSET=latin1;

--
-- Dumping data for table `tcode_assess_user`
--

/*!40000 ALTER TABLE `tcode_assess_user` DISABLE KEYS */;
/*!40000 ALTER TABLE `tcode_assess_user` ENABLE KEYS */;


--
-- Definition of table `tcode_language`
--

DROP TABLE IF EXISTS `tcode_language`;
CREATE TABLE `tcode_language` (
  `lang_code` varchar(10) NOT NULL,
  `full_name` varchar(100) NOT NULL,
  `api_lang_name` varchar(100) NOT NULL,
  `api_version_no` varchar(100) NOT NULL,
  `default_program` varchar(1000) NOT NULL DEFAULT '#include<stdio.h>\r\nint main(){\r\n\r\n  return 0;\r\n}',
  PRIMARY KEY (`lang_code`)
) ENGINE=InnoDB DEFAULT CHARSET=latin1;

--
-- Dumping data for table `tcode_language`
--

/*!40000 ALTER TABLE `tcode_language` DISABLE KEYS */;
/*!40000 ALTER TABLE `tcode_language` ENABLE KEYS */;


--
-- Definition of table `tcode_level`
--

DROP TABLE IF EXISTS `tcode_level`;
CREATE TABLE `tcode_level` (
  `level_no` int(10) unsigned NOT NULL,
  `level_name` varchar(100) NOT NULL,
  PRIMARY KEY (`level_no`)
) ENGINE=InnoDB DEFAULT CHARSET=latin1;

--
-- Dumping data for table `tcode_level`
--

/*!40000 ALTER TABLE `tcode_level` DISABLE KEYS */;
/*!40000 ALTER TABLE `tcode_level` ENABLE KEYS */;


--
-- Definition of table `tcode_q_base`
--

DROP TABLE IF EXISTS `tcode_q_base`;
CREATE TABLE `tcode_q_base` (
  `question_id` bigint(20) unsigned NOT NULL AUTO_INCREMENT,
  `code_title` varchar(200) NOT NULL DEFAULT ' ',
  `code_question` varchar(8000) NOT NULL DEFAULT ' ',
  `lang_code` varchar(10) NOT NULL DEFAULT 'c',
  `level_no` int(10) unsigned NOT NULL DEFAULT '2',
  `tested_program` longtext,
  PRIMARY KEY (`question_id`)
) ENGINE=InnoDB DEFAULT CHARSET=latin1;

--
-- Dumping data for table `tcode_q_base`
--

/*!40000 ALTER TABLE `tcode_q_base` DISABLE KEYS */;
/*!40000 ALTER TABLE `tcode_q_base` ENABLE KEYS */;


--
-- Definition of table `tcode_q_group_base`
--

DROP TABLE IF EXISTS `tcode_q_group_base`;
CREATE TABLE `tcode_q_group_base` (
  `group_id` bigint(20) unsigned NOT NULL AUTO_INCREMENT,
  `group_name` varchar(250) NOT NULL,
  PRIMARY KEY (`group_id`)
) ENGINE=InnoDB DEFAULT CHARSET=latin1;

--
-- Dumping data for table `tcode_q_group_base`
--

/*!40000 ALTER TABLE `tcode_q_group_base` DISABLE KEYS */;
/*!40000 ALTER TABLE `tcode_q_group_base` ENABLE KEYS */;


--
-- Definition of table `tcode_q_group_q`
--

DROP TABLE IF EXISTS `tcode_q_group_q`;
CREATE TABLE `tcode_q_group_q` (
  `group_id` bigint(20) unsigned NOT NULL AUTO_INCREMENT,
  `question_id` bigint(20) unsigned NOT NULL,
  PRIMARY KEY (`group_id`,`question_id`)
) ENGINE=InnoDB DEFAULT CHARSET=latin1;

--
-- Dumping data for table `tcode_q_group_q`
--

/*!40000 ALTER TABLE `tcode_q_group_q` DISABLE KEYS */;
/*!40000 ALTER TABLE `tcode_q_group_q` ENABLE KEYS */;


--
-- Definition of table `tcode_q_testcase`
--

DROP TABLE IF EXISTS `tcode_q_testcase`;
CREATE TABLE `tcode_q_testcase` (
  `testcase_id` bigint(20) unsigned NOT NULL AUTO_INCREMENT,
  `question_id` bigint(20) unsigned NOT NULL,
  `input` varchar(2000) NOT NULL DEFAULT ' ',
  `output` varchar(2000) NOT NULL DEFAULT ' ',
  `point` int(10) unsigned NOT NULL DEFAULT '1',
  `sno` int(10) unsigned NOT NULL,
  `is_active` tinyint(1) NOT NULL DEFAULT '1',
  PRIMARY KEY (`testcase_id`)
) ENGINE=InnoDB DEFAULT CHARSET=latin1;

--
-- Dumping data for table `tcode_q_testcase`
--

/*!40000 ALTER TABLE `tcode_q_testcase` DISABLE KEYS */;
/*!40000 ALTER TABLE `tcode_q_testcase` ENABLE KEYS */;


--
-- Definition of table `user_answers`
--

DROP TABLE IF EXISTS `user_answers`;
CREATE TABLE `user_answers` (
  `id` int(11) NOT NULL AUTO_INCREMENT,
  `user_quiz_id` int(11) DEFAULT NULL,
  `question_id` int(11) DEFAULT NULL,
  `answer_id` int(11) DEFAULT NULL,
  `user_answer_id` int(11) DEFAULT NULL,
  `user_answer_text` varchar(3800) DEFAULT NULL,
  `added_date` datetime DEFAULT NULL,
  PRIMARY KEY (`id`)
) ENGINE=InnoDB DEFAULT CHARSET=latin1;

--
-- Dumping data for table `user_answers`
--

/*!40000 ALTER TABLE `user_answers` DISABLE KEYS */;
/*!40000 ALTER TABLE `user_answers` ENABLE KEYS */;


--
-- Definition of table `user_quizzes`
--

DROP TABLE IF EXISTS `user_quizzes`;
CREATE TABLE `user_quizzes` (
  `id` int(11) NOT NULL AUTO_INCREMENT,
  `assignment_id` int(11) DEFAULT NULL,
  `user_id` int(11) DEFAULT NULL,
  `status` int(11) DEFAULT NULL,
  `added_date` datetime DEFAULT NULL,
  `success` int(11) DEFAULT NULL,
  `finish_date` datetime DEFAULT NULL,
  `pass_score_point` decimal(10,2) DEFAULT NULL,
  `pass_score_perc` decimal(10,2) DEFAULT NULL,
  PRIMARY KEY (`id`),
  KEY `assignment_id` (`assignment_id`)
) ENGINE=InnoDB DEFAULT CHARSET=latin1;

--
-- Dumping data for table `user_quizzes`
--

/*!40000 ALTER TABLE `user_quizzes` DISABLE KEYS */;
/*!40000 ALTER TABLE `user_quizzes` ENABLE KEYS */;


--
-- Definition of table `user_types`
--

DROP TABLE IF EXISTS `user_types`;
CREATE TABLE `user_types` (
  `id` int(11) NOT NULL,
  `type_name` varchar(200) DEFAULT NULL,
  PRIMARY KEY (`id`)
) ENGINE=InnoDB DEFAULT CHARSET=latin1;

--
-- Dumping data for table `user_types`
--

/*!40000 ALTER TABLE `user_types` DISABLE KEYS */;
INSERT INTO `user_types` (`id`,`type_name`) VALUES 
 (1,'Admin'),
 (2,'User');
/*!40000 ALTER TABLE `user_types` ENABLE KEYS */;


--
-- Definition of table `users`
--

DROP TABLE IF EXISTS `users`;
CREATE TABLE `users` (
  `UserID` int(11) NOT NULL AUTO_INCREMENT,
  `UserName` varchar(50) NOT NULL,
  `Password` varchar(50) NOT NULL,
  `Name` varchar(150) NOT NULL,
  `Surname` varchar(150) NOT NULL DEFAULT '',
  `added_date` datetime NOT NULL DEFAULT now(),
  `user_type` int(11) DEFAULT NULL,
  `email` varchar(200) CHARACTER SET utf8 DEFAULT NULL,
  PRIMARY KEY (`UserID`)
) ENGINE=InnoDB AUTO_INCREMENT=1013 DEFAULT CHARSET=latin1;

--
-- Dumping data for table `users`
--

/*!40000 ALTER TABLE `users` DISABLE KEYS */;
INSERT INTO `users` (`UserID`,`UserName`,`Password`,`Name`,`Surname`,`added_date`,`user_type`,`email`) VALUES 
 (1,'admin','baf71c021073a99609d073b6c7d2162a','admin','admin','2011-10-27 12:02:06',1,'admin'),
 (2,'APT01','486ec94022de2ba84a97e76c60e6dd89','APT01','',now(),NULL,NULL),
 (3,'APT02','486ec94022de2ba84a97e76c60e6dd89','APT02','',now(),NULL,NULL),
 (4,'APT03','486ec94022de2ba84a97e76c60e6dd89','APT03','',now(),NULL,NULL),
 (5,'APT04','486ec94022de2ba84a97e76c60e6dd89','APT04','',now(),NULL,NULL),
 (6,'APT05','486ec94022de2ba84a97e76c60e6dd89','APT05','',now(),NULL,NULL),
 (7,'APT06','486ec94022de2ba84a97e76c60e6dd89','APT06','',now(),NULL,NULL),
 (8,'APT07','486ec94022de2ba84a97e76c60e6dd89','APT07','',now(),NULL,NULL),
 (9,'APT08','486ec94022de2ba84a97e76c60e6dd89','APT08','',now(),NULL,NULL),
 (10,'APT09','486ec94022de2ba84a97e76c60e6dd89','APT09','',now(),NULL,NULL),
 (11,'APT10','486ec94022de2ba84a97e76c60e6dd89','APT10','',now(),NULL,NULL),
 (12,'APT11','486ec94022de2ba84a97e76c60e6dd89','APT11','',now(),NULL,NULL),
 (13,'APT12','486ec94022de2ba84a97e76c60e6dd89','APT12','',now(),NULL,NULL),
 (14,'APT13','486ec94022de2ba84a97e76c60e6dd89','APT13','',now(),NULL,NULL),
 (15,'APT14','486ec94022de2ba84a97e76c60e6dd89','APT14','',now(),NULL,NULL),
 (16,'APT15','486ec94022de2ba84a97e76c60e6dd89','APT15','',now(),NULL,NULL),
 (17,'APT16','486ec94022de2ba84a97e76c60e6dd89','APT16','',now(),NULL,NULL),
 (18,'APT17','486ec94022de2ba84a97e76c60e6dd89','APT17','',now(),NULL,NULL),
 (19,'APT18','486ec94022de2ba84a97e76c60e6dd89','APT18','',now(),NULL,NULL),
 (20,'APT19','486ec94022de2ba84a97e76c60e6dd89','APT19','',now(),NULL,NULL),
 (21,'APT20','486ec94022de2ba84a97e76c60e6dd89','APT20','',now(),NULL,NULL),
 (22,'APT21','486ec94022de2ba84a97e76c60e6dd89','APT21','',now(),NULL,NULL),
 (23,'APT22','486ec94022de2ba84a97e76c60e6dd89','APT22','',now(),NULL,NULL),
 (24,'APT23','486ec94022de2ba84a97e76c60e6dd89','APT23','',now(),NULL,NULL),
 (25,'APT24','486ec94022de2ba84a97e76c60e6dd89','APT24','',now(),NULL,NULL),
 (26,'APT25','486ec94022de2ba84a97e76c60e6dd89','APT25','',now(),NULL,NULL),
 (27,'DEVELOPER01','7b7a53e239400a13bd6be6c91c4f6c4e','DEVELOPER01','',now(),NULL,NULL),
 (28,'DEVELOPER02','7b7a53e239400a13bd6be6c91c4f6c4e','DEVELOPER02','',now(),NULL,NULL),
 (29,'DEVELOPER03','7b7a53e239400a13bd6be6c91c4f6c4e','DEVELOPER03','',now(),NULL,NULL),
 (30,'DEVELOPER04','7b7a53e239400a13bd6be6c91c4f6c4e','DEVELOPER04','',now(),NULL,NULL),
 (31,'DEVELOPER05','7b7a53e239400a13bd6be6c91c4f6c4e','DEVELOPER05','',now(),NULL,NULL),
 (32,'DEVELOPER06','7b7a53e239400a13bd6be6c91c4f6c4e','DEVELOPER06','',now(),NULL,NULL),
 (33,'DEVELOPER07','7b7a53e239400a13bd6be6c91c4f6c4e','DEVELOPER07','',now(),NULL,NULL),
 (34,'DEVELOPER08','7b7a53e239400a13bd6be6c91c4f6c4e','DEVELOPER08','',now(),NULL,NULL),
 (35,'DEVELOPER09','7b7a53e239400a13bd6be6c91c4f6c4e','DEVELOPER09','',now(),NULL,NULL),
 (36,'DEVELOPER10','7b7a53e239400a13bd6be6c91c4f6c4e','DEVELOPER10','',now(),NULL,NULL),
 (37,'DEVELOPER11','7b7a53e239400a13bd6be6c91c4f6c4e','DEVELOPER11','',now(),NULL,NULL),
 (38,'DEVELOPER12','7b7a53e239400a13bd6be6c91c4f6c4e','DEVELOPER12','',now(),NULL,NULL),
 (39,'DEVELOPER13','7b7a53e239400a13bd6be6c91c4f6c4e','DEVELOPER13','',now(),NULL,NULL),
 (40,'DEVELOPER14','7b7a53e239400a13bd6be6c91c4f6c4e','DEVELOPER14','',now(),NULL,NULL),
 (41,'DEVELOPER15','7b7a53e239400a13bd6be6c91c4f6c4e','DEVELOPER15','',now(),NULL,NULL),
 (42,'DEVELOPER16','7b7a53e239400a13bd6be6c91c4f6c4e','DEVELOPER16','',now(),NULL,NULL),
 (43,'DEVELOPER17','7b7a53e239400a13bd6be6c91c4f6c4e','DEVELOPER17','',now(),NULL,NULL),
 (44,'DEVELOPER18','7b7a53e239400a13bd6be6c91c4f6c4e','DEVELOPER18','',now(),NULL,NULL),
 (45,'DEVELOPER19','7b7a53e239400a13bd6be6c91c4f6c4e','DEVELOPER19','',now(),NULL,NULL),
 (46,'DEVELOPER20','7b7a53e239400a13bd6be6c91c4f6c4e','DEVELOPER20','',now(),NULL,NULL),
 (47,'DEVELOPER21','7b7a53e239400a13bd6be6c91c4f6c4e','DEVELOPER21','',now(),NULL,NULL),
 (48,'DEVELOPER22','7b7a53e239400a13bd6be6c91c4f6c4e','DEVELOPER22','',now(),NULL,NULL),
 (49,'DEVELOPER23','7b7a53e239400a13bd6be6c91c4f6c4e','DEVELOPER23','',now(),NULL,NULL),
 (50,'DEVELOPER24','7b7a53e239400a13bd6be6c91c4f6c4e','DEVELOPER24','',now(),NULL,NULL),
 (51,'DEVELOPER25','7b7a53e239400a13bd6be6c91c4f6c4e','DEVELOPER25','',now(),NULL,NULL),
 (52,'SERVER01','da941ba5e4989ca468e0af6e0645a715','SERVER01','',now(),NULL,NULL),
 (53,'SERVER02','da941ba5e4989ca468e0af6e0645a715','SERVER02','',now(),NULL,NULL),
 (54,'SERVER03','da941ba5e4989ca468e0af6e0645a715','SERVER03','',now(),NULL,NULL),
 (55,'SERVER04','da941ba5e4989ca468e0af6e0645a715','SERVER04','',now(),NULL,NULL),
 (56,'SERVER05','da941ba5e4989ca468e0af6e0645a715','SERVER05','',now(),NULL,NULL),
 (57,'SERVER06','da941ba5e4989ca468e0af6e0645a715','SERVER06','',now(),NULL,NULL),
 (58,'SERVER07','da941ba5e4989ca468e0af6e0645a715','SERVER07','',now(),NULL,NULL),
 (59,'SERVER08','da941ba5e4989ca468e0af6e0645a715','SERVER08','',now(),NULL,NULL),
 (60,'SERVER09','da941ba5e4989ca468e0af6e0645a715','SERVER09','',now(),NULL,NULL),
 (61,'SERVER10','da941ba5e4989ca468e0af6e0645a715','SERVER10','',now(),NULL,NULL),
 (62,'SERVER11','da941ba5e4989ca468e0af6e0645a715','SERVER11','',now(),NULL,NULL),
 (63,'SERVER12','da941ba5e4989ca468e0af6e0645a715','SERVER12','',now(),NULL,NULL),
 (64,'SERVER13','da941ba5e4989ca468e0af6e0645a715','SERVER13','',now(),NULL,NULL),
 (65,'SERVER14','da941ba5e4989ca468e0af6e0645a715','SERVER14','',now(),NULL,NULL),
 (66,'SERVER15','da941ba5e4989ca468e0af6e0645a715','SERVER15','',now(),NULL,NULL),
 (67,'SERVER16','da941ba5e4989ca468e0af6e0645a715','SERVER16','',now(),NULL,NULL),
 (68,'SERVER17','da941ba5e4989ca468e0af6e0645a715','SERVER17','',now(),NULL,NULL),
 (69,'SERVER18','da941ba5e4989ca468e0af6e0645a715','SERVER18','',now(),NULL,NULL),
 (70,'SERVER19','da941ba5e4989ca468e0af6e0645a715','SERVER19','',now(),NULL,NULL),
 (71,'SERVER20','da941ba5e4989ca468e0af6e0645a715','SERVER20','',now(),NULL,NULL),
 (72,'SERVER21','da941ba5e4989ca468e0af6e0645a715','SERVER21','',now(),NULL,NULL),
 (73,'SERVER22','da941ba5e4989ca468e0af6e0645a715','SERVER22','',now(),NULL,NULL),
 (74,'SERVER23','da941ba5e4989ca468e0af6e0645a715','SERVER23','',now(),NULL,NULL),
 (75,'SERVER24','da941ba5e4989ca468e0af6e0645a715','SERVER24','',now(),NULL,NULL),
 (76,'SERVER25','da941ba5e4989ca468e0af6e0645a715','SERVER25','',now(),NULL,NULL),
 (77,'TN301','1289ea6624789573dc7607c5233f3bca','TN301','',now(),NULL,NULL),
 (78,'TN302','e26b0aee894cc6f27fc242a434730645','TN302','',now(),NULL,NULL),
 (79,'TN303','97f1f9bedce6c3b9d3938d9d40f9d1de','TN303','',now(),NULL,NULL),
 (80,'TN304','3092223a86bf770e3c9c1a2351228bfe','TN304','',now(),NULL,NULL),
 (81,'TN305','661fc042c02eb6056e301405816fbd55','TN305','',now(),NULL,NULL),
 (82,'TN306','38f67721ed7ff9ef0a449ab6832235a3','TN306','',now(),NULL,NULL),
 (83,'TN307','5ef9db6c70b283266923ba74e546a266','TN307','',now(),NULL,NULL),
 (84,'TN308','8162c0ec1488a04f6c90e8642940eaa0','TN308','',now(),NULL,NULL),
 (85,'TN309','53e5940df269d0ec9523feb4fcdd7a22','TN309','',now(),NULL,NULL),
 (86,'TN310','aed205ee1ec7c212b0b5bdaf6b69af40','TN310','',now(),NULL,NULL),
 (87,'TN311','c15601a9f59790cb703c4bc0b00e0e20','TN311','',now(),NULL,NULL),
 (88,'TN312','09fda6e3878307e07b5990d8e66b1103','TN312','',now(),NULL,NULL),
 (89,'TN313','a5e74a5736c26c2cd770554886ad4154','TN313','',now(),NULL,NULL),
 (90,'TN314','bd3bd7adec1a7c068788b1a95ae95c20','TN314','',now(),NULL,NULL),
 (91,'TN315','be0b8c0ca16b0075e5913a351dab0b46','TN315','',now(),NULL,NULL),
 (92,'TN316','24fca42a296f9db5539073ef6ecae6f3','TN316','',now(),NULL,NULL),
 (93,'TN317','a6f9bc058b72fdae228c6cdd5dc2751b','TN317','',now(),NULL,NULL),
 (94,'TN318','ddecc6b257e9db543ff9cb9965717d00','TN318','',now(),NULL,NULL),
 (95,'TN319','35f235b5913004e66bcd1ecdc8fb3057','TN319','',now(),NULL,NULL),
 (96,'TN320','da070b79dbc003845178ab377868bdc6','TN320','',now(),NULL,NULL),
 (97,'TN321','4960df1341319307974d56d2ce268306','TN321','',now(),NULL,NULL),
 (98,'TN322','543d95db7f4c1008d42f5cfd22e7a5be','TN322','',now(),NULL,NULL),
 (99,'TN323','1d7a0bd046ce9876580eda3bedab79db','TN323','',now(),NULL,NULL),
 (100,'TN324','400510cd1d81a680a9e348620d351b25','TN324','',now(),NULL,NULL),
 (101,'TN325','b104b8b8e328266a31f9a46210f84953','TN325','',now(),NULL,NULL),
 (102,'TN326','5544253aa515158f2f453770eb33e51b','TN326','',now(),NULL,NULL),
 (103,'TN327','29c5e96a4b73c506f78673a39fa58b54','TN327','',now(),NULL,NULL),
 (104,'TN328','bff7cd809932aeab2fe07646e4453d88','TN328','',now(),NULL,NULL),
 (105,'TN329','f0cbb5ffcb613849e8c5d53965887ca9','TN329','',now(),NULL,NULL),
 (106,'TN330','1345e9aa4b81a4e8cd95883d12549b8a','TN330','',now(),NULL,NULL),
 (107,'TN331','0f149a1ac8d4cc16618c907f589147a9','TN331','',now(),NULL,NULL),
 (108,'TN332','f7133a8c457d92fd22cecc0c3b2efa04','TN332','',now(),NULL,NULL),
 (109,'TN333','9ee16ce2698fbd7cf97e23c3fe6b8740','TN333','',now(),NULL,NULL),
 (110,'TN334','93cf6ce6bd5f43a90eaa5de07057429c','TN334','',now(),NULL,NULL),
 (111,'TN335','24a6637f62b876ea63b4b6c4375362e3','TN335','',now(),NULL,NULL),
 (112,'TN336','d6ed57d5ed516d005339eb06240b45e6','TN336','',now(),NULL,NULL),
 (113,'TN337','acbdb66165f48dec35a94c7c6993c33e','TN337','',now(),NULL,NULL),
 (114,'TN338','fb42c54ecdaec0a7c1e65cadaa7e368b','TN338','',now(),NULL,NULL),
 (115,'TN339','42e4e7d643724f7b333d0900681f9411','TN339','',now(),NULL,NULL),
 (116,'TN340','0d53a379688407436ea33cfda2416c13','TN340','',now(),NULL,NULL),
 (117,'TN341','130192d08a11c1e8f5c256657119b320','TN341','',now(),NULL,NULL),
 (118,'TN342','a4f75e8cb6c2de78107ac2e989aa3010','TN342','',now(),NULL,NULL),
 (119,'TN343','01471f2d08b26e0cd0bacad956d44bdb','TN343','',now(),NULL,NULL),
 (120,'TN344','366e1c32b4cbd219df987a4dc2fed421','TN344','',now(),NULL,NULL),
 (121,'TN345','3e0a55cbcfea4c5ecadec9c688a33355','TN345','',now(),NULL,NULL),
 (122,'TN346','9b828b388ef5b87921b63e77bf1c22eb','TN346','',now(),NULL,NULL),
 (123,'TN347','0e22a00f1a09c3a38d565880a4e3966e','TN347','',now(),NULL,NULL),
 (124,'TN348','e4ca11b0dedc0b33e6566fc22249e1b2','TN348','',now(),NULL,NULL),
 (125,'TN349','45b51c7307b1ded7135ce37b16efb7be','TN349','',now(),NULL,NULL),
 (126,'TN350','9497b729f9d86e78f1a11a0d9d831c4d','TN350','',now(),NULL,NULL),
 (127,'TN351','fbd75180d9115527383a684ea69f0783','TN351','',now(),NULL,NULL),
 (128,'TN352','eb4f355e32fdef9d4a10d562b53a4d19','TN352','',now(),NULL,NULL),
 (129,'TN353','4883a15932e12d27f20f76f95c6611ff','TN353','',now(),NULL,NULL),
 (130,'TN354','fde7858c1eec55329bd8db4cb766ead2','TN354','',now(),NULL,NULL),
 (131,'TN355','231dae9001808862f6efddfff0e6a6e8','TN355','',now(),NULL,NULL),
 (132,'TN356','616ef83adaa44296b1b359feb5a011af','TN356','',now(),NULL,NULL),
 (133,'TN357','5a14e2bb7ffd9dca43d92a61e27a38f0','TN357','',now(),NULL,NULL),
 (134,'TN358','3d57651a7c50473ebcab7feab3331a93','TN358','',now(),NULL,NULL),
 (135,'TN359','62c1a47d5865d9b1ae5d588aa6ad18a4','TN359','',now(),NULL,NULL),
 (136,'TN360','f0eada9bd948cd7abebb8209526d0982','TN360','',now(),NULL,NULL),
 (137,'TN361','9852ea66aa61c7e3cb5af21154130baa','TN361','',now(),NULL,NULL),
 (138,'TN362','55b184d86c50fbe010e80070ef597d9e','TN362','',now(),NULL,NULL),
 (139,'TN363','030e1cb96e2ca4bdb8022bec52d7f025','TN363','',now(),NULL,NULL),
 (140,'TN364','c58c612aabc949ec19ee8a3a84222d18','TN364','',now(),NULL,NULL),
 (141,'TN365','c0b9d9812ecbc0d9cef1388b11016d9e','TN365','',now(),NULL,NULL),
 (142,'TN366','dd40de1e4bf7cbdaec1c941e402ec64b','TN366','',now(),NULL,NULL),
 (143,'TN367','b31061923364de8bdd79f779d2d89675','TN367','',now(),NULL,NULL),
 (144,'TN368','1b0be879a2be62199a4c05eafff09e57','TN368','',now(),NULL,NULL),
 (145,'TN369','e1eafa6e765a95a1d2792f813c2c0878','TN369','',now(),NULL,NULL),
 (146,'TN370','f0085044ffd672c73714006792c45658','TN370','',now(),NULL,NULL),
 (147,'TN371','6b888a8632b8e73f624eb27a25cb63d8','TN371','',now(),NULL,NULL),
 (148,'TN372','3e9c40acad5da943012f0dad2a382f48','TN372','',now(),NULL,NULL),
 (149,'TN373','f74059052ca4f8f8debab4f94fe60fee','TN373','',now(),NULL,NULL),
 (150,'TN374','d044d50d3a84ef2b83396df8435b2567','TN374','',now(),NULL,NULL),
 (151,'TN375','38b74a55960a640c8d4597de34c9dd64','TN375','',now(),NULL,NULL),
 (152,'TN376','4c12c516111aaac8525853a6d0d5096e','TN376','',now(),NULL,NULL),
 (153,'TN377','362a1d87a8c6284f2c7d861b819df5ed','TN377','',now(),NULL,NULL),
 (154,'TN378','9b25ff1ec23bc539354df9686cd89de5','TN378','',now(),NULL,NULL),
 (155,'TN379','ae6423f89f07c2e20561e08ef047b742','TN379','',now(),NULL,NULL),
 (156,'TN380','88d8c25bffa7a6c9575fbfe8f6d43f39','TN380','',now(),NULL,NULL),
 (157,'TN381','d23ce6d2f1ff27bbf0ebe2325ce9b2b2','TN381','',now(),NULL,NULL),
 (158,'TN382','e2c5f577217cc1922906d7d9dd42c449','TN382','',now(),NULL,NULL),
 (159,'TN383','f48fc1a9ef3b76018747f42d990a07aa','TN383','',now(),NULL,NULL),
 (160,'TN384','7b424c9ec3380d8c0477bdf186363a31','TN384','',now(),NULL,NULL),
 (161,'TN385','39427ade0baadc061c1dbecc8a1111e0','TN385','',now(),NULL,NULL),
 (162,'TN386','c9de880f84bc8efb35bbb35183e5f837','TN386','',now(),NULL,NULL),
 (163,'TN387','eb3504d64781f4186f94897184326fab','TN387','',now(),NULL,NULL),
 (164,'TN388','ca8e351d27baf506a08673c4b2e96ce0','TN388','',now(),NULL,NULL),
 (165,'TN389','6636b28d53227b585648fcc9f4458d58','TN389','',now(),NULL,NULL),
 (166,'TN390','6333af3816e3435142cfe4f77bfb91bf','TN390','',now(),NULL,NULL),
 (167,'TN391','ca5bb87cfbac4a3dcc1e414c4154eee3','TN391','',now(),NULL,NULL),
 (168,'TN392','9cef0c55596ba7198d1e8b19ca1c0c8c','TN392','',now(),NULL,NULL),
 (169,'TN393','b8799e1f36ae1504dc6ccdfe5b02446d','TN393','',now(),NULL,NULL),
 (170,'TN394','04ff4127b262503a03dbb0ced948fbf8','TN394','',now(),NULL,NULL),
 (171,'TN395','7422c5e9827367b10c9b445c7cce6a48','TN395','',now(),NULL,NULL),
 (172,'TN396','bcb94858b4ecf06a149f86779461a0ec','TN396','',now(),NULL,NULL),
 (173,'TN397','9cf2988dc3f6c7343b61a1e35f498f4f','TN397','',now(),NULL,NULL),
 (174,'TN398','9b79877cee0f888380277aa6bb14f9c5','TN398','',now(),NULL,NULL),
 (175,'TN399','5901bff9f8732fd05434a55ac49f3aec','TN399','',now(),NULL,NULL),
 (176,'TN400','e7bb4d93dd8fc29b6ab52c0e88273299','TN400','',now(),NULL,NULL),
 (177,'A1','2ede140e685bcb4debb312341bec721e','Swetha C','',now(),NULL,NULL),
 (178,'A2','f2b0901d3a3bf259c37d44cfaec1f32c','JAYALAKSHMI.V','',now(),NULL,NULL),
 (179,'A3','0dfeb65b5601085a63954aff0ba353cb','Vignesh V','',now(),NULL,NULL),
 (180,'A4','c95c5e6c2802ad00d8f0f46f43b47179','PERUMAL.P','',now(),NULL,NULL),
 (181,'A5','ef0660f7f6de2795d1a64dab278c1002','B prem','',now(),NULL,NULL),
 (182,'A6','9c914df6d14cd40682bc6d43f30a8f7f','Arunkanth.R','',now(),NULL,NULL),
 (183,'A7','e8d9d322e9f93829c6ca70fd971533d9','Nithyasri .S','',now(),NULL,NULL),
 (184,'A8','8494b78d68e052130883c6062e7c1030','Niranjana.K','',now(),NULL,NULL),
 (185,'A9','0e7dc7bb7db75071b07b4a2066778650','NIVETHA','',now(),NULL,NULL),
 (186,'A10','d48e93d140dfc6fa26b6a18217af978a','Prem Kumar K R','',now(),NULL,NULL),
 (187,'A11','2f31957753b0d34582454bf565d8a772','S.B.Charan','',now(),NULL,NULL),
 (188,'A12','bb9cd442b1e46c5127ed91508aa48b0e','Divyalakshmi P','',now(),NULL,NULL),
 (189,'A13','6f5abfae2530da4137167b1b6b48ebba','B. V. Lakshya','',now(),NULL,NULL),
 (190,'A14','12890fa77de9533908c26c8cc25c444d','Meena .s','',now(),NULL,NULL),
 (191,'A15','a4d65ea90dcff248e6304f1a5fbcc91f','Aishwarya DR','',now(),NULL,NULL),
 (192,'A16','26d46614d87a6aab6aa1f619fa826ae8','S.AAKASH','',now(),NULL,NULL),
 (193,'A17','b4815a25d9a3c4b594df11700c582fcb','S. HARIS SRIRAM','',now(),NULL,NULL),
 (194,'A18','bf68407f6e301fecde8588a63d8a114d','N karthik sundaram','',now(),NULL,NULL),
 (195,'A19','41908116e1bff61db95e539658393370','C. Iniyan magesh','',now(),NULL,NULL),
 (196,'A20','04a6361fd8e8cf7d2fc48085f812e876','Ruba shree CR','',now(),NULL,NULL),
 (197,'A21','dc4c398fba8468a82701d72320ac4865','Rahul Dravid M','',now(),NULL,NULL),
 (198,'A22','2ef6614e52037be61259254a7165fafb','MOHAMED ASHIK N','',now(),NULL,NULL),
 (199,'A23','a4dd938197fe9905e27b54ca6f61e31d','Renuka M','',now(),NULL,NULL),
 (200,'A24','e71ab64498562017acb19367fcc4ecaf','Yokesh v','',now(),NULL,NULL),
 (201,'A25','8429b72776a8004ba0dae0efc40113b2','Sujith D','',now(),NULL,NULL),
 (202,'A26','bb0f7054590782d5428b3c2b29761d4a','S.Sanath Krishna','',now(),NULL,NULL),
 (203,'A27','57d396f3930b0bf191394f19a9c4f5d8','D.HAREESH','',now(),NULL,NULL),
 (204,'A28','5344d5b00687d8403ef5637712ddfbf3','NAVEENKUMAR','',now(),NULL,NULL),
 (205,'A29','5f61c67b6bee326d4d2e9401ce33ccd3','Ramkumar K','',now(),NULL,NULL),
 (206,'A30','0eb0a4442205f9701035704cef5b8c07','MANOJ KUMAR. V','',now(),NULL,NULL),
 (207,'A31','9858b633782d8453a45cdc8d8f0d9591','NITHESH KUMAR V','',now(),NULL,NULL),
 (208,'A32','b2941dcd9a7b7b718bd003081006e85d','ABINESH S','',now(),NULL,NULL),
 (209,'A33','3e74b19f83ee77a8b0051059dea85a28','MUKESH. S','',now(),NULL,NULL),
 (210,'A34','a7389fd8318daf20bd36b6fcc17eeeb8','V. M. HARISH','',now(),NULL,NULL),
 (211,'A35','3a089a4b1e87dc0f81f454d5a170ac93','Sathish v','',now(),NULL,NULL),
 (212,'A36','9c294381a787293db1eb94d213d1f3b2','ACHYUT M','',now(),NULL,NULL),
 (213,'A37','5709a474e4957ad341eed8e4e13ea514','Priyadharshini S','',now(),NULL,NULL),
 (214,'A38','8704f7683d928c1f3a9c5c91a69d4224','Shreeman.S','',now(),NULL,NULL),
 (215,'A39','66e8c23c295091ed5be7c63f699712e4','Yugendran. S','',now(),NULL,NULL),
 (216,'A40','06abb1062f8db04f800c4d459c756adb','Ajai.R','',now(),NULL,NULL),
 (217,'A41','4b9dd2966dd70a0b40477c62491a672b','PRIYA S','',now(),NULL,NULL),
 (218,'A42','3ae9c28bed0635c0c809c30ca6e7d38f','Krishna priya. G','',now(),NULL,NULL),
 (219,'A43','b401bb55ca6e0af637633c2026f63586','VISHAL C','',now(),NULL,NULL),
 (220,'A44','3f2e1109e1312991d0f2cc386ae8a07f','Naveen.N M','',now(),NULL,NULL),
 (221,'A45','2fcc77d9725c371ef2b4c38ae4272fe1','koushik','',now(),NULL,NULL),
 (222,'A46','5ba5e7fd9c2827a8df6f20dd07f085c4','Lakshman Prasath GN','',now(),NULL,NULL),
 (223,'A47','0ee925dc001ec20451eee328d8358dcb','BHARATH KUMAR .C','',now(),NULL,NULL),
 (224,'A48','fc23fd547a6d69b38cea25d7a7564b34','SATHISH S','',now(),NULL,NULL),
 (225,'A49','676c47664886d669bdc30b5aaaaef6f4','R.Akash','',now(),NULL,NULL),
 (226,'A50','8ff7ac50acfab8f0f2573a74c69a4f80','Charan santhosh','',now(),NULL,NULL),
 (227,'A51','e9d4d59ebef7fbf61f253a980d33bf0e','KEVIN RAJ D','',now(),NULL,NULL),
 (228,'A52','8f1ca9be3680b0183c0a40dac4bf23f4','M.santosh kumar','',now(),NULL,NULL),
 (229,'A53','f403cb02becd1a5adc307a93841fc56c','Vignesh r','',now(),NULL,NULL),
 (230,'A54','204e1da89697415de1b5e836d8bb1a82','Thirumal v.m.v','',now(),NULL,NULL),
 (231,'A55','afafb4e01a93f50792fe2da8cb518004','K.Dhanush','',now(),NULL,NULL),
 (232,'B1','d5eadf9de39f4ab874e10790daa3e3bb','ARUNACHALESWARAN. S','',now(),NULL,NULL),
 (233,'B2','6096f5a266b4c4c76f7a69f8cdfb47aa','S.PRAGDEESHWAR','',now(),NULL,NULL),
 (234,'B3','dc390619f1497fb4897b3f1fbf1a5fc7','Aarav','',now(),NULL,NULL),
 (235,'B4','8e2880ba2aba429f2e861b94c620ff0c','M.AARTHI','',now(),NULL,NULL),
 (236,'B5','715dc74ce15ecdb8af63e8429e7567c5','Sakthi Sanjai.S','',now(),NULL,NULL),
 (237,'B6','8feb3205fb843b72ad750e8d2453e508','LOKESHWRAN R','',now(),NULL,NULL),
 (238,'B7','9fb9138eab4a1c751aa58c48bd2be230','Jai Ganesh S','',now(),NULL,NULL),
 (239,'B8','61a64c1c81da9f2f3b26634ad2aa007d','LK Narain karthigeyan','',now(),NULL,NULL),
 (240,'B9','0b5babd6364424252d629f6ca7fac2dd','Sathya Narayanan K','',now(),NULL,NULL),
 (241,'B10','91ca056ce29c911100963e6f07ba03f6','HARTHI.V','',now(),NULL,NULL),
 (242,'B11','ce6edc0f5d25ebf6c8ca93165522f2b8','Baradhi kannan RB','',now(),NULL,NULL),
 (243,'B12','36d1a9f36f48e4a92e15bb014f287e3f','Thrilok D','',now(),NULL,NULL),
 (244,'B13','a541f8fa245c03d270046c2bdf53f3cb','Prithive S','',now(),NULL,NULL),
 (245,'B14','d7129f1d536652cbfae5286dcb47bd96','Karan N','',now(),NULL,NULL),
 (246,'B15','298d0b0efeb9abf7c62124c1af660907','bharath raj k','',now(),NULL,NULL),
 (247,'B16','d3e0a19146e4f62c5b4a830962ebc1bd','kaviyashree','',now(),NULL,NULL),
 (248,'B17','96d3febcedecc91f3cd36a5e141761eb','Pranati P','',now(),NULL,NULL),
 (249,'B18','1b86f8a1c5195862540439fdb47b41b1','Rindhya .K','',now(),NULL,NULL),
 (250,'B19','a489d2ac5a02b67454c01ced56cc6ca0','Keerthana S','',now(),NULL,NULL),
 (251,'B20','21c673ace2b39f993e3250f4f9b518e9','Tharun kumar U','',now(),NULL,NULL),
 (252,'B21','6669b287f4778f1d45c94d024fd7f036','Shyamkumar A','',now(),NULL,NULL),
 (253,'B22','a03e5a2656f9cae7ecf6cca696717884','Venkatesh P N','',now(),NULL,NULL),
 (254,'B23','7c37640eae911ea061151730cae7fd4a','Eshwar R','',now(),NULL,NULL),
 (255,'B24','9cfb3c56ce80aa3292a6825b6a9eb73d','Danush P','',now(),NULL,NULL),
 (256,'B25','f4d4f78fb97db87d11477d050279b4c1','Abinayasree R','',now(),NULL,NULL),
 (257,'B26','e60c2466e7a4a95d17cdf7e54c35fae1','Pragadeesh J S','',now(),NULL,NULL),
 (258,'B27','d961f5f4b459015c8dcf97a237a6c5d5','Tholkappian R','',now(),NULL,NULL),
 (259,'B28','458a7f7ee7e772325c64846e771936cb','Rajesh kumar.M','',now(),NULL,NULL),
 (260,'B29','18bc92af8a7b125f65893b7bd6a9d735','SHRIKANTH N M','',now(),NULL,NULL),
 (261,'B30','2f131db77667d4bd8f62c0153e44279d','Divya D','',now(),NULL,NULL),
 (262,'B31','ce63bab66e4aa069eb037e9a1d4439a7','Aravindhan P','',now(),NULL,NULL),
 (263,'B32','719138b7eee9ad1749f527dfdb91f151','KISHORE RAM G M','',now(),NULL,NULL),
 (264,'B33','4a9f0e6e842735607351ab5622e43c38','Malathy.S','',now(),NULL,NULL),
 (265,'B34','6d573be7477feb56ffdbad3c65a94ba4','VINOTH. D','',now(),NULL,NULL),
 (266,'B35','a9faf0f54ec0f2be22f443e9be5661d7','Arockia Pauline A','',now(),NULL,NULL),
 (267,'B36','4ae28640e0b0db553753faaee53b393b','PRABHAKARAN.M','',now(),NULL,NULL),
 (268,'B37','a615c2e4399777fbfca0c81adec695b9','Murugan R','',now(),NULL,NULL),
 (269,'B38','bdd8051a5edc1105a3fb7c4d1d27b8a9','G. vignesh','',now(),NULL,NULL),
 (270,'B39','6efe7d5702fa7c39261d1494c6815831','Aniruthan R','',now(),NULL,NULL),
 (271,'B40','f64524bf1990a95a8f91f70bbca86468','JAGADESH. S','',now(),NULL,NULL),
 (272,'B41','e53cc999fc0a5e72d1e2b9ea781cd8ce','PASUPATHI.R','',now(),NULL,NULL),
 (273,'B42','c1a6a8874fa9e497bb8f2f109b4ed746','SARANYA DEVI B','',now(),NULL,NULL),
 (274,'B43','94f924019428ed6cfbb5304a4810175b','DHANUSHA S T','',now(),NULL,NULL),
 (275,'B44','a616828ebef5f2414f700a43eac63539','NIVETHITHA P','',now(),NULL,NULL),
 (276,'B45','531c27070ad315e41ab310072c371f50','Kaviya S','',now(),NULL,NULL),
 (277,'B46','1f97ed3339a00c0754ce3f4551cb48b8','Jeyalakshmi V','',now(),NULL,NULL),
 (278,'B47','73423bc4be0f11256ce3ac5a5f061f65','Sivaranjani K','',now(),NULL,NULL),
 (279,'B48','3fd7fb0e9b20c35331f34ee3bed707b1','Karthishwari S','',now(),NULL,NULL),
 (280,'B49','43d78e095793a594e54c835f79342dd1','KOKILA V','',now(),NULL,NULL),
 (281,'B50','17fb58ff27f0393fb6dfabb262530fef','Vivek Anand V','',now(),NULL,NULL),
 (282,'B51','a59b66ef297cd13d5125b1fa172a41c1','Shanmugapriyan M','',now(),NULL,NULL),
 (283,'B52','c3e434bb9d4343a1a54a11729f0f8db3','A.MADESHWARAN','',now(),NULL,NULL),
 (284,'B53','ce7583badc9e19b722e9c5247c09dc44','Athira.R','',now(),NULL,NULL),
 (285,'B54','38a38c062358131a1049b1eba39734fc','VINISHIYA.R','',now(),NULL,NULL),
 (286,'B55','fa2f1bbeb5da9c28e2b5724bd47e40eb','sanjay D','',now(),NULL,NULL),
 (287,'B56','ca5745f12e0950c512d178239e404e9a','Fathima R','',now(),NULL,NULL),
 (288,'B57','d3c496d5aecd36ef317f87dff892d5dc','R.NAVEEN KUMAR','',now(),NULL,NULL),
 (289,'B58','b508bcd8cc99a5a2d7ba477026141e8b','D.V.MOKSHIN VIGNESH','',now(),NULL,NULL),
 (290,'B59','7da3b0adbb0a22170b11ab79d65ade7b','APARNA.P','',now(),NULL,NULL),
 (291,'B60','94cd8c87450a7ee55e433fe31ed77727','RAGHUL KUMAR.R.N','',now(),NULL,NULL),
 (292,'C1','8fcf93882ed92cec1ddab0ed14808367','KARTHIKEYAN M','',now(),NULL,NULL),
 (293,'C2','af125b1a9abb97f5c7392c4634403151','KAVI PRIYA G','',now(),NULL,NULL),
 (294,'C3','8f86f4d679529e678967b83db98c1bcf','SAI KUMAR S','',now(),NULL,NULL),
 (295,'C4','691a5e6b35bcced8c70d4b689b602027','HARINI SHREE S','',now(),NULL,NULL),
 (296,'C5','aa4aaa3987166750fb47471def307257','JOSHEKA U S','',now(),NULL,NULL),
 (297,'C6','da0a1e6755c37462af317e38f771322c','KARTHIKEYAN S','',now(),NULL,NULL),
 (298,'C7','619d8fb5ce23b22065852eb4f4019409','GIRISH V K','',now(),NULL,NULL),
 (299,'C8','632bb5a5d2e7cf8bf839f51a23c6be38','MONIKA P V','',now(),NULL,NULL),
 (300,'C9','bc773ff56fd6a478382f51faf2ccc448','YESWANTH S','',now(),NULL,NULL),
 (301,'C10','981dc529177dca21bb4f3f37cfaf4cf7','KAMALESH P','',now(),NULL,NULL),
 (302,'C11','0d5e02200b357f3315ee5a09890d063e','DINESH BABU  B','',now(),NULL,NULL),
 (303,'C12','b1fcb43dfc0b254fdc0ff030d9b0d160','RITHISHBARATH  H','',now(),NULL,NULL),
 (304,'C13','8a15ed19f00feee3ad32ee8193df6daf','ANANTHAN T','',now(),NULL,NULL),
 (305,'C14','3c4bb531c342b9d10371b44101f89b35','NITHYASHRI A','',now(),NULL,NULL),
 (306,'C15','106a4972258230be9bb102a319b9684a','KARTHICK S','',now(),NULL,NULL),
 (307,'C16','15c4b5081ff196df47d8f3dfd28d4af0','SRILEKAA B','',now(),NULL,NULL),
 (308,'C17','0df7e47fbd1784db1293823d019e1d8f','BHADRI NARAYANAN A J','',now(),NULL,NULL),
 (309,'C18','82810eec2f102057ee2d537cb6b6d95e','PRADHEEP RAJ B K','',now(),NULL,NULL),
 (310,'C19','b452fdf4f02c1c07f1400adb434e7f25','AVINASH M','',now(),NULL,NULL),
 (311,'C20','8a99f32f034f525a95b7df835080a0c4','SRIRAM A','',now(),NULL,NULL),
 (312,'C21','28f9738c4f855be47bc929440900550d','SUBHASHREE S','',now(),NULL,NULL),
 (313,'C22','3658db85e9b7a3d9a369858094e392a0','RAGAVI D','',now(),NULL,NULL),
 (314,'C23','fcbf0229bc8adb75a09de3a454ae1047','JANUSRI V','',now(),NULL,NULL),
 (315,'C24','fa05153c57ce48587b95b0111fd977fb','SUJAN M','',now(),NULL,NULL),
 (316,'C25','b82d85abadc1c7cb71800ea56e0d8113','YAGNYA NARAYANAN B','',now(),NULL,NULL),
 (317,'C26','91a78725fc956029d8cfd3e848bd4487','RAGAVI S','',now(),NULL,NULL),
 (318,'C27','16efba41b78090669673c7f1a91ccf37','JAI ARVIND S','',now(),NULL,NULL),
 (319,'C28','66452909b31987040b85987ec17bb078','ASWIN I V','',now(),NULL,NULL),
 (320,'C29','1aa6852993e1518b787c571369a4899e','NITHIN DAS E S','',now(),NULL,NULL),
 (321,'C30','1d59f729d35361e3f6c9c98c9efc22c9','PUSHKALA L','',now(),NULL,NULL),
 (322,'C31','1d0c1f115fa15e1a6b707d3c3d5985ba','AKSHARA B','',now(),NULL,NULL),
 (323,'C32','d0a35d25fa42aecc3fc4c71c89d19f8b','SRUTHI Y','',now(),NULL,NULL),
 (324,'C33','e4b5f1bef17dcd404cadafef8acadb54','HARI KRISHNAN M','',now(),NULL,NULL),
 (325,'C34','b143b4cb5e98f53ff1760db0fd81cdf4','RANJITH KUMAR  R','',now(),NULL,NULL),
 (326,'C35','c1bfff13d2bf2d80ea000570b26cfd3e','PRASANTH V','',now(),NULL,NULL),
 (327,'C36','2ce5d48d6cb083e152e880e08eb7e4ac','SHIVANI S','',now(),NULL,NULL),
 (328,'C37','88ea2e8a6a8192dd1df5bde22f93aee1','SAISRIRAM S','',now(),NULL,NULL),
 (329,'C38','0b70f85fb74a19bc2cc7522642d769e0','SHIVA PRASAD B','',now(),NULL,NULL),
 (330,'C39','0240ef07c2999a5a6e3277b4a925fa0e','VISHNU NARAYANAN K  J','',now(),NULL,NULL),
 (331,'C40','f53aa9e5c797d6eb29eeca7d1a5d7c64','ARUNACHALAMOORTHY P.P.B','',now(),NULL,NULL),
 (332,'C41','a32190953e7086a61d7f5666de638b14','SIVAPRAKASH P','',now(),NULL,NULL),
 (333,'C42','82b4af74564a80fcb6590353ed2a0d62','SRINATH V','',now(),NULL,NULL),
 (334,'C43','c15249c8e474cbaae159e34bdb2eaee6','PRASANTH G','',now(),NULL,NULL),
 (335,'C44','15fad8569432ad277c59e086b556232e','NANDINI M','',now(),NULL,NULL),
 (336,'C45','ec6a49e7206f3228e2da0326e7e3f862','DHANYA SHREE V','',now(),NULL,NULL),
 (337,'C46','e19d6596bd2b3fac132984f3f5479dab','VARUN N','',now(),NULL,NULL),
 (338,'C47','b09aee222ea974cf181bf8ae024065e8','LEENASRI L','',now(),NULL,NULL),
 (339,'C48','4a922ef287b2dc3f5f821cab5554e27f','SIVASAILAM A','',now(),NULL,NULL),
 (340,'C49','d6398c8cf3f57f75d92c075468c41a85','SANJAY M','',now(),NULL,NULL),
 (341,'C50','42e535bbcae6ac2386b2df243e1327f5','ABISHEK V','',now(),NULL,NULL),
 (342,'C51','709bd950cc72040817d7ca351b40b67e','JEEVA T','',now(),NULL,NULL),
 (343,'C52','573166b7e8bf8eb7180a955bc654e76b','SWATHISHREE M','',now(),NULL,NULL),
 (344,'C53','f06d64106f23b77c1db4370426fb3e70','SANTHOSH KUMAR M','',now(),NULL,NULL),
 (345,'C54','0f97508412c1bf4b7eda64322e45662c','SANJAY B','',now(),NULL,NULL),
 (346,'C55','b17c52c1928b1912242856a03af2c494','ARUN PRASATH H','',now(),NULL,NULL),
 (347,'C56','8c0f11748e9a5d6d88eeba25062dcec6','VIGNESHWAR R','',now(),NULL,NULL),
 (348,'C57','d1fc8c4d9799049a07435cc9a47a2496','RAKESH K','',now(),NULL,NULL),
 (349,'C58','bf3cf891791adac6d8c4b729e9a7bd5f','MANOJ KUMAR D','',now(),NULL,NULL),
 (350,'C59','3bf4b1b78e04debfa1611dcb050c4d6d','GOKULPRASATH B','',now(),NULL,NULL),
 (351,'C60','67ed888eeb7415fd1b7728755848a870','ARJUN S','',now(),NULL,NULL),
 (352,'D1','ac06078d4638a9bc9aa1ea8ddc0110d0','AKASH S','',now(),NULL,NULL),
 (353,'D2','62cca1f4f820bf9b077d3eb2049122e8','LOKESWAR K R','',now(),NULL,NULL),
 (354,'D3','b0e17c19199775259d409a95e49cae1e','PRIYANKA T','',now(),NULL,NULL),
 (355,'D4','b360890b90e3e7ecc4d5b043112bbdee','HARISH M','',now(),NULL,NULL),
 (356,'D5','7e015e3ed14067228004786f0281a295','MADHURKANTH K','',now(),NULL,NULL),
 (357,'D6','a5b5bc8c758338c9e5d6ca5ff7364f16','JAYARAJ P','',now(),NULL,NULL),
 (358,'D7','7cd8dca55e97bddd8d7d5b42a33567d8','DIVYA R M','',now(),NULL,NULL),
 (359,'D8','12ea08b130b0d3fad63c5826dd70a6c2','AKSHARA V K','',now(),NULL,NULL),
 (360,'D9','83d5db977c993572a2f6563012fc57de','DEEKSHITHA K','',now(),NULL,NULL),
 (361,'D10','42ff716e547573cae565e80e0f7a6100','SUNIL KUMAR R','',now(),NULL,NULL),
 (362,'D11','975b6730a29986b93bf6e4b7418431ba','NANDITHA P G','',now(),NULL,NULL),
 (363,'D12','9ec78d1faf2b76325769baa30841ad0d','PRASSANNA S','',now(),NULL,NULL),
 (364,'D13','486b976d333d32794eccc5fb82143065','SASMITA S P','',now(),NULL,NULL),
 (365,'D14','7b83cf7f2c4e50eba206499013aae10f','HARIPRIYA G','',now(),NULL,NULL),
 (366,'D15','af1421c71322dd03479957fcbbec6f10','MIRUTHULA R','',now(),NULL,NULL),
 (367,'D16','7b35e37ce9e428dd66b6975ac286c252','DHIVYAPRAKASH V','',now(),NULL,NULL),
 (368,'D17','7384508c6b5887103f7e4fe999408f53','HARSH JAIN M','',now(),NULL,NULL),
 (369,'D18','538dbdd4319c46daeede1e2c2af213bb','GIRISHKUMAR S','',now(),NULL,NULL),
 (370,'D19','dfa9bac82395455b1302662efa61aad4','HEMANTH KUMAR B','',now(),NULL,NULL),
 (371,'D20','eee60af1d227dde44acd238cd923739d','NITHISH S','',now(),NULL,NULL),
 (372,'D21','d9984ab72c7e3ab74cb86f4ddce9ebc7','BRINDHA M','',now(),NULL,NULL),
 (373,'D22','f3d7002e079ab0000859f0d20563a15d','DEVANAND S','',now(),NULL,NULL),
 (374,'D23','f47393d97464093b48f4addb5eb62bc8','DIVYA SHREE S','',now(),NULL,NULL),
 (375,'D24','2aadc88d512d740cec8c822af8d2d7f5','SANTHOSHKUMAR M','',now(),NULL,NULL),
 (376,'D25','f891d92e8f6b31b07fd99bc6912a651e','GOUTHAM D','',now(),NULL,NULL),
 (377,'D26','9d7b954ae92bfa992b9b19d76f526856','SHRI VAISHALY V','',now(),NULL,NULL),
 (378,'D27','645b36f9cb04c1970ab3f31554500b5f','ELAMARAN R','',now(),NULL,NULL),
 (379,'D28','b35dc3f90a54ac9816d64a66c53054b3','GURUPRASATH M','',now(),NULL,NULL),
 (380,'D29','118a633601f7f73e506e38b7d01872cc','VARSHINE N L','',now(),NULL,NULL),
 (381,'D30','4c0852a2b934500b53da506dfea3c4ff','HARINI H','',now(),NULL,NULL),
 (382,'D31','375cb4c21628b52ecde3dc5631cd0ea9','AKSHAYA KUMAR S','',now(),NULL,NULL),
 (383,'D32','03cf283f675a0a7667929a05d506db72','DHANUSRI U','',now(),NULL,NULL),
 (384,'D33','60292e3b0872b4c6728687dfe4cfba12','JEEVITHA T','',now(),NULL,NULL),
 (385,'D34','6eba2f8389053f4a8a368babffc0b9fb','KRITHIKA S A','',now(),NULL,NULL),
 (386,'D35','83aacce00fdc558c417f08dc292a4ad0','NAVEEN KUMAR S','',now(),NULL,NULL),
 (387,'D36','3afcb9d7d7085217c4ff609e95f14820','MADHUMITHA N','',now(),NULL,NULL),
 (388,'D37','a3ba5840a216780b62e958f8f7c94a5b','EHAB IMTIAZ','',now(),NULL,NULL),
 (389,'D38','20e7cf332f0053749bb8ae43779ad4e5','KEERTHANA A S','',now(),NULL,NULL),
 (390,'D39','e5a72de4b435a23b8beb32f86fbe4147','SRI HARI V','',now(),NULL,NULL),
 (391,'D40','35b216b63fb4481f2f840b698562fb11','SARATH S','',now(),NULL,NULL),
 (392,'D41','1637782ad0f9bee2c85b1e7cc6c65651','SRINATH K S','',now(),NULL,NULL),
 (393,'D42','5cd5dee9655fab3339c3deeb0bff3611','MEHAVARSHINI S P','',now(),NULL,NULL),
 (394,'D43','fa3352b0b3c29cbb61835315c0c499ff','DHANUSH KODI K','',now(),NULL,NULL),
 (395,'D44','75e07c0a1c38ad9d44c7f68a567a9167','NISHWANTH KUMAR D','',now(),NULL,NULL),
 (396,'D45','8a18e253ba41f5f90bd85bea5df8593f','GANESH J','',now(),NULL,NULL),
 (397,'D46','dfa823c35cefc8fb84df8d492f1636a0','AGATHEESWARAN P','',now(),NULL,NULL),
 (398,'D47','be951ee23ccdf734bd06400bbbf441a0','ABINAYA SRI M','',now(),NULL,NULL),
 (399,'D48','88e32ed79e861b1884eda9430c0c9819','PRASANNA VISHWANATH J','',now(),NULL,NULL),
 (400,'D49','4eb1e41aa51280a20b41b07c7ea42986','ARUN KUMAR K','',now(),NULL,NULL),
 (401,'D50','6def4949ee4aaf67c87e5dcfcb72d97a','SIDDHARTH SHIVRAM  DAVEY','',now(),NULL,NULL),
 (402,'D51','7fa908ad7c622233680b6ec1d36e49ea','MADHAV PRAKASH PAREKH','',now(),NULL,NULL),
 (403,'D52','fc315b163077c4a925b20f4c241d9c5d','NAVEEN SAYEE  G','',now(),NULL,NULL),
 (404,'D53','c343a4086d84be61c78e5664b71ea29c','LOKESH K','',now(),NULL,NULL),
 (405,'D54','ecc1c50d5ab2f33096a33f4a42f57815','LOKESH KUMAR K','',now(),NULL,NULL),
 (406,'D55','e4589126f2fff6ecdb36b9c0386a9335','SREE C H','',now(),NULL,NULL),
 (407,'D56','8f1d119fdf0036d6bdb07e7b4f1ba0b9','KRISHNAKUMAR R','',now(),NULL,NULL),
 (408,'D57','4e074ee7596e194e672a17c65325e8e4','VISHALI R','',now(),NULL,NULL),
 (409,'D58','f399aabcd33ccad4ca95c9a2f8093c44','ARUNA NANDHINI R K','',now(),NULL,NULL),
 (410,'D59','f16fd88bbdceb1f4b50f997c59dba31d','KIRAN KUMAR S N','',now(),NULL,NULL),
 (411,'E1','11b1fe0d2e894d386dd87015e4a93b55','N.Saranya','',now(),NULL,NULL),
 (412,'E2','2db5385ac93711ae2b5175e3caafc0b3','Nalin  Bhutra','',now(),NULL,NULL),
 (413,'E3','7ea5cb4c465b9ac1cefd11961e9a40c8','Kavyansh Sharma S','',now(),NULL,NULL),
 (414,'E4','0ca8cd6740646470cd93c715705c517c','Jai rupesh k','',now(),NULL,NULL),
 (415,'E5','e7ddb328d038b85bd5579e7458180e48','N.Rajeshwari','',now(),NULL,NULL),
 (416,'E6','33784502629ea185942c5571353e1687','Nivetha.S','',now(),NULL,NULL),
 (417,'E7','15eb04f30a68972a325093e2f92adc63','Sowmiya.v','',now(),NULL,NULL),
 (418,'E8','4ebf61a1b0c10e6eee8c33e925c11e4f','S.keerthana','',now(),NULL,NULL),
 (419,'E9','2f362a2d6332f7c539e6cdc2c4fe886f','Mega. R','',now(),NULL,NULL),
 (420,'E10','718490cfc5f7bd91cb3930c27522b9b5','Urvashi Bhutra','',now(),NULL,NULL),
 (421,'E11','32f49ad9ada6965b3c75b5cc503c1815','DINESHKUMAR J','',now(),NULL,NULL),
 (422,'E12','51aa15f52bce06671d6af759fc8017f6','Dhivyesh.C','',now(),NULL,NULL),
 (423,'E13','6501f27f32d0defbe73e98ebb4e95c28','S Madesh','',now(),NULL,NULL),
 (424,'E14','04d01e2d781ec7515b8239e549a678df','Sasi Subikshan','',now(),NULL,NULL),
 (425,'E15','d07a7844e323bc85f47b5eb3377fbeec','Dhwani Bagada','',now(),NULL,NULL),
 (426,'E16','d15aa9e188ed54eee761d7d9fdda73e7','Harakesh','',now(),NULL,NULL),
 (427,'E17','f29b21357275c96e5e423a0d79cc4482','Swetha B.M','',now(),NULL,NULL),
 (428,'E18','ee808a8c976e51feed93cfce17cbf79b','Mothika','',now(),NULL,NULL),
 (429,'E19','5261a9ce26032c312d6a626a4681eded','Krishnakanth','',now(),NULL,NULL),
 (430,'E20','335897493391aba569d7099e234d2e7f','Varshini','',now(),NULL,NULL),
 (431,'E21','9d5ddc9ae357bdd2d61d0abccc1b484e','Priyanka','',now(),NULL,NULL),
 (432,'E22','c52214e3ea271a574f739a0a02db44f7','Mahesh Kumar','',now(),NULL,NULL),
 (433,'E23','cf0c9d28def040ac8abb2fa2d0f4943d','Amrutha Varshini','',now(),NULL,NULL),
 (434,'E24','f3ff36652efedcc6afa6b71859d15a02','Nithiya Sri. S','',now(),NULL,NULL),
 (435,'E25','679d775006477b85e67959110c28804d','Thilak.S','',now(),NULL,NULL),
 (436,'E26','a031b1a3bd3febeb5cd1d8767ebd0dba','Hemant Sri Kumar','',now(),NULL,NULL),
 (437,'E27','4073b55002b7356090373b201dbbfa21','Mythreyan','',now(),NULL,NULL),
 (438,'E28','5ff413d9139b1e8d5d9a124f35a0a5b6','G.Madhusudhanan','',now(),NULL,NULL),
 (439,'E29','e2c06103c7f849c70a2ec5b61502fe28','Anant Gautam','',now(),NULL,NULL),
 (440,'E30','8900b8d95b5a9c01294a5c98a7c2008f','A Yash','',now(),NULL,NULL),
 (441,'E31','ef151ae2338891fa89223f56cbc8c73f','SUBASH C','',now(),NULL,NULL),
 (442,'E32','6df30fd7e6a62f36dcc88f3041064733','Srija N','',now(),NULL,NULL),
 (443,'E33','481d8f1a49a0461a9664ddeb8eabf915','Thirish Kumar A','',now(),NULL,NULL),
 (444,'E34','5de26896c99b1e84f039841048225f22','Nanda Kumaran C','',now(),NULL,NULL),
 (445,'E35','1f5b192a0db8acdc66f1a4135bfa6916','Bhavya P','',now(),NULL,NULL),
 (446,'E36','aba0328448cda82d125ee3acccefc34e','Sai Manikandan S','',now(),NULL,NULL),
 (447,'E37','2615ae4abc1066a1955e2906bb36c623','Dinesh Kumar K','',now(),NULL,NULL),
 (448,'E38','3925fd0aede0f2af807f9a0b1f99dac3','Deenadhayalan','',now(),NULL,NULL),
 (449,'E39','9372c571c2ad11c1ca7f8b9bb49150f1','Abhyankar M','',now(),NULL,NULL),
 (450,'E40','c3f8ae97219b1c38687a815a3670cd3e','Reshmi S','',now(),NULL,NULL),
 (451,'E41','992260439f529dbede3679624f18f0db','B Navanesh','',now(),NULL,NULL),
 (452,'E42','5e8a8a23dc921b4f63a1e40087b2cb34','Karthikeyan S','',now(),NULL,NULL),
 (453,'E43','510b3646fd8feb900a3f0a54076b23eb','Lingeshwar  P','',now(),NULL,NULL),
 (454,'E44','de0e0b0a023375c08f9ab153e481f1a4','Lavanya M','',now(),NULL,NULL),
 (455,'E45','bb966fc2ee24dec995667e2938a5e553','Vikash N','',now(),NULL,NULL),
 (456,'E46','6c318dc4756fa80379f537cd50af7837','Aishwarya','',now(),NULL,NULL),
 (457,'E47','1156a054a95087decce2c16e47ac6a1a','Amirtha  M','',now(),NULL,NULL),
 (458,'E48','45e60a75d4436b77f1868e943963dc18','Subhashini R','',now(),NULL,NULL),
 (459,'E49','9a2e886cbf988a75ba4e1bde42b5e28d','Pavankumar J','',now(),NULL,NULL),
 (460,'E50','6be3bf94b300e898a2db61e50aded810','Aswath D','',now(),NULL,NULL),
 (461,'E51','f6fb01fbb1a8229a06868693fb3ffef2','Kishore Kumar M','',now(),NULL,NULL),
 (462,'E52','36c84153cb2dc8e4203073f5336114c7','Vishal J','',now(),NULL,NULL),
 (463,'E53','c63ad94a870699f89f196ebb3e258065','Richard Benjamin P','',now(),NULL,NULL),
 (464,'E54','f8c4cef13466468ce609ce2abe9bad71','M. Mahalakshmi','',now(),NULL,NULL),
 (465,'E55','29dc6a215b58f3428a1e3a3abd867ea1','D.Sangeetha','',now(),NULL,NULL),
 (466,'E56','3d895a5463dc99c11325db270a4c9823','Pushba Latha.R','',now(),NULL,NULL),
 (467,'E57','39d108ddc58ef7208ce49609fa6fb4d7','S.Siva Ranjani','',now(),NULL,NULL),
 (468,'E58','7a0ba625ab1c7a0d16858bf899ef11de','G.Dhanush','',now(),NULL,NULL),
 (469,'E59','30fd659f901103ce7ad9b6b962a4bb7f','ISHWARIYA B','',now(),NULL,NULL),
 (470,'E60','10eaa1e04608a412d5f83d71c9a05a65','AR.Visalakshi','',now(),NULL,NULL),
 (471,'E61','439bacb4e24d195255bf98c81a36623a','S.Pavithra','',now(),NULL,NULL),
 (472,'E62','434f87c8f5f7cad4085b03691acaeada','A.Mamatha','',now(),NULL,NULL),
 (473,'E63','998d303e4f5daee45fb895fe7234fcc4','H.Shrimathi','',now(),NULL,NULL),
 (474,'F1','5c6ff6d9de868e56c2520e9a7ac64605','KARTHICK D','',now(),NULL,NULL),
 (475,'F2','1c14052892d14ca395b29d6da79e3e77','ROSHAN KUMAR PANDIT K','',now(),NULL,NULL),
 (476,'F3','ea1272be6458dbba733c5886610442bd','SRIKHANTH R','',now(),NULL,NULL),
 (477,'F4','37741afbd7d6fbd72816eae77e5c6e65','RISHI ABINANDHAN S','',now(),NULL,NULL),
 (478,'F5','b5d5fe5bcf9c634dc02656cc6d630f31','NAVEEN KUMAR V','',now(),NULL,NULL),
 (479,'F6','24b665d3a806629113463b1901f3ba72','HARINI K','',now(),NULL,NULL),
 (480,'F7','c2c0c7dc0194cb18ac96cdacc9907088','MONIKA D','',now(),NULL,NULL),
 (481,'F8','98d6a996226de80cc98c752e75fef7cd','KAVI PRIYA K','',now(),NULL,NULL),
 (482,'F9','9754252bb5251426d9b134604950a5d1','KRISHNARAJ L','',now(),NULL,NULL),
 (483,'F10','c43882579c7869ef906cc6043d9aff21','AJAY KUMAR K S','',now(),NULL,NULL),
 (484,'F11','7c30cdfe2ece22fd331cc4d781ddc2e0','PRASANTH M','',now(),NULL,NULL),
 (485,'F12','8704f7683d928c1f3a9c5c91a69d4224','MEGHNA  LODHA  A','',now(),NULL,NULL),
 (486,'F13','5822326f1bbbad84c1369ed538805770','PRANAVANESH V','',now(),NULL,NULL),
 (487,'F14','d1dc04955418ff6b54d7713df1206f2b','SRAAVAN N','',now(),NULL,NULL),
 (488,'F15','4cc3f30ad849516a1fa3eefca48ab170','ASHWIN PRAKASH S','',now(),NULL,NULL),
 (489,'F16','8d2f81f7927d8879a688b13710be63e2','MOHAN RAJ J','',now(),NULL,NULL),
 (490,'F17','3976e9646e2b1556888347974d7ecb68','SAI KRISHNA G','',now(),NULL,NULL),
 (491,'F18','83c9f5692281bf59471b13dfddb3af91','LAKSHYA L JAIN','',now(),NULL,NULL),
 (492,'F19','21f51ce556fd14d756455e5519b5a4c2','NITHYA KUMAR R','',now(),NULL,NULL),
 (493,'F20','cff8029ebf9356030d94b9408e4156f7','PAVITHRA M','',now(),NULL,NULL),
 (494,'F21','1ad8120d2b1597023c1d521d63469544','GOBI KRISHNA V S','',now(),NULL,NULL),
 (495,'F22','01596fc2b34a9606a3ceb9531ee50895','ROSHAN KRISHNA S','',now(),NULL,NULL),
 (496,'F23','779237e7ffb5ab9422807f451ad92acc','DHEERAJ S','',now(),NULL,NULL),
 (497,'F24','ff7fb9c79fc9f0be1651f10e31d8b26f','SHRI VARSHINI P','',now(),NULL,NULL),
 (498,'F25','008459d2999eb84a992b11b8b43492f2','SESHAGOPALAN K S','',now(),NULL,NULL),
 (499,'F26','eb1b44f4fe50b4fbfa251b6e69079058','RACHAL MERLIN D S','',now(),NULL,NULL),
 (500,'F27','db1c5d2c58a3108f724221b42ff427a1','DEVINDRA M','',now(),NULL,NULL),
 (501,'F28','ef2af387c580692d05235fbda6291648','LINGESHWARAN SV','',now(),NULL,NULL),
 (502,'F29','e6a8906540fbbcefd9ec9b667b5b0aaa','GOKUL RAJ R','',now(),NULL,NULL),
 (503,'F30','0bcd35defefcfca97711312231bdb3f0','LAVANYA CHANDRA J T','',now(),NULL,NULL),
 (504,'F31','f11f8ab96500ec743144c93a724da2b8','MAGESH G','',now(),NULL,NULL),
 (505,'F32','395c286431d1b72622935f2aa10921a2','SHANMUGANATHAN S','',now(),NULL,NULL),
 (506,'F33','c1fb9f007c62d2d6a1b52ea3f40bd3f1','ABDUL AJEEZ N','',now(),NULL,NULL),
 (507,'F34','c2c8e3b637020bede070d9ecfee7f7b2','HEMANTH B','',now(),NULL,NULL),
 (508,'F35','9aba50a1a33a6b15048e268e9cfbd16d','YUVARAJ V','',now(),NULL,NULL),
 (509,'F36','89a15fce6031450c6b0bc5bb58de1405','CHANDRA SEKAR G M','',now(),NULL,NULL),
 (510,'F37','bc456ba814a15b8dbe8a7fb722179d36','YASODHA C','',now(),NULL,NULL),
 (511,'F38','892a8d41fe513ecd2d839f15e2269a6a','SURIYA KUMAR P','',now(),NULL,NULL),
 (512,'F39','3a1645172ca39a2e0690a95fd3e1368e','JAYARAM S','',now(),NULL,NULL),
 (513,'F40','43118d59ccd20a4262d28cc518d6d844','BARATH B','',now(),NULL,NULL),
 (514,'F41','a0173237e87238a1e35bbe59ebd8f239','DHANUSH M','',now(),NULL,NULL),
 (515,'F42','ddcc42bcf4b89f7d290887c9811bb927','ROHAN A','',now(),NULL,NULL),
 (516,'F43','82c80a586b71f4ed3407189b7e20e7d3','KAMU K R','',now(),NULL,NULL),
 (517,'F44','243b94bed741d109dd0cbc069073391b','BHUVANESH G','',now(),NULL,NULL),
 (518,'F45','5bf301b4f7e53301344dd7c0a73a2932','KAMALESH J','',now(),NULL,NULL),
 (519,'F46','46fe2b10bd1782dd174cf7110c0de53d','MOHANDAS P','',now(),NULL,NULL),
 (520,'F47','3f7162b6904ab5028dc57e362c6f9fa5','HARISH KARTHICK  A','',now(),NULL,NULL),
 (521,'F48','42cd32f025cee0b13920f54a01258bbe','MANOJKUMAR V','',now(),NULL,NULL),
 (522,'F49','ec5ebe1b6fe0f16158adaf8b5e5de149','KRITHIKA J','',now(),NULL,NULL),
 (523,'F50','b7fc69da2c1ae2b88473c3043c733d40','SHREYA M','',now(),NULL,NULL),
 (524,'F51','414c5085afda21cae63e45803affdb43','Pratikalpa RJ','',now(),NULL,NULL),
 (525,'F52','5dff468bc4ff7a71cd57c4bc38175bef','Harish kumar R','',now(),NULL,NULL),
 (526,'F53','fda5329c65a6d129b4602f79d423b2ec','Logeshwaran PS','',now(),NULL,NULL),
 (527,'F54','e73253447870f351651278e404726c0c','Preethi V','',now(),NULL,NULL),
 (528,'F55','8007cb9719e4149717719b1b2e90505b','M Kannan','',now(),NULL,NULL),
 (529,'F56','6b0b92fa3dbacf4abfe7ee5667706e6b','R swathi','',now(),NULL,NULL),
 (530,'F57','07b1962ae3aca8d91059e818b3bce1d9','Keerthi J','',now(),NULL,NULL),
 (531,'F58','a9298b8a944778ba567fc1b4e3117398','Monishvar E B','',now(),NULL,NULL),
 (532,'F59','f1c30576fde40a6474ecc110799151d6','S. Christon Manuel Raja','',now(),NULL,NULL),
 (533,'G1','63ac08fd2e224af3fe3348d8d9af1808','SAI CHARAN R','',now(),NULL,NULL),
 (534,'G2','ee5caca419a5df57ffd9d53dbfaa971a','DHEIVEEKA NACHIYAR P','',now(),NULL,NULL),
 (535,'G3','ffc7b91542e1e01bace700ef20837cb7','JANARTHANAN S','',now(),NULL,NULL),
 (536,'G4','a3d8c5575754cf0f9c14fe0379550614','KAPILDEV R','',now(),NULL,NULL),
 (537,'G5','725e5299df0c03388594cbd6e4f34137','DHASARATHY B','',now(),NULL,NULL),
 (538,'G6','dcb030cc67ef3865f821747b68e98aa3','RANJITH M','',now(),NULL,NULL),
 (539,'G7','8daec4e7167470cba91cbcbf4c3fd690','DHANUSH A','',now(),NULL,NULL),
 (540,'G8','21be262cce501d9ecc6d2fed4699bbd2','LAKSHMI PRATHA S','',now(),NULL,NULL),
 (541,'G9','83f12a72495f6f6d2c33cd8a754afaf6','DILIP','',now(),NULL,NULL),
 (542,'G10','c38d9166a534a6e8e2251d21835c6059','RUDRESH H VYAS','',now(),NULL,NULL),
 (543,'G11','5f1f9245af025fee5f1c6322ed9d3a63','HARSH GOEL','',now(),NULL,NULL),
 (544,'G12','28870fb558afa7f27825c67dd3f59cc9','HEMANTH T','',now(),NULL,NULL),
 (545,'G13','05ec40ffa84c71474ea4c534b115e8e8','SANTHOSH S','',now(),NULL,NULL),
 (546,'G14','53409d92d30acb2822ac7b24787f8089','VARSHITH S J','',now(),NULL,NULL),
 (547,'G15','cf60361deccf85da9d1dac102ee167b5','HAYAGREEV PARTHSARATHY','',now(),NULL,NULL),
 (548,'G16','bca4506d6ff3646c9c5b6af08fe0bb9d','JEEVANANDAN B K','',now(),NULL,NULL),
 (549,'G17','a8db197500754034f2eaa679252bdc9d','HARISH.R','',now(),NULL,NULL),
 (550,'G18','459c40ce7818314c53e378c54ee90e67','DHEENAN R','',now(),NULL,NULL),
 (551,'G19','4d91dbf5c697ed0b438b3dc40be03b8b','VIGNESH SAI','',now(),NULL,NULL),
 (552,'G20','0e8bdfc28bae58a2bac95498a7e3863c','KAMALI R','',now(),NULL,NULL),
 (553,'G21','63ef43ca91d8a7a9e129a340bc2e16fe','Deepika v','',now(),NULL,NULL),
 (554,'G22','7880141be2c1d333fc1880a8a49d7c36','Thakshina GB','',now(),NULL,NULL),
 (555,'G23','bd7d492d9c89fe8430ddde58e4877c9f','Sanjeev R','',now(),NULL,NULL),
 (556,'G24','e70d85ab4c64576a6e49e4830b975441','Ramya.B','',now(),NULL,NULL),
 (557,'G25','348c3c70f4178d4d44606fbfa58df1d4','S md jamal','',now(),NULL,NULL),
 (558,'G26','0ca509aef0d68fa8e40d82c19af26b77','Giridharan S','',now(),NULL,NULL),
 (559,'G27','0fb0d9d8d395c90aecae8ae55ae85e86','Yathish.V','',now(),NULL,NULL),
 (560,'G28','025a908903aa3cc6df40b1850e9966d4','Vaseegaran B','',now(),NULL,NULL),
 (561,'G29','61fc9be661d0456266a44437dc0a75fa','S. M. LAKSHMANAN','',now(),NULL,NULL),
 (562,'G30','40cbcda7266205444f9f0f5e2c571775','SURENDAR. D','',now(),NULL,NULL),
 (563,'G31','cb743fed4f2bb59f1fbd4e9f3568d984','Niranjan K','',now(),NULL,NULL),
 (564,'G32','85d755437c400a27360854112c65a959','Anush R','',now(),NULL,NULL),
 (565,'G33','90fbcbc178390cd1fbd5cec109f3a026','Abisha.P.V.','',now(),NULL,NULL),
 (566,'G34','eac173cae274e55072dbc1491868150f','V. Pranava','',now(),NULL,NULL),
 (567,'G35','01564e96c238c2305d7fd8560a09679a','Reena. S','',now(),NULL,NULL),
 (568,'G36','0d1ebcdf362562df610c996d1f42f629','M.Priyanga','',now(),NULL,NULL),
 (569,'G37','5a74dd5669edb0e08995568c338c9d76','Sorna Kumar V','',now(),NULL,NULL),
 (570,'G38','ecb0983e8b23c62b8810657689b8da1e','B. Logeshwari','',now(),NULL,NULL),
 (571,'G39','9c79c37c15df679c51cfe13500d6abb9','Nivetha k','',now(),NULL,NULL),
 (572,'G40','1905063316e7c42d4eb7eab735497e5c','A. Hema Abinaya Priya','',now(),NULL,NULL),
 (573,'G41','2ef9184789a137368982a22685123f27','Preethi S','',now(),NULL,NULL),
 (574,'G42','2e66ba374fd69e93d8a56bc2016ad16e','Vijayalakshmi.k','',now(),NULL,NULL),
 (575,'G43','d1a8b40935a31db679a4238ab29cefec','J. P. KOWSALYA','',now(),NULL,NULL),
 (576,'G44','a7c9a851feb5f1434b50b869832dd1e1','Lakshmi priya.M','',now(),NULL,NULL),
 (577,'G45','4570e48697db135cd73224ca77709f19','S SUBASRI','',now(),NULL,NULL),
 (578,'G46','de16253e53e6ec1de34b66c22ace3a8c','M. Logeshwari','',now(),NULL,NULL),
 (579,'G47','7f5c6eb89a5ebe941e306b65bee7505b','Anusuya R','',now(),NULL,NULL),
 (580,'G48','e7c81ab66c4e07c476e67e7da27b7807','Lavanya R','',now(),NULL,NULL),
 (581,'G49','82d035e6282251b41786c54089f44328','SUREKHA S','',now(),NULL,NULL),
 (582,'G50','36f555bf88f0f47662e2ea529e4bcf8f','C. Harinee','',now(),NULL,NULL),
 (583,'G51','f491bd960a2fa2d934d268839aff09e2','Muthu Karthika S','',now(),NULL,NULL),
 (584,'G52','8e1730619c2b62563f03b768eda45c9e','JAI KISHANN A S','',now(),NULL,NULL),
 (585,'G53','338b685a54f6631bc6cde578039c879f','Kalaivani P','',now(),NULL,NULL),
 (586,'G54','76e9f587dde79588dda6b2cbfaebadfb','M.Pragalthy','',now(),NULL,NULL),
 (587,'G55','d913ace606cb782623992f1202b463f8','Jayapraveen.K','',now(),NULL,NULL),
 (588,'G56','1197f26fcace539df504bd170716236a','Ahygrev.S.T.K','',now(),NULL,NULL),
 (589,'G57','6b7d60c136151064cf473ec49a9e2da4','R.Sushmitha','',now(),NULL,NULL),
 (590,'G58','b768142f53342798915824dad81ae507','Priya dharshini V','',now(),NULL,NULL),
 (591,'G59','82a9ed02056076e42c74544af1a2515e','S R Lakshmi priya','',now(),NULL,NULL),
 (592,'G60','4bd32015f5b693eb3509388137814f24','Shayaarthi Muralidharan','',now(),NULL,NULL),
 (593,'G61','15222ab64a36e8dc2104a37113127d8e','RUPALI RAVINDRA PHADTARE','',now(),NULL,NULL),
 (594,'G62','e04f94d67296596b3ad1d411205b9607','Janaki. R','',now(),NULL,NULL),
 (595,'G63','0c3775466321f1842efb71cd81057319','MEENAKSHI SUNDARAM C','',now(),NULL,NULL),
 (596,'H1','b1ce96d56fd9d6c3d56cd94b8e88eec1','Meera priyadharshini.K','',now(),NULL,NULL),
 (597,'H2','75e2dea88131059efd04d2f3798b3663','Soniya. S','',now(),NULL,NULL),
 (598,'H3','58518163c501361872cd5c7feba3ec10','S.Reshmaa','',now(),NULL,NULL),
 (599,'H4','6dae08f69e7c1fcc0ad69614c953886f','Harini R','',now(),NULL,NULL),
 (600,'H5','dbfa5c965d84218516fdc8febde799b5','Shalini.U.K','',now(),NULL,NULL),
 (601,'H6','bfb219bdc744f923a1e7e7e88b967945','S Navena Kumari','',now(),NULL,NULL),
 (602,'H7','c8ecfa957fd2423726b762ca8e9d3d1d','R HARITHA','',now(),NULL,NULL),
 (603,'H8','206ab6a11a1bef7991b38f55509cdc82','Anjali kumari. S','',now(),NULL,NULL),
 (604,'H9','41a9a87b8e823952822c2a95b665a2f8','SAKTHIVEL.R','',now(),NULL,NULL),
 (605,'H10','9ff91ddb007ed918d69dea63bc05a76e','V. ASHIKA','',now(),NULL,NULL),
 (606,'H11','8684da5fd3eab02e5213a8875a09b600','DURGA PRASAD','',now(),NULL,NULL),
 (607,'H12','ddd942385e987627fab1e9120cd3b37f','R SANTHIYA','',now(),NULL,NULL),
 (608,'H13','add93f5baeab8859f66d423499236dd5','Ashwin. S','',now(),NULL,NULL),
 (609,'H14','b6ea59aa81f2688bf3f9d371d5d64130','Swathi.R','',now(),NULL,NULL),
 (610,'H15','36cd3e4741013db4193a23e9447ffcc2','K.JAYASABARI','',now(),NULL,NULL),
 (611,'H16','c7736c774bb3b391525990649aa3a1d9','KEERTHI KUMAR V','',now(),NULL,NULL),
 (612,'H17','d1ac12d9c9d303536b20ba16a4ef1efb','DILIPKUMAR N T','',now(),NULL,NULL),
 (613,'H18','d226b4ff6c289c48f372b1351892da86','R LITHESH MANI KANDAN','',now(),NULL,NULL),
 (614,'H19','3b6d3c728e10cf8a3a9c04c2a957d271','LALITH','',now(),NULL,NULL),
 (615,'H20','2e5a9107ae67bedb4ab1c75c0f55fd20','Madhan G.R','',now(),NULL,NULL),
 (616,'H21','7a7e203ad7f0eb5b5343547153217836','G N DHANAVANDHAN','',now(),NULL,NULL),
 (617,'H22','1502304f6dffdf69636ddac8ffc9a06d','S.SOWNDHARYA','',now(),NULL,NULL),
 (618,'H23','0d53285f9581abbe3e95b2ce6769bb26','MONISH T N','',now(),NULL,NULL),
 (619,'H24','06e2000122a7b1d855e1435dbebd57e0','Thanusri K S','',now(),NULL,NULL),
 (620,'H25','68950ea9a6ce99a5dbe385b574f33b98','Ajay.R','',now(),NULL,NULL),
 (621,'H26','a5ad9c56af0643870c244d541c6c383e','S.Kiruthiga','',now(),NULL,NULL),
 (622,'H27','55869aa3fe9498b57f29e717d10acc6c','Dhanush Kumar S','',now(),NULL,NULL),
 (623,'H28','192c7e482190cfbfa524e9c3dfadd460','Kedarnath P','',now(),NULL,NULL),
 (624,'H29','e10572bd3a4172433691696ecc24ebf2','K.G.Hiren','',now(),NULL,NULL),
 (625,'H30','784d7572addac272ae0d808d1067b62b','J Shriram','',now(),NULL,NULL),
 (626,'H31','8bd79de41b37521147c0bb8b7c8501c2','VijayaVishnu TM','',now(),NULL,NULL),
 (627,'H32','85233a264d21eaf1cadfc37908aacbaa','Sasmita. J','',now(),NULL,NULL),
 (628,'H33','494041e9288cad46d5175fdeda473b33','Bavadhaarrani j','',now(),NULL,NULL),
 (629,'H34','8504aed696d072bfdb0b895436998fc0','Sarvesh Kannan S','',now(),NULL,NULL),
 (630,'H35','1b426ccacd4d908a52bd9f189781e3b6','M Kalai Vani','',now(),NULL,NULL),
 (631,'H36','36f045e4cc72cc2c56b640423d0d63e8','Amruth S K','',now(),NULL,NULL),
 (632,'H37','f2c88c93580a84b288c798b816bbcee7','L. Yuvashree','',now(),NULL,NULL),
 (633,'H38','2ff4cdd4b7f596cc9723c090640b57db','Nithish kumar. E','',now(),NULL,NULL),
 (634,'H39','517ba331477519de73a3c00dda5391a7','KEERTHI SRINIVASAN BD','',now(),NULL,NULL),
 (635,'H40','8cd2cdb25d7df5b659f6e83bb864428a','Anagha. A','',now(),NULL,NULL),
 (636,'H41','7e7a2055e996204287df47d0ab4e9909','Vignesh R K','',now(),NULL,NULL),
 (637,'H42','6a835e04445176d81b2068f02d4f885c','S Arunkumeren','',now(),NULL,NULL),
 (638,'H43','b9962dd307b655d6efd35fc40d94319c','Domavarapu Naveen','',now(),NULL,NULL),
 (639,'H44','a1bd9322a0b7d583716cb70c3f5a142f','shivaram','',now(),NULL,NULL),
 (640,'H45','607dd7f78e12116f6ce381217819b675','SUSHMITHA U','',now(),NULL,NULL),
 (641,'H46','540a5fc02a23327b20c313ae890a3ed6','MADHU MIDHA V','',now(),NULL,NULL),
 (642,'H47','96b5cb4e4f44a828f04a4d3a5620266f','G.Gayathri','',now(),NULL,NULL),
 (643,'H48','f5c56af0eccb3b4d8a1130029bb4e5cf','Devakumaran.V','',now(),NULL,NULL),
 (644,'H49','66b2b6eb07c9bf96c5caab17a3d69aeb','Madhumitha GR','',now(),NULL,NULL),
 (645,'H50','24a04491b9b8a29ebf2fb65a6a340fc5','Sanmai Ravindra Marla','',now(),NULL,NULL),
 (646,'H51','04a8dd2660a8f8f172ac014b0237ee1e','Naveen kumar v','',now(),NULL,NULL),
 (647,'H52','99261fffdf5fd5b3970fcf64133357c7','J. DEEPIKA','',now(),NULL,NULL),
 (648,'H53','68b0f0596900fcc7b9260aa41e0e5560','V.Ezhil','',now(),NULL,NULL),
 (649,'H54','a4622c7d11be6c6a5f8c3c52320105af','M. Abirami','',now(),NULL,NULL),
 (650,'H55','128015da8171f40eb28098917de55175','Thiyagarajan V','',now(),NULL,NULL),
 (651,'H56','874d0296adbb84a1c869298b0ed424ee','NANDHAKUMAR A','',now(),NULL,NULL),
 (652,'H57','54e0bdcda7b0d8dc68a56e5595984808','JASHWIN J','',now(),NULL,NULL),
 (653,'H58','fe2fdcc6ec6a1ac4615fb7dfe06584c9','MANIMARAN S','',now(),NULL,NULL),
 (654,'H59','50752238dc0f4793995deb586f6b47e4','NANDAKUMAR S','',now(),NULL,NULL);
INSERT INTO `users` (`UserID`,`UserName`,`Password`,`Name`,`Surname`,`added_date`,`user_type`,`email`) VALUES 
 (655,'H60','e3b10739290612b1c426aedae9efa72b','Deepisala M','',now(),NULL,NULL),
 (656,'H61','7eb6174cb3333b6d79aa80843fcfae92','Reshma R','',now(),NULL,NULL),
 (657,'H62','1aeb5e5c0cd1cdd49bed046441e66a64','Muthuganesh M','',now(),NULL,NULL),
 (658,'H63','e86bf1ecb7ed95db1c1b0bbb2ef79a75','B.S. Prakalaya','',now(),NULL,NULL),
 (659,'J1','71996496f21a3e4ac0dc12f35b113128','Anirudh Narayanan A.','',now(),NULL,NULL),
 (660,'J2','0e701a9701dfce5d4a6cfc71e9639270','S Masooda Fathima','',now(),NULL,NULL),
 (661,'J3','75425325000b95ef1e5995d42221f82e','Sangeetha.B','',now(),NULL,NULL),
 (662,'J4','d0b5530ff674d772a245d0df3212093c','A.Nithya Sree','',now(),NULL,NULL),
 (663,'J5','d916a900b34df307448b801e5f132f3b','Bala Barathi. V','',now(),NULL,NULL),
 (664,'J6','0dd7c4c4a7127f0bed37b99d0811cd4f','A.Nanthini','',now(),NULL,NULL),
 (665,'J7','baed24486df22aa1ca3aec8a88857079','Santhiya M','',now(),NULL,NULL),
 (666,'J8','20f9ebeaad2b114617edeea5e32f71e4','Thilagavathy R','',now(),NULL,NULL),
 (667,'J9','08f6ea928e0e29f229c1cc9c22e20387','Keerthana R','',now(),NULL,NULL),
 (668,'J10','8e261b17ffc901ea2d64f47e55d68337','Divya R','',now(),NULL,NULL),
 (669,'J11','81dc75d9ff74f5bd3545a1f126cb3bb0','A. Shree Raghavan.R','',now(),NULL,NULL),
 (670,'J12','132561a728bcdc24b42b2f59ad812af3','Anandhakumar.B','',now(),NULL,NULL),
 (671,'J13','3f5f985512fb0f5138c6094209ef917d','Pavithra. R','',now(),NULL,NULL),
 (672,'J14','52f7f752831f73fcd6285f9551465d2e','Keerthana S','',now(),NULL,NULL),
 (673,'J15','fed04fb62c2a34d75555dae502725904','Uma.A','',now(),NULL,NULL),
 (674,'J16','c9ead8f08bada12e8145f6fbd898cccf','Ramya G K','',now(),NULL,NULL),
 (675,'J17','c901dea7ef35e309b58b8a15981852e4','Gowridevi V','',now(),NULL,NULL),
 (676,'J18','20476fe61d6a634807a96bde04c40e5f','Mohamed Aboobacker K','',now(),NULL,NULL),
 (677,'J19','24881c77292b573a16f502422d69c63b','Rushika Sri.D','',now(),NULL,NULL),
 (678,'J20','b1f4d6d368323a1c2a5d1486e52287dd','Sowmya Radha S','',now(),NULL,NULL),
 (679,'J21','3221abc88121b6a665a222386ce19f16','Swetha J','',now(),NULL,NULL),
 (680,'J22','99410bf0a71144a052ebce97d6a33744','Monica Seles K','',now(),NULL,NULL),
 (681,'J23','c081dffe7a4606425a1d502ef6c2722d','Suvetha. N','',now(),NULL,NULL),
 (682,'J24','3fa2cca20de335da02b842ecd11b3782','B.Sree Arthi','',now(),NULL,NULL),
 (683,'J25','d7ac2c137dcf5a97620a2f6b46ed7687','Dinesh V','',now(),NULL,NULL),
 (684,'J26','b8223efd08f1121cd919e1d2191dc893','Lakshmi Priya S','',now(),NULL,NULL),
 (685,'J27','464282df9f0de8de180b84e0a7f6631a','Suryanarayanan.D','',now(),NULL,NULL),
 (686,'J28','548a98e3ee757b16210eec173d97ea30','A. Sherly Keats','',now(),NULL,NULL),
 (687,'J29','5aa9a93099d8cffe97e8c5806fc35085','S. ANANTHA KRISHNAN','',now(),NULL,NULL),
 (688,'J30','fedcd7e33985013d1c5b23bb64468d94','V.Amirthavarshini','',now(),NULL,NULL),
 (689,'J31','a2de1bf4670d9479ea599e9793dd39af','Yazhini.V','',now(),NULL,NULL),
 (690,'J32','d8f02ba633be09878e521f8a34f7b23b','Rajakumari','',now(),NULL,NULL),
 (691,'J33','45c377a0d0050d846b331f0db44c32c0','R.K. VIGNESH','',now(),NULL,NULL),
 (692,'J34','42271ab603749f5ad18b476f293e9688','A.Shri Lalitha','',now(),NULL,NULL),
 (693,'J35','bc3d984e75f4cbcdd5d819f5f8b6236a','SAI KUMAR M','',now(),NULL,NULL),
 (694,'J36','9f31cb8cb3dda1e14169c5de1f2888d7','Aarthi. S. G','',now(),NULL,NULL),
 (695,'J37','2e80386ecaf7c8d20d4b10f3dfdabc1e','BRINDHA.P','',now(),NULL,NULL),
 (696,'J38','e040e8d90a0f0505e8c8cd52d9a3133f','A S RESHMA','',now(),NULL,NULL),
 (697,'J39','2c6e62b5c5059f0e783876a240f2e845','Ananya A','',now(),NULL,NULL),
 (698,'J40','eb94cb8c4db328758eeae4a26e351bca','Malathy. N','',now(),NULL,NULL),
 (699,'J41','df1775f965ac3ec09c35e865f63bca14','Ruba Devi. N. T','',now(),NULL,NULL),
 (700,'J42','e2ac2d20142b0bde5d67cbe58f41d9b6','JEEVAKUMARAN G','',now(),NULL,NULL),
 (701,'J43','d51a253ad2f6c1f3674ae803eb708d0d','Akshara Su','',now(),NULL,NULL),
 (702,'J44','75a2a8ead0fa225ac9ffc736089fd53c','GAYATHRI DHEVI G M','',now(),NULL,NULL),
 (703,'J45','74b71cd5af00b0f1f3b0df1b5ee6fb2d','R. SRIVATHSAN','',now(),NULL,NULL),
 (704,'J46','8149391b7f44bcfa6cdd7ba1e292fde8','M KAVIYA','',now(),NULL,NULL),
 (705,'J47','48f7f0809c880f0722c83e58cfc2768c','LEENA V S','',now(),NULL,NULL),
 (706,'J48','8df0438dd147db7e143da8390ae56b9d','JAYASHANKARI R','',now(),NULL,NULL),
 (707,'J49','d26b3c1fafe3eb798c014a644dcfe5ef','POOJA K','',now(),NULL,NULL),
 (708,'J50','8d6ba1b22aaaa27eb399d06074f51d08','ARUNIMA P M','',now(),NULL,NULL),
 (709,'J51','73ceda3a731d2679d3458a2c1c5410da','N.Sruthi','',now(),NULL,NULL),
 (710,'J52','c90c2ff1db5dd19d76e758ee61f9fee2','Charumathi J.J','',now(),NULL,NULL),
 (711,'J53','bfc67ef18e39dc8106684b8ce964f162','Dhivyapriya B','',now(),NULL,NULL),
 (712,'J54','38caaecd03e996df7c3deaa492cf9a18','Livitha A','',now(),NULL,NULL),
 (713,'J55','25bd149c498a4123d1b2915fab9d4baa','MALLIGA.P','',now(),NULL,NULL),
 (714,'J56','e952654b26198cbffe4b80ccb2210573','Abhi A','',now(),NULL,NULL),
 (715,'J57','b787475a2d65f129ce949e8d37d21a28','Hemashri.A','',now(),NULL,NULL),
 (716,'J58','3a357a469e53027b45167556f7feea98','Pavatharani.m','',now(),NULL,NULL),
 (717,'J59','ee16097e10f3918574a7481032cf9bb0','Bharath Kumar .S','',now(),NULL,NULL),
 (718,'J60','8cf6c3f86f8a5507136af373d233105f','S.Meera Jasmine','',now(),NULL,NULL),
 (719,'J61','6106202fda492a7abb4ab52bcf227359','Harini.R','',now(),NULL,NULL),
 (720,'J62','2219a1cad72ef7d93f108c74715b152c','Hemalatha D','',now(),NULL,NULL),
 (721,'J63','bd410e60f4466573b31a179d31c57d37','S.Sandhya','',now(),NULL,NULL),
 (722,'K1','2781a3699ab85ea1575ca906f808e40e','Dhanush. B','',now(),NULL,NULL),
 (723,'K2','f035c5e710b3ac337856154eac5c8eb4','Ganesh B','',now(),NULL,NULL),
 (724,'K3','04d5bb3e5f1dd70812bbf29f8955fcdc','G.Meenakshi','',now(),NULL,NULL),
 (725,'K4','2af459528e100f2d2dbc822276cba551','C. E. Giftlin Sheril','',now(),NULL,NULL),
 (726,'K5','2fe1939f083ba03cb82022a38a283ac7','Harshaa. V','',now(),NULL,NULL),
 (727,'K6','89cc69b0e2f1949b68e0df61cc6afc45','Manigandan T','',now(),NULL,NULL),
 (728,'K7','bfee71a6e7804643054597197716221d','Yaswanth K','',now(),NULL,NULL),
 (729,'K8','5ecf3eed549c631b435a13f733c9305b','Gayathri S','',now(),NULL,NULL),
 (730,'K9','0660d522e8cd3277518b9939c69e89b1','RESHMA.S','',now(),NULL,NULL),
 (731,'K10','6e3f12466dbc952b52983465850c7a74','HARISH.S','',now(),NULL,NULL),
 (732,'K11','4cf9e94d8ac872efc8aee931efaa54dc','VEDA PRAKASH .J','',now(),NULL,NULL),
 (733,'K12','370b857440c031ae0d3d1a165d2c6943','Divya.k','',now(),NULL,NULL),
 (734,'K13','f1902c8212c7846f7c32b4c2e4df0a95','S.YUVARAJ','',now(),NULL,NULL),
 (735,'K14','8ebf0558181fc8245b8899c734135823','Gayathri M','',now(),NULL,NULL),
 (736,'K15','24ef572c612f54015cc2f30e3c7e4c81','K.PRASANNA','',now(),NULL,NULL),
 (737,'K16','12ff70399a0e1f650d27ed9cf135ff4d','VIGNESH R','',now(),NULL,NULL),
 (738,'K17','fd50ab0af2b68ca24453598d80e5aed2','manimegalai','',now(),NULL,NULL),
 (739,'K18','e6a684d540670bed149eee6a1c0c4a9a','S.Saranya','',now(),NULL,NULL),
 (740,'K19','e9692a8835acc0bdabe5a06accec7d3b','MUKESHWAR.R','',now(),NULL,NULL),
 (741,'K20','74ca7e400af4921fa96ff8108101ddda','S. CHIRAAG JAIN','',now(),NULL,NULL),
 (742,'K21','91ffc5cf8095cede0c93dccb4786a7d7','Jayaa shri Y','',now(),NULL,NULL),
 (743,'K22','d91d432ba02b93aa1799ba9647ee8d5c','Aswin','',now(),NULL,NULL),
 (744,'K23','234fe81e8c412d227c71ca25d13ab09b','Mithun m','',now(),NULL,NULL),
 (745,'K24','b9a61fe8a05615510e2f985199976310','A.Thilak Balaji','',now(),NULL,NULL),
 (746,'K25','2ddfbb9a7ce1c461fb61977d8af9ca78','Kishore S','',now(),NULL,NULL),
 (747,'K26','8abd6185d7ccba502480917db3dd5e36','AJAY K.M','',now(),NULL,NULL),
 (748,'K27','4b7b31f8beedebd35f7b9df03379b9bc','Abinash.V','',now(),NULL,NULL),
 (749,'K28','b0bbc0383a1ed3c45c3ebe0500f95216','Hemanth V','',now(),NULL,NULL),
 (750,'K29','2d7e84392f676a1eb1786507e89bdb96','Santhosh kumar V','',now(),NULL,NULL),
 (751,'K30','e3b0d7e42aefef89bac7d05697af9eb5','C R Ram Monish','',now(),NULL,NULL),
 (752,'K31','58438d59b3134c3c2745183385167056','Jagannadhan mv','',now(),NULL,NULL),
 (753,'K32','d8326dab540284d239582726856a6e3d','vishal S','',now(),NULL,NULL),
 (754,'K33','a85779003304acd0282f3fbefd6243cc','BLESSED SAMUEL A','',now(),NULL,NULL),
 (755,'K34','9f57d13a84305d23079e89527966007d','N.Hari shanker','',now(),NULL,NULL),
 (756,'K35','faa06a0d4a5d626ebd0f1301fb8d73cd','Gururaghav P','',now(),NULL,NULL),
 (757,'K36','15768a72d02d893f32ace69b5fab5643','Monika. R','',now(),NULL,NULL),
 (758,'K37','b68d163bb34201d91661c2ecd40d73d2','Jai adithya ram kumar. P','',now(),NULL,NULL),
 (759,'K38','9b5e022100ba0dedad24bb8560e2b6b6','Mukund M','',now(),NULL,NULL),
 (760,'K39','fe4dd1c3b8e374171234c089d5c5b5b3','US Vishalragav','',now(),NULL,NULL),
 (761,'K40','3a2ce2f195085a9ecb12159573844595','Abhinaya P C','',now(),NULL,NULL),
 (762,'K41','1cdd7d8e4c63efcc88cc6f65a69aa6a4','Madhuvanthi M K','',now(),NULL,NULL),
 (763,'K42','94e8d5102e774c744ce22bbc649f29c4','K R Tejashree','',now(),NULL,NULL),
 (764,'K43','2df5e93cd19e2e599cb4ea878c4c4522','Affraa S','',now(),NULL,NULL),
 (765,'K44','299b51e8e8a69f3596419e16fc7443bc','P Neeshanth','',now(),NULL,NULL),
 (766,'K45','ac3745661adb311c31848a810268791a','Anjana R','',now(),NULL,NULL),
 (767,'K46','fded044ee1718adade88a5db572ff56f','R Sriharinandan','',now(),NULL,NULL),
 (768,'K47','b3b66b97edfb739abbbebc04611d1bc5','Lekha R','',now(),NULL,NULL),
 (769,'K48','401badf02c9224140849904c3b77ba4a','Krithika K','',now(),NULL,NULL),
 (770,'K49','837d354a85df6eb4711a830f97ac4af3','Nandidha G','',now(),NULL,NULL),
 (771,'K50','ae3c75ad2dd4586611fd83cc4f074a1c','Charanyeyan S','',now(),NULL,NULL),
 (772,'K51','379bfeb3093aa512fdfde2c2e9f3bddc','Subhika M','',now(),NULL,NULL),
 (773,'K52','af1e206a381903c73017c266d6ba3f59','Savitha Sri P B','',now(),NULL,NULL),
 (774,'K53','31d310da170650c601ed8a01e20e009a','Tejesve S','',now(),NULL,NULL),
 (775,'K54','80023ddb2410720c2f12d067e0fea1f7','Boomigha K','',now(),NULL,NULL),
 (776,'K55','5d366e94d9ec70ae782dcd1bcd3f3732','Sarvesh Chandar','',now(),NULL,NULL),
 (777,'K56','d217186449557ed403c7546e755f10b3','Lakshmipathy S','',now(),NULL,NULL),
 (778,'K57','48bdf7e1fb843a57f1080b4037bed30f','Logesh V','',now(),NULL,NULL),
 (779,'K58','7ba4889fbfb5c8dff45bfb67d1d1de4a','Dheekshidha K S','',now(),NULL,NULL),
 (780,'K59','303b3ea2f9b0c22ad24c1e2fadf6df4f','B Srilakshmi','',now(),NULL,NULL),
 (781,'K60','91e64684b1a9b515adc4b03e27b674ea','Aarthi S','',now(),NULL,NULL),
 (782,'K61','32c8928c8dee74756b6a56f5cd184a04','Sarankumar.K','',now(),NULL,NULL),
 (783,'K62','e0ccc6f227618b7cfe222e84ca6649d0','Sreeja','',now(),NULL,NULL),
 (784,'K63','a7c6b4ca8b301a734273fbff7a6e7404','Abhinav Praveen','',now(),NULL,NULL),
 (785,'L1','69a1eed464ea0ebfabaecac2b3bb3958','SHYAM. R','',now(),NULL,NULL),
 (786,'L2','5b4329108baaa9ab6080bce362995075','SAKTHIVEL B','',now(),NULL,NULL),
 (787,'L3','7200b38706a1c9c19fe693f048b3dcdc','GUHAN.L','',now(),NULL,NULL),
 (788,'L4','c72bfcbfc3f11b50a35d1b384ed79ca9','TARUN J','',now(),NULL,NULL),
 (789,'L5','64dea3c17f14784c6edaee4efbce4b46','Sharan','',now(),NULL,NULL),
 (790,'L6','59a4a3871c58a35f4bd0b40fe1152ae0','Akash k','',now(),NULL,NULL),
 (791,'L7','47536d338bbe12ff77bc3719faf4eeaa','Kathirvel.G','',now(),NULL,NULL),
 (792,'L8','146f5caac39d8f7f8c4b042a3aee36d9','LIBICA P','',now(),NULL,NULL),
 (793,'L9','432094be85d8f7465a9e4ae5a01969e8','Latesh S','',now(),NULL,NULL),
 (794,'L10','c269c04b6e3c2f6174923ed402ed6d38','Abinaya. A','',now(),NULL,NULL),
 (795,'L11','419d62ba7f2049f43b4a41e7a88c3832','Gopi M','',now(),NULL,NULL),
 (796,'L12','8d1154d4809b3b15ed79d842265bb000','Jeevitha. B','',now(),NULL,NULL),
 (797,'L13','19a60c0d0a561138e5cfd083b4274a4d','S.L.NITEESH','',now(),NULL,NULL),
 (798,'L14','66339d145f6059e544d2873941b3d1c4','Srivarman.V','',now(),NULL,NULL),
 (799,'L15','474b2077637a01f286dc253875f6f6e0','Rithika. S','',now(),NULL,NULL),
 (800,'L16','0948de1a97fb74cbe2006177d1df3356','Srimathi P','',now(),NULL,NULL),
 (801,'L17','1357794eef850e848b89705a4bd58ff7','R.Ashok Kumar','',now(),NULL,NULL),
 (802,'L18','ace90b6dc84950c21261dc7f285cc1f4','M.Thrisha','',now(),NULL,NULL),
 (803,'L19','0306089d5785a567aa4887d1ab90be76','Nithya shree R','',now(),NULL,NULL),
 (804,'L20','aef025b44372702c1a85a486fa8dd796','D.M.ROSHINI','',now(),NULL,NULL),
 (805,'L21','df62ca787b6a51b766b08fe43d391d6c','B. Mohit Sharma','',now(),NULL,NULL),
 (806,'L22','65180ad7698e1920d9774c6c758ff431','VIGNESH L','',now(),NULL,NULL),
 (807,'L23','d0d9d94a82635a4fd29dacea2c61d0d0','G.swetha','',now(),NULL,NULL),
 (808,'L24','fba7693310422f9bda43b71618de2c0b','S.Yuvashri','',now(),NULL,NULL),
 (809,'L25','1dc2d3cba6f09210562ffdfa0ee436ef','Madhan R','',now(),NULL,NULL),
 (810,'L26','d21b576f4c8d4d7ef32213e17c9f0f44','BALAJI. S','',now(),NULL,NULL),
 (811,'L27','2a8fe1e7d4a6d4192fff00027abf9b38','VIJAY S','',now(),NULL,NULL),
 (812,'L28','851ae753e3cb8fed9fb481b64d83a093','G.Amar nath','',now(),NULL,NULL),
 (813,'L29','5141db3acb51f500018906b1f5b7a4c0','V.Vignesh','',now(),NULL,NULL),
 (814,'L30','6ad1c3e82e7da83f10df9e8bc26a4b84','C D BASKAR','',now(),NULL,NULL),
 (815,'L31','342828c1cf48ce68c003a14900021132','Harish B','',now(),NULL,NULL),
 (816,'L32','4cda1d18c0409c29d1cb2a241d8ab827','HariPrasaad R K','',now(),NULL,NULL),
 (817,'L33','c1ac6fa4c1644b60f45ea386f3409442','Harish Narayan. S','',now(),NULL,NULL),
 (818,'L34','f64524bf1990a95a8f91f70bbca86468','Ilakkiya.B','',now(),NULL,NULL),
 (819,'L35','e4477bd852debd5aae38591eab6bb48f','Madhavan','',now(),NULL,NULL),
 (820,'L36','7f52ebc31f9aaf0f933799f6ef337dcb','RAVI PRAKASH M','',now(),NULL,NULL),
 (821,'L37','cb5e246b359764c71dabe6611d438fc8','Asish Kamalnath G','',now(),NULL,NULL),
 (822,'L38','f8de75d5cfafe66c6f42bcc9567c86fb','KEVIN JOSHUA','',now(),NULL,NULL),
 (823,'L39','1d534ae059f18200da33e2a5f67275f7','T SANTHOSH','',now(),NULL,NULL),
 (824,'L40','61ab4375dced27a46e74be9cb2a67caa','Monisha','',now(),NULL,NULL),
 (825,'L41','e161a67d4831560978e85826a3c503ad','Bala murali.P','',now(),NULL,NULL),
 (826,'L42','8da386d437d8f9d77100915211a709c9','Hiteshgourd','',now(),NULL,NULL),
 (827,'L43','b5f6374db247f5946444321f9686d216','Shree Balaji','',now(),NULL,NULL),
 (828,'L44','bd89a7e62c540a05a61332319c589ed2','Deepak S','',now(),NULL,NULL),
 (829,'L45','1a18c0131bf3f8527380068b8497c506','Dharshini','',now(),NULL,NULL),
 (830,'L46','fcbb34085158483791b74243d5e7c2c5','Punitha','',now(),NULL,NULL),
 (831,'L47','5e1102ecd8f7e852cd33b9f251a9f930','Maalavika','',now(),NULL,NULL),
 (832,'L48','c71cd0f002f8e2f979b9d7d6039cb7c2','Pavan Kumar','',now(),NULL,NULL),
 (833,'L49','00e10683154274f852eafe114ffdd5d3','Anadhakrishnan','',now(),NULL,NULL),
 (834,'L50','d8e878d4f66d0c8611e84cfd409ca247','Barath kumar.K','',now(),NULL,NULL),
 (835,'L51','462f1d653ba877edc5168741b0c30e9c','Srivarshan.B','',now(),NULL,NULL),
 (836,'L52','e6340fb871cd76e26a8ec71bf1d14a5b','Sivakishore A.S','',now(),NULL,NULL),
 (837,'L53','97d1c8292a27b67e5b424bf23633874e','ESHWAR R S','',now(),NULL,NULL),
 (838,'L54','c453246dc559811f059729bd9b273033','Hari haran.V','',now(),NULL,NULL),
 (839,'L55','230f76e2860232d48fe1404c49b5cfd8','Asha ayyanar','',now(),NULL,NULL),
 (840,'L56','2c070e073fc8d69e5c46d4330a81750e','Devadharshini.G','',now(),NULL,NULL),
 (841,'L57','73291a3bd6de084d6014dccae48ab8ec','S. ANANTHI','',now(),NULL,NULL),
 (842,'L58','64125a156b51ed6bcf7f1a66a85d6889','Janani Gr','',now(),NULL,NULL),
 (843,'L59','5dcdda7e0c6621ff1869d47ca7171716','R.Yuvanshankaran','',now(),NULL,NULL),
 (844,'L60','de7ff92e8b2febaa153abc5513719c5f','Vinoth.S','',now(),NULL,NULL),
 (845,'M1','d3a8f27db9a415ad30804cf3de960ebb','TRIBUVAN G R','',now(),NULL,NULL),
 (846,'M2','f5b44b27ad2bece86d6f5349aa8b4ca5','J MONICA','',now(),NULL,NULL),
 (847,'M3','099ab1e192a352c58bf22c7e222f8b0d','J JAYAKANTH','',now(),NULL,NULL),
 (848,'M4','190e21434ee7bc2ba6782584059e0aa0','Ashwin K','',now(),NULL,NULL),
 (849,'M5','f2f92d5df1776cb42646ebaa6b246e54','PRAVEEN R','',now(),NULL,NULL),
 (850,'M6','81365a6a6d6b2ccaa50af0d9d6a782dd','Sumeesha T','',now(),NULL,NULL),
 (851,'M7','ccfe26118c82689ebb9434a6019ae005','Mohanapriya.V','',now(),NULL,NULL),
 (852,'M8','77fc9d5af05a6f4c1acb2338b0899c3c','Yuvashree','',now(),NULL,NULL),
 (853,'M9','721a5c43671883b24378bcad709997ed','Kaviya DC','',now(),NULL,NULL),
 (854,'M10','6af639902c643bf9107afec93b5a7094','Kalyan Kumar .v','',now(),NULL,NULL),
 (855,'M11','fdcc929829fe8fbdec50ca1f6280d9a4','NIRANJAN PRASAAD RG','',now(),NULL,NULL),
 (856,'M12','dda7584d8fd6e8b5a23c7fabae644218','Srinath S','',now(),NULL,NULL),
 (857,'M13','4637a1881cd754eacc483e410b014487','Akalya','',now(),NULL,NULL),
 (858,'M14','d8dc7125adbaa100cc093ed4589b7601','Monica.S','',now(),NULL,NULL),
 (859,'M15','392e1940ecd3f28c7bdb33ad7cfa1de5','Aravind B','',now(),NULL,NULL),
 (860,'M16','2b1a3ca3bd9a5bb0bc8326ce157df4a2','Raahulraj S','',now(),NULL,NULL),
 (861,'M17','073a8ec7dfe5fe7a1d475ff45e7f3b67','Mohamad Arshath','',now(),NULL,NULL),
 (862,'M18','71a38132880a0a9b49e801bd511dca15','Neroshan','',now(),NULL,NULL),
 (863,'M19','f6ffaf7ad21a339c9b5625093ef4e937','KIRTHIKA S','',now(),NULL,NULL),
 (864,'M20','0af317235d0edd1cd87ee4316ca3bc6a','S.SURASH KUMAR','',now(),NULL,NULL),
 (865,'M21','faa30884b53428a2337b31c4de685dec','Akash selvan K','',now(),NULL,NULL),
 (866,'M22','d89e1e50236f84581cfbd210439e6af7','Vinoth.R','',now(),NULL,NULL),
 (867,'M23','2458ef6831c6fcc9714a06a98766332f','M.Srivardan','',now(),NULL,NULL),
 (868,'M24','05b131e3964cd0f8676e40ce0f2cf6f6','Sankhesh Jain','',now(),NULL,NULL),
 (869,'M25','0874386808d288f7991c0131adf113b3','Grandhi Abhinav Gupta','',now(),NULL,NULL),
 (870,'M26','621d707b658958c6cee3959e6b1326e7','srinithy','',now(),NULL,NULL),
 (871,'M27','0850afcaeedf9f9168bbcc32bfad731e','K.kishore giri','',now(),NULL,NULL),
 (872,'M28','a474c2b7796b59d384a53d9ba0059a1e','K.Gayathri','',now(),NULL,NULL),
 (873,'M29','86444f7193ded034b09bba1a9bf6a023','R. Siddharth','',now(),NULL,NULL),
 (874,'M30','e10333dea51949a40139be240a5cbb27','Vishal.E','',now(),NULL,NULL),
 (875,'M31','fec5115f31c6b6076ade3fe6bc853eb0','D.Manav kothari','',now(),NULL,NULL),
 (876,'M32','fedd4c5dc015d5feaa6a106b878df2ad','Jinish S Jain','',now(),NULL,NULL),
 (877,'M33','8ea6fe4e0892d590b25640ff718dc3ff','NARESH KUMAR','',now(),NULL,NULL),
 (878,'M34','9ba45340532fbacaaabcb2450d5c229c','Dhanush Suriya. L','',now(),NULL,NULL),
 (879,'M35','28a3b974f77f16bd92d22783a3cb37eb','Anush chandak','',now(),NULL,NULL),
 (880,'M36','58490899460bd9b8151e6a15e8929193','Darsh R Bafna','',now(),NULL,NULL),
 (881,'M37','c60e521794742f9f3ca2429d2f0f6998','Tilak Sharma','',now(),NULL,NULL),
 (882,'M38','712275b5f057b633ee03b8ab3cfff6e9','Mugesh kumar K.R','',now(),NULL,NULL),
 (883,'M39','89323f2d31c70da2db940bee235aa836','Harsith s','',now(),NULL,NULL),
 (884,'M40','bc9d49aef881e28c5f9b0cd4b2a3c1f9','Bharath S','',now(),NULL,NULL),
 (885,'M41','b498336893e6f6dce0cf0b55e327c158','N.S.Reshwan lal','',now(),NULL,NULL),
 (886,'M42','e6cf0b7e335a5d72761206aa1515074a','B.Rahul','',now(),NULL,NULL),
 (887,'M43','5080fd517ba16a60c1190dd62b52958f','Sunita Baug. S','',now(),NULL,NULL),
 (888,'M44','911561c64409abb442a145698d60af3a','Prishna S','',now(),NULL,NULL),
 (889,'M45','860536e67a1d247dbec3e1e214c1d8e0','Sanath Mahendra Pujari','',now(),NULL,NULL),
 (890,'M46','84e1f54309ab9ecd74c62ecf37305c38','Baranidharan.s','',now(),NULL,NULL),
 (891,'M47','38db2b823554e5dbf0aa667ac8961779','D.Vijay','',now(),NULL,NULL),
 (892,'M48','e34bcf4db01a54caab3fe92f1e1c7e8a','Lingeshwaran .T','',now(),NULL,NULL),
 (893,'M49','dc7bc6117c94a3931b193319dcaf3b32','Oviya S','',now(),NULL,NULL),
 (894,'M50','35ac8fd1621ecb5cf88780dbb3f457ca','Kumaresan P','',now(),NULL,NULL),
 (895,'M51','566ee4800b4b7acad0af63b328b037a1','Srinivasan. B','',now(),NULL,NULL),
 (896,'M52','1c2a076560091275fb68f86d11180524','Kamesh.v','',now(),NULL,NULL),
 (897,'M53','303c5c560448092c2c5f9a2171f15914','Mithun kumar','',now(),NULL,NULL),
 (898,'M54','d2bdf3a66ef0c94d9ebbde2ca1cc8117','viyanka','',now(),NULL,NULL),
 (899,'M55','7688b60b67280d89b3024ec4accb6b92','manu prasad','',now(),NULL,NULL),
 (900,'M56','435089f6780aabc30b3492fecd09d572','Parathick','',now(),NULL,NULL),
 (901,'M57','5e61dfc4d7a7e47f993fd91173bc215a','Rahul kamesh','',now(),NULL,NULL),
 (902,'M58','a3dc06d06cf7b2bbb7c83d793ca5c4fb','Praveen Kumar R','',now(),NULL,NULL),
 (903,'M59','e74110c67e3f6ee56ccbf153aefb95be','Sangeetha.C','',now(),NULL,NULL),
 (904,'M60','734122a8333bb69429597d75eab6a0c0','R. Swetha','',now(),NULL,NULL),
 (905,'M61','1048b207b759e832e28f403ad42b8625','Nandhini. V','',now(),NULL,NULL),
 (906,'M62','71d4fd9682fca982a564f57ddcd8fa1c','D.Harini','',now(),NULL,NULL),
 (907,'N1','201f1e3d6af6b3785375d8d311cbb414','VS Tarun','',now(),NULL,NULL),
 (908,'N2','75afca7825447118acb5fa9092e27f77','Sanjay Kumar.S','',now(),NULL,NULL),
 (909,'N3','2d49b94fe6cc64b44bba402b7c10235a','PAVAN PRASAD V','',now(),NULL,NULL),
 (910,'N4','73a36e63bcd4438b5198ee59f5a07604','ROHITH.M','',now(),NULL,NULL),
 (911,'N5','3ef9218af91416a04eeb523fadf1a518','P Madhavan','',now(),NULL,NULL),
 (912,'N6','f7f91d391ae39c029300f49ae48f3298','Avinas','',now(),NULL,NULL),
 (913,'N7','dbdfa7c9a257bf6975bc28a1cb4c1f35','Dayanesh','',now(),NULL,NULL),
 (914,'N8','6c6f227dcb4b8f7e307c54cffc793284','S.NITESH JAIN','',now(),NULL,NULL),
 (915,'N9','6a4d578810be62ad7cc6bff237c4529a','K.S.PURUSHOTHAM','',now(),NULL,NULL),
 (916,'N10','5904d53a92614a5507822ff2f0bb24b5','Priyadharshini.R','',now(),NULL,NULL),
 (917,'N11','6d9b6cde00c108cca6d1857f3a71604e','Siddarth.R','',now(),NULL,NULL),
 (918,'N12','64a0f2f43131a6bd5c6144ac80e7b787','JAI KARTHIK PG','',now(),NULL,NULL),
 (919,'N13','541e8655a7d9ea642535a3193b38eff1','R GOWTHAM','',now(),NULL,NULL),
 (920,'N14','d1741eecd3f0c53d29518f1732727c9f','Deepthy. N','',now(),NULL,NULL),
 (921,'N15','3bf104fc55892c60fa0531a01e4ebe94','Adithya Amrutrao Gaikwad','',now(),NULL,NULL),
 (922,'N16','a11303f3e804fe6950ff8c994cd1ac2f','S Kethan Rao','',now(),NULL,NULL),
 (923,'N17','40c56b7da2200759ac5c749fa26a087e','Prakash Kumar C','',now(),NULL,NULL),
 (924,'N18','1b40f59a7d10195fff101ea0f75f8f03','M Vishal','',now(),NULL,NULL),
 (925,'N19','0c5f7359bb8715cc2c46201cfed6ad9b','Siva Kumar S','',now(),NULL,NULL),
 (926,'N20','ce1b4b028e83edc8cc77158bf95309b4','Lalith Kumar M','',now(),NULL,NULL),
 (927,'N21','8d7c5587c2daebef89e2f4cb40de3b83','Advaith','',now(),NULL,NULL),
 (928,'N22','31b78a4068a9314b4c05f5fa477ebf3c','R Harish Ragavendar','',now(),NULL,NULL),
 (929,'N23','fe46ea669c92dc4ca26ef8ecef64901c','Deepak Muralidharan','',now(),NULL,NULL),
 (930,'N24','67fa0cad3cb2a08d411809b779225446','Janani.S','',now(),NULL,NULL),
 (931,'N25','e381cbd87d579428847e3b8170282879','Harini.S','',now(),NULL,NULL),
 (932,'N26','baba47270c25e874ab7067fa5284da80','Jayashree. R','',now(),NULL,NULL),
 (933,'N27','6f4b8dff9d4a3c9584df52df311b357e','Sridevi. A','',now(),NULL,NULL),
 (934,'N28','9c1604c2a61f5c0a04827241dbec1238','Abhishek Mani','',now(),NULL,NULL),
 (935,'N29','83977194c4e11a87fe39cd3b79b484b9','Naresh Chowdry. S','',now(),NULL,NULL),
 (936,'N30','d998a9881214b79aa613e2bd438d075d','Vasanth Kumar S','',now(),NULL,NULL),
 (937,'N31','2a4844781b0af9361ef31ad1d98dd0b2','Firdus A','',now(),NULL,NULL),
 (938,'N32','ca56b8652e3ce0c04044b0abb6fd9350','Ayush singhi','',now(),NULL,NULL),
 (939,'N33','8a119d551e303712335ee331855c5d64','GOWTHAM P','',now(),NULL,NULL),
 (940,'N34','7ebff3bbba99ea44c103516332ec40ff','Gayathri S','',now(),NULL,NULL),
 (941,'N35','3c50af9371dd0e3f3a3830e7fe051c5d','Divyadharshini.s','',now(),NULL,NULL),
 (942,'N36','fab5916f701d5d464438c32bb638eacc','R ROHAN JOHN FREDRICK','',now(),NULL,NULL),
 (943,'N37','52d4146b6389214f9fd4c7932d83fd2e','John samvel P','',now(),NULL,NULL),
 (944,'N38','ee25d89d01d16aea08eb31d391813dda','S.HARI HARAN','',now(),NULL,NULL),
 (945,'N39','fc969769a637e3100ab6d4db98916dcc','M . Jasmitha','',now(),NULL,NULL),
 (946,'N40','e82d21c3693261d61dab7388cb676b8c','Suzanne Ameen','',now(),NULL,NULL),
 (947,'N41','3445530a382fe390189fab53a8732b03','Chris rock','',now(),NULL,NULL),
 (948,'N42','134daecefd8cb8c49d2d0ccdc6e2b3fb','Thilak babu.A','',now(),NULL,NULL),
 (949,'N43','1de17875ea41d02d709b4f0e15c3adb2','Saran v','',now(),NULL,NULL),
 (950,'N44','89b7b812a2926823bef407d7e081b6b5','SHRINIVAS N','',now(),NULL,NULL),
 (951,'N45','62f40baff0b3a59acdbfc7147b960187','Vignesh.M','',now(),NULL,NULL),
 (952,'N46','8b9102097c971d216331d167fbbadff5','Aswath s','',now(),NULL,NULL),
 (953,'N47','b8fd6cf72918e7c99977f81e4610e2e5','L.kinjal','',now(),NULL,NULL),
 (954,'N48','3d4b428be69c71e55f4155d846a741b1','P.Harsh','',now(),NULL,NULL),
 (955,'N49','c5b7c1a30f705f568be2751da5bb966a','Akshay V Harihara','',now(),NULL,NULL),
 (956,'N50','77f5b89a13d741846c7300ab8ca7ac6e','Ritish Kumar','',now(),NULL,NULL),
 (957,'N51','f37269e1c3ca4a860fc11ab55b748d5f','Elanthiraiyan.T','',now(),NULL,NULL),
 (958,'N52','a1fcb6d5ff67ef4c07e73024cc947320','Sujitha S','',now(),NULL,NULL),
 (959,'N53','72bd42915b37898cff2b5427111c4c6f','Vaishnavi S','',now(),NULL,NULL),
 (960,'N54','0164228360e226a63c2b43d08309058d','Jai Vishnu','',now(),NULL,NULL),
 (961,'N55','5bdcbbe4f8371b0492d22d2c45905118','Snega C','',now(),NULL,NULL),
 (962,'N56','abac6b793c1a2c058ad8eb028c48932f','Dharshitha V','',now(),NULL,NULL),
 (963,'N57','6acf491f8f78594d6548af893967bb8a','Siva Sarvesh','',now(),NULL,NULL),
 (964,'N58','fbb26b5d3ecf437580f6100b05a3da64','Monisha R','',now(),NULL,NULL),
 (965,'N59','5d2fcf699ef57655c140f2d05741ae4e','Shreenath B','',now(),NULL,NULL),
 (966,'N60','0962da37be6328a1dddecd70a752842b','Srijayanth P','',now(),NULL,NULL),
 (967,'N61','56160504f2db274654123954ecb8bea6','Vishwa Renganathan','',now(),NULL,NULL),
 (968,'N62','5b9941e237dc07434e67dcc81e389732','Vishva R','',now(),NULL,NULL),
 (969,'Q1','ac28d15a717749c213047431532ad06e','Uma Kathirvel','',now(),NULL,NULL),
 (970,'Q2','184981f688bf5b71337d4946bfc7c226','Pavithra R','',now(),NULL,NULL),
 (971,'Q3','4ed49775abc8353a1712bb3393dd98eb','Maadesh Kumar','',now(),NULL,NULL),
 (972,'Q4','6417f4ef8f500d0b5f9bb2871c890fbf','Varsha Mishra','',now(),NULL,NULL),
 (973,'Q5','88b270f42d41dbcdaf9c976b2ff4c826','Rohit Sharma','',now(),NULL,NULL),
 (974,'Q6','7485591cac504cfddfdb4d2722c8b1c2','Sakthi umadevi.B','',now(),NULL,NULL),
 (975,'Q7','46e39d3a4c6694ab5d186ccef514e7a3','Karishma Saini','',now(),NULL,NULL),
 (976,'Q8','3bc6918b2c03d8d18195fb17a762956b','S Krishna Kumar','',now(),NULL,NULL),
 (977,'Q9','c32a242015d74ce3f2361c7565294fc1','MURUGANANDAN.N.B','',now(),NULL,NULL),
 (978,'Q10','f50831bdad73e45a9412a9e8f378c139','Sangeethraj Hopper. S','',now(),NULL,NULL),
 (979,'Q11','0077585db1c8d33665e1561ff7b5e628','Santhosh Kumar.c','',now(),NULL,NULL),
 (980,'Q12','8ed42183f08e1c1fab38a874fc5bbe6d','Monisha. D','',now(),NULL,NULL),
 (981,'Q13','3dc57d233cf43682d6e87ccdf09ed81a','BHAVANA K','',now(),NULL,NULL),
 (982,'Q14','27d67972188165990f507cdce568c7f5','Akash prem B','',now(),NULL,NULL),
 (983,'Q15','78b60d64faf20032a1bb14f150367cbb','Lakshimi S','',now(),NULL,NULL),
 (984,'Q16','96dc8c50e31dbe38cb4df27af7fcbb6d','Abinaya P','',now(),NULL,NULL),
 (985,'Q17','e6ec8a1f4b242b7705aa75baa7534f0e','Govardhini.K.M','',now(),NULL,NULL),
 (986,'Q18','969a85d0802cd20c9dc3a447d521e33b','Mahakarthick k','',now(),NULL,NULL),
 (987,'Q19','6aa748fc7e513f6a1d70aa44eb4b33dc','Sushmitha M','',now(),NULL,NULL),
 (988,'Q20','97ccc6b792acb9dc233e935ffe755c15','Manjula L','',now(),NULL,NULL),
 (989,'Q21','1f0924249a7f58ff74adb5b0143c65b7','Kanthana K D','',now(),NULL,NULL),
 (990,'Q22','3c0e41c984fd196edd4cf03c252ba764','S SNEHA','',now(),NULL,NULL),
 (991,'Q23','c88674eff15454339cafb43613711352','Ashrutha Sharadha S','',now(),NULL,NULL),
 (992,'Q24','1ad12c3a86670271fbb89baa8335e739','Kaviya K','',now(),NULL,NULL),
 (993,'Q25','44657d22212dae2a1b0c005b2fc08d15','N.SANJAI','',now(),NULL,NULL),
 (994,'Q26','1b8003ae8123a136760db615227ccc41','Lokeshviswa M','',now(),NULL,NULL),
 (995,'Q27','d2bf8c3f19e7e0a5c7e68746d4dd99e5','ABIRAMI RAMANATHAN','',now(),NULL,NULL),
 (996,'Q28','e316a01d1277bac7fd328429aa9a2560','Pavithra.M','',now(),NULL,NULL),
 (997,'Q29','18f623e7af37788064d6e12ebe964d72','Vibhu P','',now(),NULL,NULL),
 (998,'Q30','cf4f4c65e7f00b6f8653f69543decb67','Srinath M','',now(),NULL,NULL),
 (999,'Q31','68a5ec4ba70a6386896d59e8e7056d7f','Megalakshmi M','',now(),NULL,NULL),
 (1000,'Q32','a4b82c495776797cdb0ab922188feee8','Ramya Priya B.K','',now(),NULL,NULL),
 (1001,'Q33','25242963a4b47a1bdff3201848feea3f','Yamini P','',now(),NULL,NULL),
 (1002,'Q34','7381b81cf95047bb7cd332ba4716dadc','Priyanka R','',now(),NULL,NULL),
 (1003,'Q35','d4ce20c6e2a0d754a80122699b3e2ea1','Sukanya R','',now(),NULL,NULL),
 (1004,'Q36','ed9cb76da31280b16f94114d191f0895','Harihara sudhan.G','',now(),NULL,NULL),
 (1005,'Q37','4efd929dedc3c782c2ea7783bb53275c','Chandramouleeswaran B','',now(),NULL,NULL),
 (1006,'Q38','585a4f0a927d87cc1ee10d1319c56adb','Prerana bagri','',now(),NULL,NULL),
 (1007,'Q39','8a47f797460775497ba596a91e934f69','Aswin R','',now(),NULL,NULL),
 (1008,'Q40','a392edb6110d1bc8ce811925c93e5939','Keerthi sree hashni M','',now(),NULL,NULL),
 (1009,'Q41','aec8179499e147c8e32abff35160706d','Sakthivel V.J','',now(),NULL,NULL),
 (1010,'Q42','d71de1c52d7afb63b28caf1510668086','Amrithaa B','',now(),NULL,NULL),
 (1011,'Q43','e4d8bfe36c5bb080b270199f7f8d6051','Kishore M','',now(),NULL,NULL),
 (1012,'Q44','704b46673412b61272e2e5e1ce1f15bc','S.Priyadharshini','',now(),NULL,NULL);
/*!40000 ALTER TABLE `users` ENABLE KEYS */;


--
-- Definition of table `v_imported_users`
--

DROP TABLE IF EXISTS `v_imported_users`;
CREATE TABLE `v_imported_users` (
  `UserID` int(11) DEFAULT NULL,
  `Name` varchar(250) DEFAULT NULL,
  `Surname` varchar(255) DEFAULT NULL,
  `UserName` varchar(150) DEFAULT NULL,
  `Password` varchar(150) DEFAULT NULL
) ENGINE=InnoDB DEFAULT CHARSET=latin1;

--
-- Dumping data for table `v_imported_users`
--

/*!40000 ALTER TABLE `v_imported_users` DISABLE KEYS */;
/*!40000 ALTER TABLE `v_imported_users` ENABLE KEYS */;




/*!40101 SET SQL_MODE=@OLD_SQL_MODE */;
/*!40014 SET FOREIGN_KEY_CHECKS=@OLD_FOREIGN_KEY_CHECKS */;
/*!40014 SET UNIQUE_CHECKS=@OLD_UNIQUE_CHECKS */;
/*!40101 SET CHARACTER_SET_CLIENT=@OLD_CHARACTER_SET_CLIENT */;
/*!40101 SET CHARACTER_SET_RESULTS=@OLD_CHARACTER_SET_RESULTS */;
/*!40101 SET COLLATION_CONNECTION=@OLD_COLLATION_CONNECTION */;
/*!40101 SET CHARACTER_SET_CLIENT=@OLD_CHARACTER_SET_CLIENT */;
